locationId,locationName,facilityId,facilityName,facilityType,distanceKm
loc_0,Mumbai,fh_37,Modernisation of Sassoon Dock Fishing Harbour,fishing_harbour,17.87
loc_0,Mumbai,fh_38,Karanja Fishing Harbour (Revised),fishing_harbour,19.44
loc_0,Mumbai,fh_40,Construction of Fisheries Fishing Harbour at Jeevana,fishing_harbour,63.89
loc_0,Mumbai,fh_44,Development of Fishing Harbour at Satpati,fishing_harbour,76.1
loc_0,Mumbai,port_00,Mumbai Port,port,16.09
loc_0,Mumbai,port_01,Jawaharlal Nehru Port (JNPT),port,15.39
loc_5,Chennai,fh_53,Modernization and up-gradation of Chennai Fishing Harbour,fishing_harbour,2.34
loc_5,Chennai,fh_56,Construction of Fishing harbour at ThiruvottriyurKuppam,fishing_harbour,10.71
loc_5,Chennai,port_05,Chennai Port,port,1.66
loc_5,Chennai,port_11,Kamarajar Port,port,18.18
loc_11,Navi Mumbai,fh_37,Modernisation of Sassoon Dock Fishing Harbour,fishing_harbour,23.46
loc_11,Navi Mumbai,fh_38,Karanja Fishing Harbour (Revised),fishing_harbour,15.71
loc_11,Navi Mumbai,fh_40,Construction of Fisheries Fishing Harbour at Jeevana,fishing_harbour,60.37
loc_11,Navi Mumbai,fh_44,Development of Fishing Harbour at Satpati,fishing_harbour,84.75
loc_11,Navi Mumbai,port_00,Mumbai Port,port,21.26
loc_11,Navi Mumbai,port_01,Jawaharlal Nehru Port (JNPT),port,11.88
loc_16,Thāne,fh_37,Modernisation of Sassoon Dock Fishing Harbour,fishing_harbour,33.85
loc_16,Thāne,fh_38,Karanja Fishing Harbour (Revised),fishing_harbour,31.95
loc_16,Thāne,fh_40,Construction of Fisheries Fishing Harbour at Jeevana,fishing_harbour,77.59
loc_16,Thāne,fh_44,Development of Fishing Harbour at Satpati,fishing_harbour,66.3
loc_16,Thāne,port_00,Mumbai Port,port,31.91
loc_16,Thāne,port_01,Jawaharlal Nehru Port (JNPT),port,27.51
loc_19,Rasapūdipalem,fh_01,Development of Pudimadaka Fishing Harbour,fishing_harbour,46.24
loc_19,Rasapūdipalem,fh_04,Modernization and up-gradation of Vishakapatnam Fishing Harbour,fishing_harbour,5.54
loc_19,Rasapūdipalem,port_06,Visakhapatnam Port,port,5.21
loc_33,Kalyān,fh_37,Modernisation of Sassoon Dock Fishing Harbour,fishing_harbour,48.23
loc_33,Kalyān,fh_38,Karanja Fishing Harbour (Revised),fishing_harbour,41.92
loc_33,Kalyān,fh_40,Construction of Fisheries Fishing Harbour at Jeevana,fishing_harbour,85.48
loc_33,Kalyān,fh_44,Development of Fishing Harbour at Satpati,fishing_harbour,72.14
loc_33,Kalyān,port_00,Mumbai Port,port,46.06
loc_33,Kalyān,port_01,Jawaharlal Nehru Port (JNPT),port,38.03
loc_34,Dombivali,fh_37,Modernisation of Sassoon Dock Fishing Harbour,fishing_harbour,42.39
loc_34,Dombivali,fh_38,Karanja Fishing Harbour (Revised),fishing_harbour,36.87
loc_34,Dombivali,fh_40,Construction of Fisheries Fishing Harbour at Jeevana,fishing_harbour,81.31
loc_34,Dombivali,fh_44,Development of Fishing Harbour at Satpati,fishing_harbour,71.03
loc_34,Dombivali,port_00,Mumbai Port,port,40.24
loc_34,Dombivali,port_01,Jawaharlal Nehru Port (JNPT),port,32.8
loc_36,Virār,fh_37,Modernisation of Sassoon Dock Fishing Harbour,fishing_harbour,59.62
loc_36,Virār,fh_38,Karanja Fishing Harbour (Revised),fishing_harbour,62.42
loc_36,Virār,fh_44,Development of Fishing Harbour at Satpati,fishing_harbour,33.44
loc_36,Virār,port_00,Mumbai Port,port,58.35
loc_36,Virār,port_01,Jawaharlal Nehru Port (JNPT),port,58.11
loc_48,Visakhapatnam,fh_01,Development of Pudimadaka Fishing Harbour,fishing_harbour,32.99
loc_48,Visakhapatnam,fh_04,Modernization and up-gradation of Vishakapatnam Fishing Harbour,fishing_harbour,9.43
loc_48,Visakhapatnam,port_06,Visakhapatnam Port,port,9.01
loc_66,Bhiwandi,fh_37,Modernisation of Sassoon Dock Fishing Harbour,fishing_harbour,48.64
loc_66,Bhiwandi,fh_38,Karanja Fishing Harbour (Revised),fishing_harbour,44.87
loc_66,Bhiwandi,fh_40,Construction of Fisheries Fishing Harbour at Jeevana,fishing_harbour,90.01
loc_66,Bhiwandi,fh_44,Development of Fishing Harbour at Satpati,fishing_harbour,62.13
loc_66,Bhiwandi,port_00,Mumbai Port,port,46.6
loc_66,Bhiwandi,port_01,Jawaharlal Nehru Port (JNPT),port,40.59
loc_69,Kanayannur,fh_24,"Modernization and up-gradation of Cochin Fishing Harbour at Thoppumpady, Cochin",fishing_harbour,4.09
loc_69,Kanayannur,fh_27,Upgradation and modernization of Harbour in Ponnani,fishing_harbour,96.62
loc_69,Kanayannur,fh_30,Maintenance dredging of existing harbor in Kayamkulam,fishing_harbour,91.14
loc_69,Kanayannur,fh_31,Maintenance dredging of existing harbor in Chettuva,fishing_harbour,55.25
loc_69,Kanayannur,fh_32,Maintenance dredging of existing harbor in Ponnani,fishing_harbour,96.62
loc_69,Kanayannur,fh_35,Development of Arthungal Fishing Harbor (Balance work),fishing_harbour,31.8
loc_69,Kanayannur,port_02,Cochin Port,port,0.61
loc_70,Bhayandar,fh_37,Modernisation of Sassoon Dock Fishing Harbour,fishing_harbour,42.49
loc_70,Bhayandar,fh_38,Karanja Fishing Harbour (Revised),fishing_harbour,44.76
loc_70,Bhayandar,fh_40,Construction of Fisheries Fishing Harbour at Jeevana,fishing_harbour,89.52
loc_70,Bhayandar,fh_44,Development of Fishing Harbour at Satpati,fishing_harbour,50.9
loc_70,Bhayandar,port_00,Mumbai Port,port,41.07
loc_70,Bhayandar,port_01,Jawaharlal Nehru Port (JNPT),port,40.45
loc_72,Thiruvananthapuram,fh_25,Expansion of Muthalapozhy Fishing Harbour,fishing_harbour,22.55
loc_72,Thiruvananthapuram,fh_30,Maintenance dredging of existing harbor in Kayamkulam,fishing_harbour,91.65
loc_72,Thiruvananthapuram,fh_54,Maintenance Dredging of Colachel Fishing Harbour,fishing_harbour,47.42
loc_72,Thiruvananthapuram,fh_61,Expansion and Modernization of Thengapattinam Fishing,fishing_harbour,31.78
loc_77,Dhārāvi,fh_37,Modernisation of Sassoon Dock Fishing Harbour,fishing_harbour,14.96
loc_77,Dhārāvi,fh_38,Karanja Fishing Harbour (Revised),fishing_harbour,17.86
loc_77,Dhārāvi,fh_40,Construction of Fisheries Fishing Harbour at Jeevana,fishing_harbour,61.52
loc_77,Dhārāvi,fh_44,Development of Fishing Harbour at Satpati,fishing_harbour,78.11
loc_77,Dhārāvi,port_00,Mumbai Port,port,13.27
loc_77,Dhārāvi,port_01,Jawaharlal Nehru Port (JNPT),port,14.16
loc_80,Puducherry,fh_49,Construction of Fishing Harbour at Thengaithittu,fishing_harbour,3.91
loc_80,Puducherry,fh_50,Upgradation of Puducherry Fishing Harbour,fishing_harbour,0.42
loc_80,Puducherry,fh_52,Up-gradation of Pazhayar Fishing Harbour,fishing_harbour,64.93
loc_80,Puducherry,fh_57,Development of existing Fishing Harbour at Mudhunagar,fishing_harbour,24.96
loc_80,Puducherry,fh_59,Construction of Fishing harbour at Azhagankuppam,fishing_harbour,14.03
loc_84,Kochi,fh_24,"Modernization and up-gradation of Cochin Fishing Harbour at Thoppumpady, Cochin",fishing_harbour,1.53
loc_84,Kochi,fh_27,Upgradation and modernization of Harbour in Ponnani,fishing_harbour,99.12
loc_84,Kochi,fh_30,Maintenance dredging of existing harbor in Kayamkulam,fishing_harbour,88.49
loc_84,Kochi,fh_31,Maintenance dredging of existing harbor in Chettuva,fishing_harbour,57.71
loc_84,Kochi,fh_32,Maintenance dredging of existing harbor in Ponnani,fishing_harbour,99.12
loc_84,Kochi,fh_35,Development of Arthungal Fishing Harbor (Balance work),fishing_harbour,29.13
loc_84,Kochi,port_02,Cochin Port,port,2.59
loc_87,Borivli,fh_37,Modernisation of Sassoon Dock Fishing Harbour,fishing_harbour,35.16
loc_87,Borivli,fh_38,Karanja Fishing Harbour (Revised),fishing_harbour,37.36
loc_87,Borivli,fh_40,Construction of Fisheries Fishing Harbour at Jeevana,fishing_harbour,82.06
loc_87,Borivli,fh_44,Development of Fishing Harbour at Satpati,fishing_harbour,58.18
loc_87,Borivli,port_00,Mumbai Port,port,33.69
loc_87,Borivli,port_01,Jawaharlal Nehru Port (JNPT),port,33.07
loc_90,Jamnagar,port_12,Deendayal Port,port,57.46
loc_90,Jamnagar,port_13,Mundra Port,port,46.35
loc_94,Kozhikode,fh_27,Upgradation and modernization of Harbour in Ponnani,fishing_harbour,55.6
loc_94,Kozhikode,fh_28,Upgradation and modernization of Harbour in Puthiyappa,fishing_harbour,9.14
loc_94,Kozhikode,fh_29,Upgradation and modernization of Harbour in Koyilandy,fishing_harbour,23.08
loc_94,Kozhikode,fh_31,Maintenance dredging of existing harbor in Chettuva,fishing_harbour,97.0
loc_94,Kozhikode,fh_32,Maintenance dredging of existing harbor in Ponnani,fishing_harbour,55.6
loc_94,Kozhikode,fh_33,Maintenance dredging of existing harbor in Beypore,fishing_harbour,9.26
loc_94,Kozhikode,fh_34,Maintenance dredging of existing harbor in Puthiyappa,fishing_harbour,9.14
loc_96,Nellore,fh_05,Juvvaladinne Fishing Harbour,fishing_harbour,39.51
loc_102,Ulhasnagar,fh_37,Modernisation of Sassoon Dock Fishing Harbour,fishing_harbour,47.11
loc_102,Ulhasnagar,fh_38,Karanja Fishing Harbour (Revised),fishing_harbour,40.06
loc_102,Ulhasnagar,fh_40,Construction of Fisheries Fishing Harbour at Jeevana,fishing_harbour,82.98
loc_102,Ulhasnagar,fh_44,Development of Fishing Harbour at Satpati,fishing_harbour,75.4
loc_102,Ulhasnagar,port_00,Mumbai Port,port,44.91
loc_102,Ulhasnagar,port_01,Jawaharlal Nehru Port (JNPT),port,36.35
loc_109,Mangaluru,fh_17,Modernisation and Upgradation of Mangalore Fishing Harbour,fishing_harbour,4.35
loc_109,Mangaluru,fh_18,Modernisation of Malpe Fishing Harbour,fishing_harbour,51.0
loc_109,Mangaluru,fh_19,Modernisation of Gangoli Fishing Harbour,fishing_harbour,83.68
loc_109,Mangaluru,fh_22,Kulai Fishing Harbour,fishing_harbour,7.71
loc_109,Mangaluru,fh_23,Hejmadi Kodi Fishing Harbour,fishing_harbour,21.93
loc_109,Mangaluru,fh_26,Expansion of Kasaragod Fishing Harbour,fishing_harbour,48.62
loc_109,Mangaluru,port_03,New Mangalore Port,port,4.71
loc_117,Ambattur,fh_53,Modernization and up-gradation of Chennai Fishing Harbour,fishing_harbour,15.03
loc_117,Ambattur,fh_56,Construction of Fishing harbour at ThiruvottriyurKuppam,fishing_harbour,19.92
loc_117,Ambattur,port_05,Chennai Port,port,14.36
loc_117,Ambattur,port_11,Kamarajar Port,port,24.94
loc_130,Thoothukudi,fh_62,Extension of T-Jetty at Tharuvaikulam,fishing_harbour,5.89
loc_130,Thoothukudi,port_10,V.O. Chidambaranar Port,port,6.18
loc_134,Kākināda,fh_01,Development of Pudimadaka Fishing Harbour,fishing_harbour,96.88
loc_134,Kākināda,fh_06,"Construction of Fishing Harbour, Uppada",fishing_harbour,17.16
loc_141,Kollam,fh_25,Expansion of Muthalapozhy Fishing Harbour,fishing_harbour,37.92
loc_141,Kollam,fh_30,Maintenance dredging of existing harbor in Kayamkulam,fishing_harbour,34.51
loc_141,Kollam,fh_35,Development of Arthungal Fishing Harbor (Balance work),fishing_harbour,93.86
loc_141,Kollam,fh_61,Expansion and Modernization of Thengapattinam Fishing,fishing_harbour,91.28
loc_144,Brahmapur,fh_02,Development of Budugatlapalem Fishing Harbour,fishing_harbour,91.81
loc_148,Avadi,fh_53,Modernization and up-gradation of Chennai Fishing Harbour,fishing_harbour,20.78
loc_148,Avadi,fh_56,Construction of Fishing harbour at ThiruvottriyurKuppam,fishing_harbour,24.62
loc_148,Avadi,port_05,Chennai Port,port,20.16
loc_148,Avadi,port_11,Kamarajar Port,port,28.55
loc_160,Thrissur,fh_24,"Modernization and up-gradation of Cochin Fishing Harbour at Thoppumpady, Cochin",fishing_harbour,65.5
loc_160,Thrissur,fh_27,Upgradation and modernization of Harbour in Ponnani,fishing_harbour,42.13
loc_160,Thrissur,fh_31,Maintenance dredging of existing harbor in Chettuva,fishing_harbour,20.22
loc_160,Thrissur,fh_32,Maintenance dredging of existing harbor in Ponnani,fishing_harbour,42.13
loc_160,Thrissur,fh_33,Maintenance dredging of existing harbor in Beypore,fishing_harbour,85.15
loc_160,Thrissur,fh_35,Development of Arthungal Fishing Harbor (Balance work),fishing_harbour,92.91
loc_160,Thrissur,port_02,Cochin Port,port,61.76
loc_169,Gundupālaiyam,fh_49,Construction of Fishing Harbour at Thengaithittu,fishing_harbour,4.92
loc_169,Gundupālaiyam,fh_50,Upgradation of Puducherry Fishing Harbour,fishing_harbour,3.19
loc_169,Gundupālaiyam,fh_52,Up-gradation of Pazhayar Fishing Harbour,fishing_harbour,65.84
loc_169,Gundupālaiyam,fh_57,Development of existing Fishing Harbour at Mudhunagar,fishing_harbour,25.01
loc_169,Gundupālaiyam,fh_59,Construction of Fishing harbour at Azhagankuppam,fishing_harbour,14.74
loc_204,Gajuwaka,fh_01,Development of Pudimadaka Fishing Harbour,fishing_harbour,35.64
loc_204,Gajuwaka,fh_04,Modernization and up-gradation of Vishakapatnam Fishing Harbour,fishing_harbour,7.85
loc_204,Gajuwaka,port_06,Visakhapatnam Port,port,7.22
loc_206,Ambarnath,fh_37,Modernisation of Sassoon Dock Fishing Harbour,fishing_harbour,47.13
loc_206,Ambarnath,fh_38,Karanja Fishing Harbour (Revised),fishing_harbour,39.48
loc_206,Ambarnath,fh_40,Construction of Fisheries Fishing Harbour at Jeevana,fishing_harbour,81.72
loc_206,Ambarnath,fh_44,Development of Fishing Harbour at Satpati,fishing_harbour,77.95
loc_206,Ambarnath,port_00,Mumbai Port,port,44.92
loc_206,Ambarnath,port_01,Jawaharlal Nehru Port (JNPT),port,35.93
loc_210,Tiruvottiyūr,fh_53,Modernization and up-gradation of Chennai Fishing Harbour,fishing_harbour,7.59
loc_210,Tiruvottiyūr,fh_56,Construction of Fishing harbour at ThiruvottriyurKuppam,fishing_harbour,3.32
loc_210,Tiruvottiyūr,port_05,Chennai Port,port,8.24
loc_210,Tiruvottiyūr,port_11,Kamarajar Port,port,9.99
loc_211,Gāndhīdhām,port_12,Deendayal Port,port,15.41
loc_211,Gāndhīdhām,port_13,Mundra Port,port,57.01
loc_217,Alappuzha,fh_24,"Modernization and up-gradation of Cochin Fishing Harbour at Thoppumpady, Cochin",fishing_harbour,49.31
loc_217,Alappuzha,fh_30,Maintenance dredging of existing harbor in Kayamkulam,fishing_harbour,39.39
loc_217,Alappuzha,fh_35,Development of Arthungal Fishing Harbor (Balance work),fishing_harbour,22.28
loc_217,Alappuzha,port_02,Cochin Port,port,53.07
loc_221,Uluberiya,fh_63,Modernisation and upgradation of existing fishing harbour at Petuaghat,fishing_harbour,80.29
loc_221,Uluberiya,fh_66,Modernisation and upgradation of existing fishing harbour at Kakdwip,fishing_harbour,66.75
loc_221,Uluberiya,port_08,Kolkata Port,port,23.76
loc_221,Uluberiya,port_09,Syama Prasad Mookerjee Port Haldia,port,49.71
loc_225,Pallāvaram,fh_53,Modernization and up-gradation of Chennai Fishing Harbour,fishing_harbour,21.15
loc_225,Pallāvaram,fh_56,Construction of Fishing harbour at ThiruvottriyurKuppam,fishing_harbour,29.73
loc_225,Pallāvaram,port_05,Chennai Port,port,20.22
loc_225,Pallāvaram,port_11,Kamarajar Port,port,36.57
loc_229,Vizianagaram,fh_01,Development of Pudimadaka Fishing Harbour,fishing_harbour,84.25
loc_229,Vizianagaram,fh_04,Modernization and up-gradation of Vishakapatnam Fishing Harbour,fishing_harbour,49.18
loc_229,Vizianagaram,port_06,Visakhapatnam Port,port,48.58
loc_233,Nāgercoil,fh_25,Expansion of Muthalapozhy Fishing Harbour,fishing_harbour,85.67
loc_233,Nāgercoil,fh_54,Maintenance Dredging of Colachel Fishing Harbour,fishing_harbour,20.06
loc_233,Nāgercoil,fh_61,Expansion and Modernization of Thengapattinam Fishing,fishing_harbour,33.03
loc_252,Ongole,fh_03,Development of Kothapatnam Fishing Harbour,fishing_harbour,17.12
loc_252,Ongole,fh_05,Juvvaladinne Fishing Harbour,fishing_harbour,78.24
loc_252,Ongole,fh_07,"Construction of Fishing Harbour, Vodarevu",fishing_harbour,14.4
loc_252,Ongole,fh_09,"Construction of Fishing Harbour, Nizampattinam",fishing_harbour,78.38
loc_259,Puri,fh_48,Development of Stage-II Fishing Harbour at Nuagarh (Astranga),fishing_harbour,56.55
loc_268,Panvel,fh_37,Modernisation of Sassoon Dock Fishing Harbour,fishing_harbour,30.44
loc_268,Panvel,fh_38,Karanja Fishing Harbour (Revised),fishing_harbour,18.98
loc_268,Panvel,fh_40,Construction of Fisheries Fishing Harbour at Jeevana,fishing_harbour,57.56
loc_268,Panvel,fh_44,Development of Fishing Harbour at Satpati,fishing_harbour,93.96
loc_268,Panvel,port_00,Mumbai Port,port,28.42
loc_268,Panvel,port_01,Jawaharlal Nehru Port (JNPT),port,17.38
loc_271,Machilīpatnam,fh_08,"Construction of Fishing Harbour, Machilipattinam",fishing_harbour,1.26
loc_271,Machilīpatnam,fh_09,"Construction of Fishing Harbour, Nizampattinam",fishing_harbour,61.25
loc_293,Neyveli,fh_45,Development of Smart and Integrated Fishing Harbour at Karaikal,fishing_harbour,85.12
loc_293,Neyveli,fh_49,Construction of Fishing Harbour at Thengaithittu,fishing_harbour,47.61
loc_293,Neyveli,fh_50,Upgradation of Puducherry Fishing Harbour,fishing_harbour,50.71
loc_293,Neyveli,fh_52,Up-gradation of Pazhayar Fishing Harbour,fishing_harbour,46.96
loc_293,Neyveli,fh_55,Construction of Fishing harbour at Tharangampadi,fishing_harbour,74.85
loc_293,Neyveli,fh_57,Development of existing Fishing Harbour at Mudhunagar,fishing_harbour,30.96
loc_293,Neyveli,fh_59,Construction of Fishing harbour at Azhagankuppam,fishing_harbour,64.21
loc_300,Tambaram,fh_53,Modernization and up-gradation of Chennai Fishing Harbour,fishing_harbour,26.25
loc_300,Tambaram,fh_56,Construction of Fishing harbour at ThiruvottriyurKuppam,fishing_harbour,35.04
loc_300,Tambaram,port_05,Chennai Port,port,25.32
loc_300,Tambaram,port_11,Kamarajar Port,port,41.97
loc_303,Badlapur,fh_37,Modernisation of Sassoon Dock Fishing Harbour,fishing_harbour,52.72
loc_303,Badlapur,fh_38,Karanja Fishing Harbour (Revised),fishing_harbour,42.93
loc_303,Badlapur,fh_40,Construction of Fisheries Fishing Harbour at Jeevana,fishing_harbour,80.96
loc_303,Badlapur,fh_44,Development of Fishing Harbour at Satpati,fishing_harbour,88.63
loc_303,Badlapur,port_00,Mumbai Port,port,50.53
loc_303,Badlapur,port_01,Jawaharlal Nehru Port (JNPT),port,40.25
loc_304,Cuddalore,fh_45,Development of Smart and Integrated Fishing Harbour at Karaikal,fishing_harbour,93.32
loc_304,Cuddalore,fh_49,Construction of Fishing Harbour at Thengaithittu,fishing_harbour,17.0
loc_304,Cuddalore,fh_50,Upgradation of Puducherry Fishing Harbour,fishing_harbour,20.51
loc_304,Cuddalore,fh_52,Up-gradation of Pazhayar Fishing Harbour,fishing_harbour,45.86
loc_304,Cuddalore,fh_55,Construction of Fishing harbour at Tharangampadi,fishing_harbour,81.25
loc_304,Cuddalore,fh_57,Development of existing Fishing Harbour at Mudhunagar,fishing_harbour,4.09
loc_304,Cuddalore,fh_59,Construction of Fishing harbour at Azhagankuppam,fishing_harbour,34.91
loc_308,Verāval,fh_11,3rd Stage of Mangarol Fishing Harbour,fishing_harbour,72.77
loc_308,Verāval,fh_13,Development of Fishery harbour at Madhwad,fishing_harbour,14.01
loc_308,Verāval,fh_14,Development of Fishery Harbour at Veraval – Phase 2,fishing_harbour,0.88
loc_308,Verāval,fh_16,Development of Fishery Harbour at Sutrapada,fishing_harbour,14.51
loc_308,Verāval,fh_46,Development of Smart and Integrated Fishing Harbour at Vanakbara,fishing_harbour,68.3
loc_311,Haldia,fh_63,Modernisation and upgradation of existing fishing harbour at Petuaghat,fishing_harbour,38.55
loc_311,Haldia,fh_64,Modernisation and upgradation of existing fishing harbour at Shankarpur,fishing_harbour,70.94
loc_311,Haldia,fh_65,Modernisation and upgradation of existing fishing harbour at Frasergunj,fishing_harbour,57.77
loc_311,Haldia,fh_66,Modernisation and upgradation of existing fishing harbour at Kakdwip,fishing_harbour,21.33
loc_311,Haldia,port_08,Kolkata Port,port,59.27
loc_311,Haldia,port_09,Syama Prasad Mookerjee Port Haldia,port,6.15
loc_323,Udupi,fh_17,Modernisation and Upgradation of Mangalore Fishing Harbour,fishing_harbour,48.99
loc_323,Udupi,fh_18,Modernisation of Malpe Fishing Harbour,fishing_harbour,5.28
loc_323,Udupi,fh_19,Modernisation of Gangoli Fishing Harbour,fishing_harbour,35.79
loc_323,Udupi,fh_22,Kulai Fishing Harbour,fishing_harbour,42.07
loc_323,Udupi,fh_23,Hejmadi Kodi Fishing Harbour,fishing_harbour,26.35
loc_323,Udupi,fh_26,Expansion of Kasaragod Fishing Harbour,fishing_harbour,96.5
loc_323,Udupi,port_03,New Mangalore Port,port,45.73
loc_326,Alandur,fh_53,Modernization and up-gradation of Chennai Fishing Harbour,fishing_harbour,14.07
loc_326,Alandur,fh_56,Construction of Fishing harbour at ThiruvottriyurKuppam,fishing_harbour,22.96
loc_326,Alandur,port_05,Chennai Port,port,13.14
loc_326,Alandur,port_11,Kamarajar Port,port,30.13
loc_328,Vapi,fh_44,Development of Fishing Harbour at Satpati,fishing_harbour,75.13
loc_354,Porbandar,fh_11,3rd Stage of Mangarol Fishing Harbour,fishing_harbour,54.53
loc_354,Porbandar,fh_12,Development of Fishery Harbour at Navabandar,fishing_harbour,15.84
loc_354,Porbandar,fh_15,Development of Fishery Harbour Porbandar – Phase 2,fishing_harbour,0.25
loc_367,Bhimavaram,fh_08,"Construction of Fishing Harbour, Machilipattinam",fishing_harbour,58.05
loc_376,Balasore,fh_51,Chandipur Fishing Harbour,fishing_harbour,9.3
loc_376,Balasore,fh_64,Modernisation and upgradation of existing fishing harbour at Shankarpur,fishing_harbour,67.41
loc_391,Srikakulam,fh_04,Modernization and up-gradation of Vishakapatnam Fishing Harbour,fishing_harbour,93.34
loc_391,Srikakulam,port_06,Visakhapatnam Port,port,93.16
loc_391,Srikakulam,fh_02,Development of Budugatlapalem Fishing Harbour,fishing_harbour,56.19
loc_426,Kanhangad,fh_17,Modernisation and Upgradation of Mangalore Fishing Harbour,fishing_harbour,72.78
loc_426,Kanhangad,fh_22,Kulai Fishing Harbour,fishing_harbour,79.74
loc_426,Kanhangad,fh_23,Hejmadi Kodi Fishing Harbour,fishing_harbour,94.9
loc_426,Kanhangad,fh_26,Expansion of Kasaragod Fishing Harbour,fishing_harbour,24.79
loc_426,Kanhangad,port_03,New Mangalore Port,port,75.95
loc_447,Madhavaram,fh_53,Modernization and up-gradation of Chennai Fishing Harbour,fishing_harbour,9.85
loc_447,Madhavaram,fh_56,Construction of Fishing harbour at ThiruvottriyurKuppam,fishing_harbour,10.95
loc_447,Madhavaram,port_05,Chennai Port,port,9.75
loc_447,Madhavaram,port_11,Kamarajar Port,port,15.57
loc_454,Gudivāda,fh_08,"Construction of Fishing Harbour, Machilipattinam",fishing_harbour,31.83
loc_454,Gudivāda,fh_09,"Construction of Fishing Harbour, Nizampattinam",fishing_harbour,70.05
loc_481,Port Blair,port_14,Port Blair Port,port,0.41
loc_502,Ponnāni,fh_27,Upgradation and modernization of Harbour in Ponnani,fishing_harbour,0.62
loc_502,Ponnāni,fh_28,Upgradation and modernization of Harbour in Puthiyappa,fishing_harbour,64.73
loc_502,Ponnāni,fh_29,Upgradation and modernization of Harbour in Koyilandy,fishing_harbour,78.77
loc_502,Ponnāni,fh_31,Maintenance dredging of existing harbor in Chettuva,fishing_harbour,41.3
loc_502,Ponnāni,fh_32,Maintenance dredging of existing harbor in Ponnani,fishing_harbour,0.62
loc_502,Ponnāni,fh_33,Maintenance dredging of existing harbor in Beypore,fishing_harbour,46.55
loc_502,Ponnāni,fh_34,Maintenance dredging of existing harbor in Puthiyappa,fishing_harbour,64.73
loc_502,Ponnāni,port_02,Cochin Port,port,96.7
loc_520,Nagapattinam,fh_45,Development of Smart and Integrated Fishing Harbour at Karaikal,fishing_harbour,17.38
loc_520,Nagapattinam,fh_52,Up-gradation of Pazhayar Fishing Harbour,fishing_harbour,65.19
loc_520,Nagapattinam,fh_55,Construction of Fishing harbour at Tharangampadi,fishing_harbour,29.61
loc_520,Nagapattinam,fh_58,Development of Fishing Harbour at Arcottuthurai,fishing_harbour,24.84
loc_520,Nagapattinam,fh_60,Development of Fishing Harbour at Vellapallam,fishing_harbour,22.36
loc_522,Mormugao,fh_20,Maintenance Dredging at Amadalli Fishing Harbour,fishing_harbour,94.28
loc_522,Mormugao,fh_39,Anandwadi (Fishing Harbour),fishing_harbour,83.23
loc_522,Mormugao,port_04,Mormugao Port,port,2.51
loc_528,Malappuram,fh_27,Upgradation and modernization of Harbour in Ponnani,fishing_harbour,34.47
loc_528,Malappuram,fh_28,Upgradation and modernization of Harbour in Puthiyappa,fishing_harbour,48.41
loc_528,Malappuram,fh_29,Upgradation and modernization of Harbour in Koyilandy,fishing_harbour,60.75
loc_528,Malappuram,fh_31,Maintenance dredging of existing harbor in Chettuva,fishing_harbour,69.2
loc_528,Malappuram,fh_32,Maintenance dredging of existing harbor in Ponnani,fishing_harbour,34.47
loc_528,Malappuram,fh_33,Maintenance dredging of existing harbor in Beypore,fishing_harbour,32.87
loc_528,Malappuram,fh_34,Maintenance dredging of existing harbor in Puthiyappa,fishing_harbour,48.41
loc_532,Vasco da Gama,fh_20,Maintenance Dredging at Amadalli Fishing Harbour,fishing_harbour,94.87
loc_532,Vasco da Gama,fh_39,Anandwadi (Fishing Harbour),fishing_harbour,82.6
loc_532,Vasco da Gama,port_04,Mormugao Port,port,1.93
loc_536,Airoli,fh_37,Modernisation of Sassoon Dock Fishing Harbour,fishing_harbour,31.06
loc_536,Airoli,fh_38,Karanja Fishing Harbour (Revised),fishing_harbour,27.23
loc_536,Airoli,fh_40,Construction of Fisheries Fishing Harbour at Jeevana,fishing_harbour,72.72
loc_536,Airoli,fh_44,Development of Fishing Harbour at Satpati,fishing_harbour,72.42
loc_536,Airoli,port_00,Mumbai Port,port,28.97
loc_536,Airoli,port_01,Jawaharlal Nehru Port (JNPT),port,22.87
loc_544,Mahuva,fh_46,Development of Smart and Integrated Fishing Harbour at Vanakbara,fishing_harbour,91.3
loc_545,Silvassa,fh_44,Development of Fishing Harbour at Satpati,fishing_harbour,68.94
loc_555,Tellicherry,fh_26,Expansion of Kasaragod Fishing Harbour,fishing_harbour,99.9
loc_555,Tellicherry,fh_28,Upgradation and modernization of Harbour in Puthiyappa,fishing_harbour,54.69
loc_555,Tellicherry,fh_29,Upgradation and modernization of Harbour in Koyilandy,fishing_harbour,41.02
loc_555,Tellicherry,fh_33,Maintenance dredging of existing harbor in Beypore,fishing_harbour,72.98
loc_555,Tellicherry,fh_34,Maintenance dredging of existing harbor in Puthiyappa,fishing_harbour,54.69
loc_581,Chīrāla,fh_03,Development of Kothapatnam Fishing Harbour,fishing_harbour,46.08
loc_581,Chīrāla,fh_07,"Construction of Fishing Harbour, Vodarevu",fishing_harbour,36.16
loc_581,Chīrāla,fh_08,"Construction of Fishing Harbour, Machilipattinam",fishing_harbour,92.09
loc_581,Chīrāla,fh_09,"Construction of Fishing Harbour, Nizampattinam",fishing_harbour,32.96
loc_595,Kāvali,fh_03,Development of Kothapatnam Fishing Harbour,fishing_harbour,61.9
loc_595,Kāvali,fh_05,Juvvaladinne Fishing Harbour,fishing_harbour,14.24
loc_595,Kāvali,fh_07,"Construction of Fishing Harbour, Vodarevu",fishing_harbour,72.94
loc_596,Roha,fh_37,Modernisation of Sassoon Dock Fishing Harbour,fishing_harbour,61.78
loc_596,Roha,fh_38,Karanja Fishing Harbour (Revised),fishing_harbour,55.56
loc_596,Roha,fh_40,Construction of Fisheries Fishing Harbour at Jeevana,fishing_harbour,21.2
loc_596,Roha,fh_41,Construction of Fisheries Fishing Harbour at Bharadkhol,fishing_harbour,42.98
loc_596,Roha,fh_42,Construction of Fisheries Fishing Harbour at Harnai,fishing_harbour,68.66
loc_596,Roha,fh_43,Construction of Fisheries Fishing Harbour at Sakhari Nate,fishing_harbour,74.18
loc_596,Roha,port_00,Mumbai Port,port,62.14
loc_596,Roha,port_01,Jawaharlal Nehru Port (JNPT),port,59.79
loc_606,Contai,fh_51,Chandipur Fishing Harbour,fishing_harbour,82.85
loc_606,Contai,fh_63,Modernisation and upgradation of existing fishing harbour at Petuaghat,fishing_harbour,14.57
loc_606,Contai,fh_64,Modernisation and upgradation of existing fishing harbour at Shankarpur,fishing_harbour,22.85
loc_606,Contai,fh_65,Modernisation and upgradation of existing fishing harbour at Frasergunj,fishing_harbour,58.2
loc_606,Contai,fh_66,Modernisation and upgradation of existing fishing harbour at Kakdwip,fishing_harbour,45.87
loc_606,Contai,port_09,Syama Prasad Mookerjee Port Haldia,port,42.47
loc_610,Neyyāttinkara,fh_25,Expansion of Muthalapozhy Fishing Harbour,fishing_harbour,40.41
loc_610,Neyyāttinkara,fh_54,Maintenance Dredging of Colachel Fishing Harbour,fishing_harbour,30.28
loc_610,Neyyāttinkara,fh_61,Expansion and Modernization of Thengapattinam Fishing,fishing_harbour,14.95
loc_616,Madgaon,fh_20,Maintenance Dredging at Amadalli Fishing Harbour,fishing_harbour,75.65
loc_616,Madgaon,port_04,Mormugao Port,port,22.23
loc_619,Anjār,port_12,Deendayal Port,port,25.39
loc_619,Anjār,port_13,Mundra Port,port,52.04
loc_622,Kāraikāl,fh_45,Development of Smart and Integrated Fishing Harbour at Karaikal,fishing_harbour,0.82
loc_622,Kāraikāl,fh_52,Up-gradation of Pazhayar Fishing Harbour,fishing_harbour,48.19
loc_622,Kāraikāl,fh_55,Construction of Fishing harbour at Tharangampadi,fishing_harbour,12.73
loc_622,Kāraikāl,fh_57,Development of existing Fishing Harbour at Mudhunagar,fishing_harbour,89.68
loc_622,Kāraikāl,fh_58,Development of Fishing Harbour at Arcottuthurai,fishing_harbour,40.69
loc_622,Kāraikāl,fh_60,Development of Fishing Harbour at Vellapallam,fishing_harbour,38.28
loc_625,Mayiladuthurai,fh_45,Development of Smart and Integrated Fishing Harbour at Karaikal,fishing_harbour,28.71
loc_625,Mayiladuthurai,fh_49,Construction of Fishing Harbour at Thengaithittu,fishing_harbour,90.37
loc_625,Mayiladuthurai,fh_50,Upgradation of Puducherry Fishing Harbour,fishing_harbour,93.86
loc_625,Mayiladuthurai,fh_52,Up-gradation of Pazhayar Fishing Harbour,fishing_harbour,34.03
loc_625,Mayiladuthurai,fh_55,Construction of Fishing harbour at Tharangampadi,fishing_harbour,22.8
loc_625,Mayiladuthurai,fh_57,Development of existing Fishing Harbour at Mudhunagar,fishing_harbour,69.5
loc_625,Mayiladuthurai,fh_58,Development of Fishing Harbour at Arcottuthurai,fishing_harbour,61.32
loc_625,Mayiladuthurai,fh_60,Development of Fishing Harbour at Vellapallam,fishing_harbour,59.33
loc_626,Anakapalle,fh_01,Development of Pudimadaka Fishing Harbour,fishing_harbour,22.54
loc_626,Anakapalle,fh_04,Modernization and up-gradation of Vishakapatnam Fishing Harbour,fishing_harbour,30.3
loc_626,Anakapalle,fh_06,"Construction of Fishing Harbour, Uppada",fishing_harbour,97.9
loc_626,Anakapalle,port_06,Visakhapatnam Port,port,29.76
loc_627,Maduravoyal,fh_53,Modernization and up-gradation of Chennai Fishing Harbour,fishing_harbour,15.03
loc_627,Maduravoyal,fh_56,Construction of Fishing harbour at ThiruvottriyurKuppam,fishing_harbour,21.36
loc_627,Maduravoyal,port_05,Chennai Port,port,14.23
loc_627,Maduravoyal,port_11,Kamarajar Port,port,27.1
loc_630,Parādīp Garh,fh_47,Modernisation of Paradip Fishing Harbour,fishing_harbour,9.74
loc_630,Parādīp Garh,fh_48,Development of Stage-II Fishing Harbour at Nuagarh (Astranga),fishing_harbour,47.38
loc_630,Parādīp Garh,port_07,Paradip Port,port,11.43
loc_649,Maraimalainagar,fh_50,Upgradation of Puducherry Fishing Harbour,fishing_harbour,98.79
loc_649,Maraimalainagar,fh_53,Modernization and up-gradation of Chennai Fishing Harbour,fishing_harbour,44.09
loc_649,Maraimalainagar,fh_56,Construction of Fishing harbour at ThiruvottriyurKuppam,fishing_harbour,52.96
loc_649,Maraimalainagar,fh_59,Construction of Fishing harbour at Azhagankuppam,fishing_harbour,84.63
loc_649,Maraimalainagar,port_05,Chennai Port,port,43.16
loc_649,Maraimalainagar,port_11,Kamarajar Port,port,59.85
loc_656,Palakollu,fh_06,"Construction of Fishing Harbour, Uppada",fishing_harbour,90.22
loc_656,Palakollu,fh_08,"Construction of Fishing Harbour, Machilipattinam",fishing_harbour,74.16
loc_661,Kharghar,fh_37,Modernisation of Sassoon Dock Fishing Harbour,fishing_harbour,29.09
loc_661,Kharghar,fh_38,Karanja Fishing Harbour (Revised),fishing_harbour,20.04
loc_661,Kharghar,fh_40,Construction of Fisheries Fishing Harbour at Jeevana,fishing_harbour,62.89
loc_661,Kharghar,fh_44,Development of Fishing Harbour at Satpati,fishing_harbour,86.0
loc_661,Kharghar,port_00,Mumbai Port,port,26.9
loc_661,Kharghar,port_01,Jawaharlal Nehru Port (JNPT),port,16.82
loc_685,Edattala,fh_24,"Modernization and up-gradation of Cochin Fishing Harbour at Thoppumpady, Cochin",fishing_harbour,18.84
loc_685,Edattala,fh_27,Upgradation and modernization of Harbour in Ponnani,fishing_harbour,93.63
loc_685,Edattala,fh_30,Maintenance dredging of existing harbor in Kayamkulam,fishing_harbour,98.27
loc_685,Edattala,fh_31,Maintenance dredging of existing harbor in Chettuva,fishing_harbour,53.81
loc_685,Edattala,fh_32,Maintenance dredging of existing harbor in Ponnani,fishing_harbour,93.63
loc_685,Edattala,fh_35,Development of Arthungal Fishing Harbor (Balance work),fishing_harbour,41.03
loc_685,Edattala,port_02,Cochin Port,port,16.91
loc_689,Karwar,fh_20,Maintenance Dredging at Amadalli Fishing Harbour,fishing_harbour,22.72
loc_689,Karwar,fh_21,Dredging work at Tadari Fishing Harbour,fishing_harbour,49.9
loc_689,Karwar,port_04,Mormugao Port,port,74.89
loc_694,Budge Budge,fh_63,Modernisation and upgradation of existing fishing harbour at Petuaghat,fishing_harbour,83.72
loc_694,Budge Budge,fh_66,Modernisation and upgradation of existing fishing harbour at Kakdwip,fishing_harbour,67.02
loc_694,Budge Budge,port_08,Kolkata Port,port,15.85
loc_694,Budge Budge,port_09,Syama Prasad Mookerjee Port Haldia,port,51.88
loc_699,Neelankarai,fh_53,Modernization and up-gradation of Chennai Fishing Harbour,fishing_harbour,16.24
loc_699,Neelankarai,fh_56,Construction of Fishing harbour at ThiruvottriyurKuppam,fishing_harbour,25.69
loc_699,Neelankarai,port_05,Chennai Port,port,15.47
loc_699,Neelankarai,port_11,Kamarajar Port,port,33.47
loc_701,Badagara,fh_27,Upgradation and modernization of Harbour in Ponnani,fishing_harbour,99.59
loc_701,Badagara,fh_28,Upgradation and modernization of Harbour in Puthiyappa,fishing_harbour,35.39
loc_701,Badagara,fh_29,Upgradation and modernization of Harbour in Koyilandy,fishing_harbour,21.79
loc_701,Badagara,fh_32,Maintenance dredging of existing harbor in Ponnani,fishing_harbour,99.59
loc_701,Badagara,fh_33,Maintenance dredging of existing harbor in Beypore,fishing_harbour,53.7
loc_701,Badagara,fh_34,Maintenance dredging of existing harbor in Puthiyappa,fishing_harbour,35.39
loc_704,Ratnagiri,fh_36,Development of Mallet Bunder Fishing Harbour,fishing_harbour,1.1
loc_704,Ratnagiri,fh_42,Construction of Fisheries Fishing Harbour at Harnai,fishing_harbour,95.04
loc_704,Ratnagiri,fh_43,Construction of Fisheries Fishing Harbour at Sakhari Nate,fishing_harbour,88.43
loc_705,Keshod,fh_11,3rd Stage of Mangarol Fishing Harbour,fishing_harbour,27.53
loc_705,Keshod,fh_12,Development of Fishery Harbour at Navabandar,fishing_harbour,70.62
loc_705,Keshod,fh_13,Development of Fishery harbour at Madhwad,fishing_harbour,41.72
loc_705,Keshod,fh_14,Development of Fishery Harbour at Veraval – Phase 2,fishing_harbour,46.58
loc_705,Keshod,fh_15,Development of Fishery Harbour Porbandar – Phase 2,fishing_harbour,75.95
loc_705,Keshod,fh_16,Development of Fishery Harbour at Sutrapada,fishing_harbour,57.84
loc_708,Pammal,fh_53,Modernization and up-gradation of Chennai Fishing Harbour,fishing_harbour,22.0
loc_708,Pammal,fh_56,Construction of Fishing harbour at ThiruvottriyurKuppam,fishing_harbour,30.29
loc_708,Pammal,port_05,Chennai Port,port,21.07
loc_708,Pammal,port_11,Kamarajar Port,port,36.91
loc_720,Gūdūr,fh_05,Juvvaladinne Fishing Harbour,fishing_harbour,75.25
loc_738,Pattukkottai,fh_45,Development of Smart and Integrated Fishing Harbour at Karaikal,fishing_harbour,79.26
loc_738,Pattukkottai,fh_55,Construction of Fishing harbour at Tharangampadi,fishing_harbour,88.92
loc_738,Pattukkottai,fh_58,Development of Fishing Harbour at Arcottuthurai,fishing_harbour,49.45
loc_738,Pattukkottai,fh_60,Development of Fishing Harbour at Vellapallam,fishing_harbour,51.21
loc_742,Taliparamba,fh_26,Expansion of Kasaragod Fishing Harbour,fishing_harbour,64.87
loc_742,Taliparamba,fh_28,Upgradation and modernization of Harbour in Puthiyappa,fishing_harbour,90.32
loc_742,Taliparamba,fh_29,Upgradation and modernization of Harbour in Koyilandy,fishing_harbour,76.49
loc_742,Taliparamba,fh_34,Maintenance dredging of existing harbor in Puthiyappa,fishing_harbour,90.32
loc_744,Pālghar,fh_37,Modernisation of Sassoon Dock Fishing Harbour,fishing_harbour,86.66
loc_744,Pālghar,fh_38,Karanja Fishing Harbour (Revised),fishing_harbour,89.62
loc_744,Pālghar,fh_44,Development of Fishing Harbour at Satpati,fishing_harbour,9.67
loc_744,Pālghar,port_00,Mumbai Port,port,85.46
loc_744,Pālghar,port_01,Jawaharlal Nehru Port (JNPT),port,85.28
loc_746,Payyanur,fh_17,Modernisation and Upgradation of Mangalore Fishing Harbour,fishing_harbour,98.83
loc_746,Payyanur,fh_26,Expansion of Kasaragod Fishing Harbour,fishing_harbour,50.75
loc_746,Payyanur,fh_29,Upgradation and modernization of Harbour in Koyilandy,fishing_harbour,90.63
loc_749,Koyilandy,fh_27,Upgradation and modernization of Harbour in Ponnani,fishing_harbour,78.66
loc_749,Koyilandy,fh_28,Upgradation and modernization of Harbour in Puthiyappa,fishing_harbour,14.09
loc_749,Koyilandy,fh_29,Upgradation and modernization of Harbour in Koyilandy,fishing_harbour,0.79
loc_749,Koyilandy,fh_32,Maintenance dredging of existing harbor in Ponnani,fishing_harbour,78.66
loc_749,Koyilandy,fh_33,Maintenance dredging of existing harbor in Beypore,fishing_harbour,32.42
loc_749,Koyilandy,fh_34,Maintenance dredging of existing harbor in Puthiyappa,fishing_harbour,14.09
loc_759,Kalamassery,fh_24,"Modernization and up-gradation of Cochin Fishing Harbour at Thoppumpady, Cochin",fishing_harbour,15.86
loc_759,Kalamassery,fh_27,Upgradation and modernization of Harbour in Ponnani,fishing_harbour,89.93
loc_759,Kalamassery,fh_30,Maintenance dredging of existing harbor in Kayamkulam,fishing_harbour,99.84
loc_759,Kalamassery,fh_31,Maintenance dredging of existing harbor in Chettuva,fishing_harbour,49.39
loc_759,Kalamassery,fh_32,Maintenance dredging of existing harbor in Ponnani,fishing_harbour,89.93
loc_759,Kalamassery,fh_35,Development of Arthungal Fishing Harbor (Balance work),fishing_harbour,41.33
loc_759,Kalamassery,port_02,Cochin Port,port,12.97
loc_761,Panjim,fh_39,Anandwadi (Fishing Harbour),fishing_harbour,73.41
loc_761,Panjim,port_04,Mormugao Port,port,9.9
loc_764,Bāpatla,fh_03,Development of Kothapatnam Fishing Harbour,fishing_harbour,59.55
loc_764,Bāpatla,fh_07,"Construction of Fishing Harbour, Vodarevu",fishing_harbour,50.64
loc_764,Bāpatla,fh_08,"Construction of Fishing Harbour, Machilipattinam",fishing_harbour,77.16
loc_764,Bāpatla,fh_09,"Construction of Fishing Harbour, Nizampattinam",fishing_harbour,19.53
loc_765,Beypore,fh_27,Upgradation and modernization of Harbour in Ponnani,fishing_harbour,46.65
loc_765,Beypore,fh_28,Upgradation and modernization of Harbour in Puthiyappa,fishing_harbour,18.02
loc_765,Beypore,fh_29,Upgradation and modernization of Harbour in Koyilandy,fishing_harbour,32.02
loc_765,Beypore,fh_31,Maintenance dredging of existing harbor in Chettuva,fishing_harbour,88.05
loc_765,Beypore,fh_32,Maintenance dredging of existing harbor in Ponnani,fishing_harbour,46.65
loc_765,Beypore,fh_33,Maintenance dredging of existing harbor in Beypore,fishing_harbour,0.46
loc_765,Beypore,fh_34,Maintenance dredging of existing harbor in Puthiyappa,fishing_harbour,18.02
loc_776,Māngrol,fh_11,3rd Stage of Mangarol Fishing Harbour,fishing_harbour,44.18
loc_776,Māngrol,fh_12,Development of Fishery Harbour at Navabandar,fishing_harbour,67.86
loc_776,Māngrol,fh_13,Development of Fishery harbour at Madhwad,fishing_harbour,39.7
loc_776,Māngrol,fh_14,Development of Fishery Harbour at Veraval – Phase 2,fishing_harbour,36.26
loc_776,Māngrol,fh_15,Development of Fishery Harbour Porbandar – Phase 2,fishing_harbour,77.73
loc_776,Māngrol,fh_16,Development of Fishery Harbour at Sutrapada,fishing_harbour,49.97
loc_780,Tripunittura,fh_24,"Modernization and up-gradation of Cochin Fishing Harbour at Thoppumpady, Cochin",fishing_harbour,7.08
loc_780,Tripunittura,fh_30,Maintenance dredging of existing harbor in Kayamkulam,fishing_harbour,86.77
loc_780,Tripunittura,fh_31,Maintenance dredging of existing harbor in Chettuva,fishing_harbour,60.91
loc_780,Tripunittura,fh_35,Development of Arthungal Fishing Harbor (Balance work),fishing_harbour,28.12
loc_780,Tripunittura,port_02,Cochin Port,port,8.08
loc_789,Kayamkulam,fh_24,"Modernization and up-gradation of Cochin Fishing Harbour at Thoppumpady, Cochin",fishing_harbour,86.97
loc_789,Kayamkulam,fh_25,Expansion of Muthalapozhy Fishing Harbour,fishing_harbour,71.58
loc_789,Kayamkulam,fh_30,Maintenance dredging of existing harbor in Kayamkulam,fishing_harbour,0.22
loc_789,Kayamkulam,fh_35,Development of Arthungal Fishing Harbor (Balance work),fishing_harbour,59.21
loc_789,Kayamkulam,port_02,Cochin Port,port,90.73
loc_823,Palāsa,fh_02,Development of Budugatlapalem Fishing Harbour,fishing_harbour,19.64
loc_826,Chengalpattu,fh_49,Construction of Fishing Harbour at Thengaithittu,fishing_harbour,89.68
loc_826,Chengalpattu,fh_50,Upgradation of Puducherry Fishing Harbour,fishing_harbour,86.2
loc_826,Chengalpattu,fh_53,Modernization and up-gradation of Chennai Fishing Harbour,fishing_harbour,56.47
loc_826,Chengalpattu,fh_56,Construction of Fishing harbour at ThiruvottriyurKuppam,fishing_harbour,65.53
loc_826,Chengalpattu,fh_59,Construction of Fishing harbour at Azhagankuppam,fishing_harbour,72.14
loc_826,Chengalpattu,port_05,Chennai Port,port,55.56
loc_826,Chengalpattu,port_11,Kamarajar Port,port,72.57
loc_831,Ramanathapuram,fh_62,Extension of T-Jetty at Tharuvaikulam,fishing_harbour,97.54
loc_831,Ramanathapuram,port_10,V.O. Chidambaranar Port,port,97.85
loc_838,Vīrarāghavapuram,fh_53,Modernization and up-gradation of Chennai Fishing Harbour,fishing_harbour,20.9
loc_838,Vīrarāghavapuram,fh_56,Construction of Fishing harbour at ThiruvottriyurKuppam,fishing_harbour,26.37
loc_838,Vīrarāghavapuram,port_05,Chennai Port,port,20.15
loc_838,Vīrarāghavapuram,port_11,Kamarajar Port,port,31.25
loc_854,Kunnamkulam,fh_24,"Modernization and up-gradation of Cochin Fishing Harbour at Thoppumpady, Cochin",fishing_harbour,82.73
loc_854,Kunnamkulam,fh_27,Upgradation and modernization of Harbour in Ponnani,fishing_harbour,20.3
loc_854,Kunnamkulam,fh_28,Upgradation and modernization of Harbour in Puthiyappa,fishing_harbour,82.94
loc_854,Kunnamkulam,fh_29,Upgradation and modernization of Harbour in Koyilandy,fishing_harbour,96.88
loc_854,Kunnamkulam,fh_31,Maintenance dredging of existing harbor in Chettuva,fishing_harbour,25.22
loc_854,Kunnamkulam,fh_32,Maintenance dredging of existing harbor in Ponnani,fishing_harbour,20.3
loc_854,Kunnamkulam,fh_33,Maintenance dredging of existing harbor in Beypore,fishing_harbour,64.6
loc_854,Kunnamkulam,fh_34,Maintenance dredging of existing harbor in Puthiyappa,fishing_harbour,82.94
loc_854,Kunnamkulam,port_02,Cochin Port,port,78.96
loc_867,Kannur,fh_26,Expansion of Kasaragod Fishing Harbour,fishing_harbour,80.89
loc_867,Kannur,fh_28,Upgradation and modernization of Harbour in Puthiyappa,fishing_harbour,73.76
loc_867,Kannur,fh_29,Upgradation and modernization of Harbour in Koyilandy,fishing_harbour,60.42
loc_867,Kannur,fh_33,Maintenance dredging of existing harbor in Beypore,fishing_harbour,91.9
loc_867,Kannur,fh_34,Maintenance dredging of existing harbor in Puthiyappa,fishing_harbour,73.76
loc_873,Chidambaram,fh_45,Development of Smart and Integrated Fishing Harbour at Karaikal,fishing_harbour,55.71
loc_873,Chidambaram,fh_49,Construction of Fishing Harbour at Thengaithittu,fishing_harbour,57.41
loc_873,Chidambaram,fh_50,Upgradation of Puducherry Fishing Harbour,fishing_harbour,60.91
loc_873,Chidambaram,fh_52,Up-gradation of Pazhayar Fishing Harbour,fishing_harbour,17.1
loc_873,Chidambaram,fh_55,Construction of Fishing harbour at Tharangampadi,fishing_harbour,44.56
loc_873,Chidambaram,fh_57,Development of existing Fishing Harbour at Mudhunagar,fishing_harbour,36.43
loc_873,Chidambaram,fh_58,Development of Fishing Harbour at Arcottuthurai,fishing_harbour,93.55
loc_873,Chidambaram,fh_59,Construction of Fishing harbour at Azhagankuppam,fishing_harbour,75.21
loc_873,Chidambaram,fh_60,Development of Fishing Harbour at Vellapallam,fishing_harbour,91.41
loc_877,Okha,fh_10,Development of Smart and Integrated Fishing Harbour at Jakhau,fishing_harbour,92.05
loc_877,Okha,port_13,Mundra Port,port,73.28
loc_878,Nani Daman,fh_44,Development of Fishing Harbour at Satpati,fishing_harbour,77.74
loc_886,Cheruvannur,fh_27,Upgradation and modernization of Harbour in Ponnani,fishing_harbour,48.04
loc_886,Cheruvannur,fh_28,Upgradation and modernization of Harbour in Puthiyappa,fishing_harbour,17.34
loc_886,Cheruvannur,fh_29,Upgradation and modernization of Harbour in Koyilandy,fishing_harbour,31.09
loc_886,Cheruvannur,fh_31,Maintenance dredging of existing harbor in Chettuva,fishing_harbour,89.32
loc_886,Cheruvannur,fh_32,Maintenance dredging of existing harbor in Ponnani,fishing_harbour,48.04
loc_886,Cheruvannur,fh_33,Maintenance dredging of existing harbor in Beypore,fishing_harbour,3.02
loc_886,Cheruvannur,fh_34,Maintenance dredging of existing harbor in Puthiyappa,fishing_harbour,17.34
loc_899,Poonamalle,fh_53,Modernization and up-gradation of Chennai Fishing Harbour,fishing_harbour,20.57
loc_899,Poonamalle,fh_56,Construction of Fishing harbour at ThiruvottriyurKuppam,fishing_harbour,26.91
loc_899,Poonamalle,port_05,Chennai Port,port,19.74
loc_899,Poonamalle,port_11,Kamarajar Port,port,32.34
loc_902,Panruti,fh_49,Construction of Fishing Harbour at Thengaithittu,fishing_harbour,32.16
loc_902,Panruti,fh_50,Upgradation of Puducherry Fishing Harbour,fishing_harbour,34.66
loc_902,Panruti,fh_52,Up-gradation of Pazhayar Fishing Harbour,fishing_harbour,56.83
loc_902,Panruti,fh_55,Construction of Fishing harbour at Tharangampadi,fishing_harbour,89.12
loc_902,Panruti,fh_57,Development of existing Fishing Harbour at Mudhunagar,fishing_harbour,23.43
loc_902,Panruti,fh_59,Construction of Fishing harbour at Azhagankuppam,fishing_harbour,46.82
loc_906,Kodungallūr,fh_24,"Modernization and up-gradation of Cochin Fishing Harbour at Thoppumpady, Cochin",fishing_harbour,34.63
loc_906,Kodungallūr,fh_27,Upgradation and modernization of Harbour in Ponnani,fishing_harbour,66.41
loc_906,Kodungallūr,fh_31,Maintenance dredging of existing harbor in Chettuva,fishing_harbour,25.55
loc_906,Kodungallūr,fh_32,Maintenance dredging of existing harbor in Ponnani,fishing_harbour,66.41
loc_906,Kodungallūr,fh_35,Development of Arthungal Fishing Harbor (Balance work),fishing_harbour,62.39
loc_906,Kodungallūr,port_02,Cochin Port,port,30.86
loc_907,Nedumangād,fh_25,Expansion of Muthalapozhy Fishing Harbour,fishing_harbour,24.34
loc_907,Nedumangād,fh_30,Maintenance dredging of existing harbor in Kayamkulam,fishing_harbour,84.59
loc_907,Nedumangād,fh_54,Maintenance Dredging of Colachel Fishing Harbour,fishing_harbour,54.38
loc_907,Nedumangād,fh_61,Expansion and Modernization of Thengapattinam Fishing,fishing_harbour,39.43
loc_910,Ponnur,fh_03,Development of Kothapatnam Fishing Harbour,fishing_harbour,80.03
loc_910,Ponnur,fh_07,"Construction of Fishing Harbour, Vodarevu",fishing_harbour,70.75
loc_910,Ponnur,fh_08,"Construction of Fishing Harbour, Machilipattinam",fishing_harbour,63.19
loc_910,Ponnur,fh_09,"Construction of Fishing Harbour, Nizampattinam",fishing_harbour,21.86
loc_914,Nerkunram,fh_53,Modernization and up-gradation of Chennai Fishing Harbour,fishing_harbour,10.29
loc_914,Nerkunram,fh_56,Construction of Fishing harbour at ThiruvottriyurKuppam,fishing_harbour,17.74
loc_914,Nerkunram,port_05,Chennai Port,port,9.44
loc_914,Nerkunram,port_11,Kamarajar Port,port,24.33
loc_922,Narasapur,fh_06,"Construction of Fishing Harbour, Uppada",fishing_harbour,99.1
loc_922,Narasapur,fh_08,"Construction of Fishing Harbour, Machilipattinam",fishing_harbour,66.93
loc_925,Ullal,fh_17,Modernisation and Upgradation of Mangalore Fishing Harbour,fishing_harbour,11.37
loc_925,Ullal,fh_18,Modernisation of Malpe Fishing Harbour,fishing_harbour,62.97
loc_925,Ullal,fh_19,Modernisation of Gangoli Fishing Harbour,fishing_harbour,95.9
loc_925,Ullal,fh_22,Kulai Fishing Harbour,fishing_harbour,18.37
loc_925,Ullal,fh_23,Hejmadi Kodi Fishing Harbour,fishing_harbour,33.87
loc_925,Ullal,fh_26,Expansion of Kasaragod Fishing Harbour,fishing_harbour,36.78
loc_925,Ullal,port_03,New Mangalore Port,port,14.58
loc_930,Thiruvarur,fh_45,Development of Smart and Integrated Fishing Harbour at Karaikal,fishing_harbour,27.58
loc_930,Thiruvarur,fh_52,Up-gradation of Pazhayar Fishing Harbour,fishing_harbour,67.92
loc_930,Thiruvarur,fh_55,Construction of Fishing harbour at Tharangampadi,fishing_harbour,36.89
loc_930,Thiruvarur,fh_58,Development of Fishing Harbour at Arcottuthurai,fishing_harbour,26.69
loc_930,Thiruvarur,fh_60,Development of Fishing Harbour at Vellapallam,fishing_harbour,25.3
loc_934,Una,fh_13,Development of Fishery harbour at Madhwad,fishing_harbour,61.84
loc_934,Una,fh_14,Development of Fishery Harbour at Veraval – Phase 2,fishing_harbour,69.93
loc_934,Una,fh_16,Development of Fishery Harbour at Sutrapada,fishing_harbour,57.99
loc_934,Una,fh_46,Development of Smart and Integrated Fishing Harbour at Vanakbara,fishing_harbour,13.54
loc_941,Kāsībugga,fh_02,Development of Budugatlapalem Fishing Harbour,fishing_harbour,18.87
loc_951,Kandukūr,fh_03,Development of Kothapatnam Fishing Harbour,fishing_harbour,39.56
loc_951,Kandukūr,fh_05,Juvvaladinne Fishing Harbour,fishing_harbour,48.79
loc_951,Kandukūr,fh_07,"Construction of Fishing Harbour, Vodarevu",fishing_harbour,46.88
loc_952,Tiruvalla,fh_24,"Modernization and up-gradation of Cochin Fishing Harbour at Thoppumpady, Cochin",fishing_harbour,69.54
loc_952,Tiruvalla,fh_25,Expansion of Muthalapozhy Fishing Harbour,fishing_harbour,89.78
loc_952,Tiruvalla,fh_30,Maintenance dredging of existing harbor in Kayamkulam,fishing_harbour,23.88
loc_952,Tiruvalla,fh_35,Development of Arthungal Fishing Harbor (Balance work),fishing_harbour,42.89
loc_952,Tiruvalla,port_02,Cochin Port,port,73.17
loc_954,Ponnūru,fh_03,Development of Kothapatnam Fishing Harbour,fishing_harbour,79.61
loc_954,Ponnūru,fh_07,"Construction of Fishing Harbour, Vodarevu",fishing_harbour,70.4
loc_954,Ponnūru,fh_08,"Construction of Fishing Harbour, Machilipattinam",fishing_harbour,63.04
loc_954,Ponnūru,fh_09,"Construction of Fishing Harbour, Nizampattinam",fishing_harbour,21.17
loc_964,Sāmalkot,fh_01,Development of Pudimadaka Fishing Harbour,fishing_harbour,96.31
loc_964,Sāmalkot,fh_06,"Construction of Fishing Harbour, Uppada",fishing_harbour,17.58
loc_969,Tirūrangādi,fh_27,Upgradation and modernization of Harbour in Ponnani,fishing_harbour,30.38
loc_969,Tirūrangādi,fh_28,Upgradation and modernization of Harbour in Puthiyappa,fishing_harbour,36.71
loc_969,Tirūrangādi,fh_29,Upgradation and modernization of Harbour in Koyilandy,fishing_harbour,50.4
loc_969,Tirūrangādi,fh_31,Maintenance dredging of existing harbor in Chettuva,fishing_harbour,70.88
loc_969,Tirūrangādi,fh_32,Maintenance dredging of existing harbor in Ponnani,fishing_harbour,30.38
loc_969,Tirūrangādi,fh_33,Maintenance dredging of existing harbor in Beypore,fishing_harbour,18.76
loc_969,Tirūrangādi,fh_34,Maintenance dredging of existing harbor in Puthiyappa,fishing_harbour,36.71
loc_970,Tennala,fh_27,Upgradation and modernization of Harbour in Ponnani,fishing_harbour,24.85
loc_970,Tennala,fh_28,Upgradation and modernization of Harbour in Puthiyappa,fishing_harbour,42.09
loc_970,Tennala,fh_29,Upgradation and modernization of Harbour in Koyilandy,fishing_harbour,55.88
loc_970,Tennala,fh_31,Maintenance dredging of existing harbor in Chettuva,fishing_harbour,65.21
loc_970,Tennala,fh_32,Maintenance dredging of existing harbor in Ponnani,fishing_harbour,24.85
loc_970,Tennala,fh_33,Maintenance dredging of existing harbor in Beypore,fishing_harbour,23.91
loc_970,Tennala,fh_34,Maintenance dredging of existing harbor in Puthiyappa,fishing_harbour,42.09
loc_984,Tirur,fh_27,Upgradation and modernization of Harbour in Ponnani,fishing_harbour,16.01
loc_984,Tirur,fh_28,Upgradation and modernization of Harbour in Puthiyappa,fishing_harbour,49.32
loc_984,Tirur,fh_29,Upgradation and modernization of Harbour in Koyilandy,fishing_harbour,63.3
loc_984,Tirur,fh_31,Maintenance dredging of existing harbor in Chettuva,fishing_harbour,56.95
loc_984,Tirur,fh_32,Maintenance dredging of existing harbor in Ponnani,fishing_harbour,16.01
loc_984,Tirur,fh_33,Maintenance dredging of existing harbor in Beypore,fishing_harbour,30.98
loc_984,Tirur,fh_34,Maintenance dredging of existing harbor in Puthiyappa,fishing_harbour,49.32
loc_992,Yanam,fh_06,"Construction of Fishing Harbour, Uppada",fishing_harbour,40.85
loc_995,Moonniyur,fh_27,Upgradation and modernization of Harbour in Ponnani,fishing_harbour,32.35
loc_995,Moonniyur,fh_28,Upgradation and modernization of Harbour in Puthiyappa,fishing_harbour,33.97
loc_995,Moonniyur,fh_29,Upgradation and modernization of Harbour in Koyilandy,fishing_harbour,47.74
loc_995,Moonniyur,fh_31,Maintenance dredging of existing harbor in Chettuva,fishing_harbour,73.17
loc_995,Moonniyur,fh_32,Maintenance dredging of existing harbor in Ponnani,fishing_harbour,32.35
loc_995,Moonniyur,fh_33,Maintenance dredging of existing harbor in Beypore,fishing_harbour,15.92
loc_995,Moonniyur,fh_34,Maintenance dredging of existing harbor in Puthiyappa,fishing_harbour,33.97
loc_997,Kottayam,fh_24,"Modernization and up-gradation of Cochin Fishing Harbour at Thoppumpady, Cochin",fishing_harbour,47.05
loc_997,Kottayam,fh_30,Maintenance dredging of existing harbor in Kayamkulam,fishing_harbour,45.31
loc_997,Kottayam,fh_35,Development of Arthungal Fishing Harbor (Balance work),fishing_harbour,22.95
loc_997,Kottayam,port_02,Cochin Port,port,50.54
loc_1008,Bhīmunipatnam,fh_01,Development of Pudimadaka Fishing Harbour,fishing_harbour,68.32
loc_1008,Bhīmunipatnam,fh_04,Modernization and up-gradation of Vishakapatnam Fishing Harbour,fishing_harbour,28.1
loc_1008,Bhīmunipatnam,port_06,Visakhapatnam Port,port,27.84
loc_1010,Kavanur,fh_53,Modernization and up-gradation of Chennai Fishing Harbour,fishing_harbour,26.5
loc_1010,Kavanur,fh_56,Construction of Fishing harbour at ThiruvottriyurKuppam,fishing_harbour,33.69
loc_1010,Kavanur,port_05,Chennai Port,port,25.6
loc_1010,Kavanur,port_11,Kamarajar Port,port,39.46
loc_1011,Pithāpuram,fh_01,Development of Pudimadaka Fishing Harbour,fishing_harbour,85.94
loc_1011,Pithāpuram,fh_06,"Construction of Fishing Harbour, Uppada",fishing_harbour,10.13
loc_1026,Kāsaragod,fh_17,Modernisation and Upgradation of Mangalore Fishing Harbour,fishing_harbour,48.3
loc_1026,Kāsaragod,fh_18,Modernisation of Malpe Fishing Harbour,fishing_harbour,99.76
loc_1026,Kāsaragod,fh_22,Kulai Fishing Harbour,fishing_harbour,55.3
loc_1026,Kāsaragod,fh_23,Hejmadi Kodi Fishing Harbour,fishing_harbour,70.65
loc_1026,Kāsaragod,fh_26,Expansion of Kasaragod Fishing Harbour,fishing_harbour,0.19
loc_1026,Kāsaragod,port_03,New Mangalore Port,port,51.5
loc_1040,Pallichal,fh_25,Expansion of Muthalapozhy Fishing Harbour,fishing_harbour,31.77
loc_1040,Pallichal,fh_30,Maintenance dredging of existing harbor in Kayamkulam,fishing_harbour,99.65
loc_1040,Pallichal,fh_54,Maintenance Dredging of Colachel Fishing Harbour,fishing_harbour,38.84
loc_1040,Pallichal,fh_61,Expansion and Modernization of Thengapattinam Fishing,fishing_harbour,23.31
loc_1054,Tuni,fh_01,Development of Pudimadaka Fishing Harbour,fishing_harbour,46.37
loc_1054,Tuni,fh_04,Modernization and up-gradation of Vishakapatnam Fishing Harbour,fishing_harbour,87.04
loc_1054,Tuni,fh_06,"Construction of Fishing Harbour, Uppada",fishing_harbour,37.97
loc_1054,Tuni,port_06,Visakhapatnam Port,port,86.88
loc_1059,Ullagaram,fh_53,Modernization and up-gradation of Chennai Fishing Harbour,fishing_harbour,16.64
loc_1059,Ullagaram,fh_56,Construction of Fishing harbour at ThiruvottriyurKuppam,fishing_harbour,25.66
loc_1059,Ullagaram,port_05,Chennai Port,port,15.71
loc_1059,Ullagaram,port_11,Kamarajar Port,port,32.89
loc_1063,Amalāpuram,fh_06,"Construction of Fishing Harbour, Uppada",fishing_harbour,66.11
loc_1069,Baruipur,fh_63,Modernisation and upgradation of existing fishing harbour at Petuaghat,fishing_harbour,85.81
loc_1069,Baruipur,fh_65,Modernisation and upgradation of existing fishing harbour at Frasergunj,fishing_harbour,91.31
loc_1069,Baruipur,fh_66,Modernisation and upgradation of existing fishing harbour at Kakdwip,fishing_harbour,59.92
loc_1069,Baruipur,port_08,Kolkata Port,port,24.92
loc_1069,Baruipur,port_09,Syama Prasad Mookerjee Port Haldia,port,53.5
loc_1077,Dabhel,fh_44,Development of Fishing Harbour at Satpati,fishing_harbour,78.49
loc_1085,Ramapuram,fh_53,Modernization and up-gradation of Chennai Fishing Harbour,fishing_harbour,14.29
loc_1085,Ramapuram,fh_56,Construction of Fishing harbour at ThiruvottriyurKuppam,fishing_harbour,22.17
loc_1085,Ramapuram,port_05,Chennai Port,port,13.38
loc_1085,Ramapuram,port_11,Kamarajar Port,port,28.76
loc_1093,Changanācheri,fh_24,"Modernization and up-gradation of Cochin Fishing Harbour at Thoppumpady, Cochin",fishing_harbour,61.6
loc_1093,Changanācheri,fh_25,Expansion of Muthalapozhy Fishing Harbour,fishing_harbour,97.39
loc_1093,Changanācheri,fh_30,Maintenance dredging of existing harbor in Kayamkulam,fishing_harbour,29.4
loc_1093,Changanācheri,fh_35,Development of Arthungal Fishing Harbor (Balance work),fishing_harbour,34.96
loc_1093,Changanācheri,port_02,Cochin Port,port,65.24
loc_1095,Māndvi,fh_10,Development of Smart and Integrated Fishing Harbour at Jakhau,fishing_harbour,78.35
loc_1095,Māndvi,port_12,Deendayal Port,port,90.17
loc_1095,Māndvi,port_13,Mundra Port,port,39.08
loc_1101,Vazhakkala,fh_24,"Modernization and up-gradation of Cochin Fishing Harbour at Thoppumpady, Cochin",fishing_harbour,11.04
loc_1101,Vazhakkala,fh_27,Upgradation and modernization of Harbour in Ponnani,fishing_harbour,94.74
loc_1101,Vazhakkala,fh_30,Maintenance dredging of existing harbor in Kayamkulam,fishing_harbour,94.5
loc_1101,Vazhakkala,fh_31,Maintenance dredging of existing harbor in Chettuva,fishing_harbour,53.89
loc_1101,Vazhakkala,fh_32,Maintenance dredging of existing harbor in Ponnani,fishing_harbour,94.74
loc_1101,Vazhakkala,fh_35,Development of Arthungal Fishing Harbor (Balance work),fishing_harbour,35.88
loc_1101,Vazhakkala,port_02,Cochin Port,port,8.88
loc_1113,Repalle,fh_03,Development of Kothapatnam Fishing Harbour,fishing_harbour,93.93
loc_1113,Repalle,fh_07,"Construction of Fishing Harbour, Vodarevu",fishing_harbour,87.71
loc_1113,Repalle,fh_08,"Construction of Fishing Harbour, Machilipattinam",fishing_harbour,36.78
loc_1113,Repalle,fh_09,"Construction of Fishing Harbour, Nizampattinam",fishing_harbour,23.28
loc_1121,Dāhānu,fh_44,Development of Fishing Harbour at Satpati,fishing_harbour,26.66
loc_1143,Kizhake Chālakudi,fh_24,"Modernization and up-gradation of Cochin Fishing Harbour at Thoppumpady, Cochin",fishing_harbour,41.88
loc_1143,Kizhake Chālakudi,fh_27,Upgradation and modernization of Harbour in Ponnani,fishing_harbour,68.62
loc_1143,Kizhake Chālakudi,fh_31,Maintenance dredging of existing harbor in Chettuva,fishing_harbour,33.14
loc_1143,Kizhake Chālakudi,fh_32,Maintenance dredging of existing harbor in Ponnani,fishing_harbour,68.62
loc_1143,Kizhake Chālakudi,fh_35,Development of Arthungal Fishing Harbor (Balance work),fishing_harbour,67.9
loc_1143,Kizhake Chālakudi,port_02,Cochin Port,port,38.43
loc_1145,Peddāpuram,fh_01,Development of Pudimadaka Fishing Harbour,fishing_harbour,98.74
loc_1145,Peddāpuram,fh_06,"Construction of Fishing Harbour, Uppada",fishing_harbour,21.44
loc_1159,Tamlūk,fh_63,Modernisation and upgradation of existing fishing harbour at Petuaghat,fishing_harbour,58.03
loc_1159,Tamlūk,fh_64,Modernisation and upgradation of existing fishing harbour at Shankarpur,fishing_harbour,78.2
loc_1159,Tamlūk,fh_65,Modernisation and upgradation of existing fishing harbour at Frasergunj,fishing_harbour,89.29
loc_1159,Tamlūk,fh_66,Modernisation and upgradation of existing fishing harbour at Kakdwip,fishing_harbour,53.62
loc_1159,Tamlūk,port_08,Kolkata Port,port,48.99
loc_1159,Tamlūk,port_09,Syama Prasad Mookerjee Port Haldia,port,33.13
loc_1160,Vengara,fh_27,Upgradation and modernization of Harbour in Ponnani,fishing_harbour,31.66
loc_1160,Vengara,fh_28,Upgradation and modernization of Harbour in Puthiyappa,fishing_harbour,39.63
loc_1160,Vengara,fh_29,Upgradation and modernization of Harbour in Koyilandy,fishing_harbour,52.84
loc_1160,Vengara,fh_31,Maintenance dredging of existing harbor in Chettuva,fishing_harbour,70.71
loc_1160,Vengara,fh_32,Maintenance dredging of existing harbor in Ponnani,fishing_harbour,31.66
loc_1160,Vengara,fh_33,Maintenance dredging of existing harbor in Beypore,fishing_harbour,22.62
loc_1160,Vengara,fh_34,Maintenance dredging of existing harbor in Puthiyappa,fishing_harbour,39.63
loc_1173,Anakaputhur,fh_53,Modernization and up-gradation of Chennai Fishing Harbour,fishing_harbour,22.27
loc_1173,Anakaputhur,fh_56,Construction of Fishing harbour at ThiruvottriyurKuppam,fishing_harbour,30.32
loc_1173,Anakaputhur,port_05,Chennai Port,port,21.34
loc_1173,Anakaputhur,port_11,Kamarajar Port,port,36.78
loc_1174,Tānālūr,fh_27,Upgradation and modernization of Harbour in Ponnani,fishing_harbour,20.31
loc_1174,Tānālūr,fh_28,Upgradation and modernization of Harbour in Puthiyappa,fishing_harbour,44.96
loc_1174,Tānālūr,fh_29,Upgradation and modernization of Harbour in Koyilandy,fishing_harbour,58.93
loc_1174,Tānālūr,fh_31,Maintenance dredging of existing harbor in Chettuva,fishing_harbour,61.35
loc_1174,Tānālūr,fh_32,Maintenance dredging of existing harbor in Ponnani,fishing_harbour,20.31
loc_1174,Tānālūr,fh_33,Maintenance dredging of existing harbor in Beypore,fishing_harbour,26.61
loc_1174,Tānālūr,fh_34,Maintenance dredging of existing harbor in Puthiyappa,fishing_harbour,44.96
loc_1184,Chhaya,fh_11,3rd Stage of Mangarol Fishing Harbour,fishing_harbour,51.7
loc_1184,Chhaya,fh_12,Development of Fishery Harbour at Navabandar,fishing_harbour,14.74
loc_1184,Chhaya,fh_15,Development of Fishery Harbour Porbandar – Phase 2,fishing_harbour,2.76
loc_1195,Kunnamangalam,fh_27,Upgradation and modernization of Harbour in Ponnani,fishing_harbour,59.72
loc_1195,Kunnamangalam,fh_28,Upgradation and modernization of Harbour in Puthiyappa,fishing_harbour,15.11
loc_1195,Kunnamangalam,fh_29,Upgradation and modernization of Harbour in Koyilandy,fishing_harbour,24.54
loc_1195,Kunnamangalam,fh_32,Maintenance dredging of existing harbor in Ponnani,fishing_harbour,59.72
loc_1195,Kunnamangalam,fh_33,Maintenance dredging of existing harbor in Beypore,fishing_harbour,16.69
loc_1195,Kunnamangalam,fh_34,Maintenance dredging of existing harbor in Puthiyappa,fishing_harbour,15.11
loc_1196,Valasaravakkam,fh_53,Modernization and up-gradation of Chennai Fishing Harbour,fishing_harbour,14.73
loc_1196,Valasaravakkam,fh_56,Construction of Fishing harbour at ThiruvottriyurKuppam,fishing_harbour,22.08
loc_1196,Valasaravakkam,port_05,Chennai Port,port,13.85
loc_1196,Valasaravakkam,port_11,Kamarajar Port,port,28.36
loc_1198,Alangad,fh_24,"Modernization and up-gradation of Cochin Fishing Harbour at Thoppumpady, Cochin",fishing_harbour,19.25
loc_1198,Alangad,fh_27,Upgradation and modernization of Harbour in Ponnani,fishing_harbour,84.13
loc_1198,Alangad,fh_31,Maintenance dredging of existing harbor in Chettuva,fishing_harbour,43.47
loc_1198,Alangad,fh_32,Maintenance dredging of existing harbor in Ponnani,fishing_harbour,84.13
loc_1198,Alangad,fh_35,Development of Arthungal Fishing Harbor (Balance work),fishing_harbour,46.12
loc_1198,Alangad,port_02,Cochin Port,port,15.75
loc_1199,Alengād,fh_24,"Modernization and up-gradation of Cochin Fishing Harbour at Thoppumpady, Cochin",fishing_harbour,21.31
loc_1199,Alengād,fh_27,Upgradation and modernization of Harbour in Ponnani,fishing_harbour,83.05
loc_1199,Alengād,fh_31,Maintenance dredging of existing harbor in Chettuva,fishing_harbour,42.69
loc_1199,Alengād,fh_32,Maintenance dredging of existing harbor in Ponnani,fishing_harbour,83.05
loc_1199,Alengād,fh_35,Development of Arthungal Fishing Harbor (Balance work),fishing_harbour,47.88
loc_1199,Alengād,port_02,Cochin Port,port,17.87
loc_1200,Punalūr,fh_25,Expansion of Muthalapozhy Fishing Harbour,fishing_harbour,49.21
loc_1200,Punalūr,fh_30,Maintenance dredging of existing harbor in Kayamkulam,fishing_harbour,49.71
loc_1200,Punalūr,fh_35,Development of Arthungal Fishing Harbor (Balance work),fishing_harbour,98.2
loc_1200,Punalūr,fh_61,Expansion and Modernization of Thengapattinam Fishing,fishing_harbour,85.95
loc_1202,Vattiyūrkāvu,fh_25,Expansion of Muthalapozhy Fishing Harbour,fishing_harbour,24.44
loc_1202,Vattiyūrkāvu,fh_30,Maintenance dredging of existing harbor in Kayamkulam,fishing_harbour,90.52
loc_1202,Vattiyūrkāvu,fh_54,Maintenance Dredging of Colachel Fishing Harbour,fishing_harbour,47.9
loc_1202,Vattiyūrkāvu,fh_61,Expansion and Modernization of Thengapattinam Fishing,fishing_harbour,32.47
loc_1205,Komalapuram,fh_24,"Modernization and up-gradation of Cochin Fishing Harbour at Thoppumpady, Cochin",fishing_harbour,43.88
loc_1205,Komalapuram,fh_30,Maintenance dredging of existing harbor in Kayamkulam,fishing_harbour,43.8
loc_1205,Komalapuram,fh_35,Development of Arthungal Fishing Harbor (Balance work),fishing_harbour,16.47
loc_1205,Komalapuram,port_02,Cochin Port,port,47.65
loc_1206,Mattanur,fh_26,Expansion of Kasaragod Fishing Harbour,fishing_harbour,89.49
loc_1206,Mattanur,fh_28,Upgradation and modernization of Harbour in Puthiyappa,fishing_harbour,70.29
loc_1206,Mattanur,fh_29,Upgradation and modernization of Harbour in Koyilandy,fishing_harbour,56.27
loc_1206,Mattanur,fh_33,Maintenance dredging of existing harbor in Beypore,fishing_harbour,88.43
loc_1206,Mattanur,fh_34,Maintenance dredging of existing harbor in Puthiyappa,fishing_harbour,70.29
loc_1210,Pallikal,fh_27,Upgradation and modernization of Harbour in Ponnani,fishing_harbour,40.84
loc_1210,Pallikal,fh_28,Upgradation and modernization of Harbour in Puthiyappa,fishing_harbour,28.7
loc_1210,Pallikal,fh_29,Upgradation and modernization of Harbour in Koyilandy,fishing_harbour,41.71
loc_1210,Pallikal,fh_31,Maintenance dredging of existing harbor in Chettuva,fishing_harbour,81.09
loc_1210,Pallikal,fh_32,Maintenance dredging of existing harbor in Ponnani,fishing_harbour,40.84
loc_1210,Pallikal,fh_33,Maintenance dredging of existing harbor in Beypore,fishing_harbour,13.14
loc_1210,Pallikal,fh_34,Maintenance dredging of existing harbor in Puthiyappa,fishing_harbour,28.7
loc_1218,Porur,fh_53,Modernization and up-gradation of Chennai Fishing Harbour,fishing_harbour,16.5
loc_1218,Porur,fh_56,Construction of Fishing harbour at ThiruvottriyurKuppam,fishing_harbour,23.86
loc_1218,Porur,port_05,Chennai Port,port,15.62
loc_1218,Porur,port_11,Kamarajar Port,port,30.06
loc_1219,Nellikkuppam,fh_45,Development of Smart and Integrated Fishing Harbour at Karaikal,fishing_harbour,96.92
loc_1219,Nellikkuppam,fh_49,Construction of Fishing Harbour at Thengaithittu,fishing_harbour,21.39
loc_1219,Nellikkuppam,fh_50,Upgradation of Puducherry Fishing Harbour,fishing_harbour,24.44
loc_1219,Nellikkuppam,fh_52,Up-gradation of Pazhayar Fishing Harbour,fishing_harbour,50.81
loc_1219,Nellikkuppam,fh_55,Construction of Fishing harbour at Tharangampadi,fishing_harbour,85.19
loc_1219,Nellikkuppam,fh_57,Development of existing Fishing Harbour at Mudhunagar,fishing_harbour,11.57
loc_1219,Nellikkuppam,fh_59,Construction of Fishing harbour at Azhagankuppam,fishing_harbour,38.11
loc_1239,Rānāvāv,fh_11,3rd Stage of Mangarol Fishing Harbour,fishing_harbour,43.02
loc_1239,Rānāvāv,fh_12,Development of Fishery Harbour at Navabandar,fishing_harbour,25.66
loc_1239,Rānāvāv,fh_15,Development of Fishery Harbour Porbandar – Phase 2,fishing_harbour,14.9
loc_1243,Milavittan,fh_62,Extension of T-Jetty at Tharuvaikulam,fishing_harbour,5.4
loc_1243,Milavittan,port_10,V.O. Chidambaranar Port,port,12.73
loc_1245,Cherthala,fh_24,"Modernization and up-gradation of Cochin Fishing Harbour at Thoppumpady, Cochin",fishing_harbour,28.23
loc_1245,Cherthala,fh_30,Maintenance dredging of existing harbor in Kayamkulam,fishing_harbour,58.92
loc_1245,Cherthala,fh_31,Maintenance dredging of existing harbor in Chettuva,fishing_harbour,87.18
loc_1245,Cherthala,fh_35,Development of Arthungal Fishing Harbor (Balance work),fishing_harbour,0.79
loc_1245,Cherthala,port_02,Cochin Port,port,32.0
loc_1249,Chirakkal,fh_26,Expansion of Kasaragod Fishing Harbour,fishing_harbour,76.76
loc_1249,Chirakkal,fh_28,Upgradation and modernization of Harbour in Puthiyappa,fishing_harbour,77.75
loc_1249,Chirakkal,fh_29,Upgradation and modernization of Harbour in Koyilandy,fishing_harbour,64.22
loc_1249,Chirakkal,fh_33,Maintenance dredging of existing harbor in Beypore,fishing_harbour,95.97
loc_1249,Chirakkal,fh_34,Maintenance dredging of existing harbor in Puthiyappa,fishing_harbour,77.75
loc_1253,Shertallai,fh_24,"Modernization and up-gradation of Cochin Fishing Harbour at Thoppumpady, Cochin",fishing_harbour,28.21
loc_1253,Shertallai,fh_30,Maintenance dredging of existing harbor in Kayamkulam,fishing_harbour,58.92
loc_1253,Shertallai,fh_31,Maintenance dredging of existing harbor in Chettuva,fishing_harbour,87.2
loc_1253,Shertallai,fh_35,Development of Arthungal Fishing Harbor (Balance work),fishing_harbour,0.47
loc_1253,Shertallai,port_02,Cochin Port,port,31.98
loc_1254,Kodur,fh_27,Upgradation and modernization of Harbour in Ponnani,fishing_harbour,31.27
loc_1254,Kodur,fh_28,Upgradation and modernization of Harbour in Puthiyappa,fishing_harbour,49.44
loc_1254,Kodur,fh_29,Upgradation and modernization of Harbour in Koyilandy,fishing_harbour,62.13
loc_1254,Kodur,fh_31,Maintenance dredging of existing harbor in Chettuva,fishing_harbour,66.2
loc_1254,Kodur,fh_32,Maintenance dredging of existing harbor in Ponnani,fishing_harbour,31.27
loc_1254,Kodur,fh_33,Maintenance dredging of existing harbor in Beypore,fishing_harbour,33.19
loc_1254,Kodur,fh_34,Maintenance dredging of existing harbor in Puthiyappa,fishing_harbour,49.44
loc_1256,Meddappakkam,fh_53,Modernization and up-gradation of Chennai Fishing Harbour,fishing_harbour,22.45
loc_1256,Meddappakkam,fh_56,Construction of Fishing harbour at ThiruvottriyurKuppam,fishing_harbour,31.8
loc_1256,Meddappakkam,port_05,Chennai Port,port,21.57
loc_1256,Meddappakkam,port_11,Kamarajar Port,port,39.29
loc_1273,Maradu,fh_24,"Modernization and up-gradation of Cochin Fishing Harbour at Thoppumpady, Cochin",fishing_harbour,5.94
loc_1273,Maradu,fh_30,Maintenance dredging of existing harbor in Kayamkulam,fishing_harbour,86.31
loc_1273,Maradu,fh_31,Maintenance dredging of existing harbor in Chettuva,fishing_harbour,61.02
loc_1273,Maradu,fh_35,Development of Arthungal Fishing Harbor (Balance work),fishing_harbour,27.47
loc_1273,Maradu,port_02,Cochin Port,port,7.34
loc_1282,Kottangara,fh_25,Expansion of Muthalapozhy Fishing Harbour,fishing_harbour,38.9
loc_1282,Kottangara,fh_30,Maintenance dredging of existing harbor in Kayamkulam,fishing_harbour,32.7
loc_1282,Kottangara,fh_35,Development of Arthungal Fishing Harbor (Balance work),fishing_harbour,91.57
loc_1282,Kottangara,fh_61,Expansion and Modernization of Thengapattinam Fishing,fishing_harbour,90.51
loc_1284,Kōttakkal,fh_27,Upgradation and modernization of Harbour in Ponnani,fishing_harbour,26.99
loc_1284,Kōttakkal,fh_28,Upgradation and modernization of Harbour in Puthiyappa,fishing_harbour,45.85
loc_1284,Kōttakkal,fh_29,Upgradation and modernization of Harbour in Koyilandy,fishing_harbour,59.15
loc_1284,Kōttakkal,fh_31,Maintenance dredging of existing harbor in Chettuva,fishing_harbour,64.86
loc_1284,Kōttakkal,fh_32,Maintenance dredging of existing harbor in Ponnani,fishing_harbour,26.99
loc_1284,Kōttakkal,fh_33,Maintenance dredging of existing harbor in Beypore,fishing_harbour,28.49
loc_1284,Kōttakkal,fh_34,Maintenance dredging of existing harbor in Puthiyappa,fishing_harbour,45.85
loc_1289,Daman,fh_44,Development of Fishing Harbour at Satpati,fishing_harbour,77.74
loc_1295,Gūduvāncheri,fh_53,Modernization and up-gradation of Chennai Fishing Harbour,fishing_harbour,37.61
loc_1295,Gūduvāncheri,fh_56,Construction of Fishing harbour at ThiruvottriyurKuppam,fishing_harbour,46.44
loc_1295,Gūduvāncheri,fh_59,Construction of Fishing harbour at Azhagankuppam,fishing_harbour,90.57
loc_1295,Gūduvāncheri,port_05,Chennai Port,port,36.68
loc_1295,Gūduvāncheri,port_11,Kamarajar Port,port,53.33
loc_1300,Olavanna,fh_27,Upgradation and modernization of Harbour in Ponnani,fishing_harbour,50.98
loc_1300,Olavanna,fh_28,Upgradation and modernization of Harbour in Puthiyappa,fishing_harbour,15.15
loc_1300,Olavanna,fh_29,Upgradation and modernization of Harbour in Koyilandy,fishing_harbour,28.57
loc_1300,Olavanna,fh_31,Maintenance dredging of existing harbor in Chettuva,fishing_harbour,92.19
loc_1300,Olavanna,fh_32,Maintenance dredging of existing harbor in Ponnani,fishing_harbour,50.98
loc_1300,Olavanna,fh_33,Maintenance dredging of existing harbor in Beypore,fishing_harbour,5.91
loc_1300,Olavanna,fh_34,Maintenance dredging of existing harbor in Puthiyappa,fishing_harbour,15.15
loc_1303,Saint Thomas Mount,fh_53,Modernization and up-gradation of Chennai Fishing Harbour,fishing_harbour,14.81
loc_1303,Saint Thomas Mount,fh_56,Construction of Fishing harbour at ThiruvottriyurKuppam,fishing_harbour,23.53
loc_1303,Saint Thomas Mount,port_05,Chennai Port,port,13.88
loc_1303,Saint Thomas Mount,port_11,Kamarajar Port,port,30.58
loc_1307,Kanuru,fh_08,"Construction of Fishing Harbour, Machilipattinam",fishing_harbour,17.76
loc_1307,Kanuru,fh_09,"Construction of Fishing Harbour, Nizampattinam",fishing_harbour,77.55
loc_1309,Rāmachandrapuram,fh_06,"Construction of Fishing Harbour, Uppada",fishing_harbour,42.78
loc_1310,Panachikkad,fh_24,"Modernization and up-gradation of Cochin Fishing Harbour at Thoppumpady, Cochin",fishing_harbour,53.48
loc_1310,Panachikkad,fh_30,Maintenance dredging of existing harbor in Kayamkulam,fishing_harbour,39.14
loc_1310,Panachikkad,fh_35,Development of Arthungal Fishing Harbor (Balance work),fishing_harbour,28.31
loc_1310,Panachikkad,port_02,Cochin Port,port,57.02
loc_1312,Pallikaranai,fh_53,Modernization and up-gradation of Chennai Fishing Harbour,fishing_harbour,19.26
loc_1312,Pallikaranai,fh_56,Construction of Fishing harbour at ThiruvottriyurKuppam,fishing_harbour,28.66
loc_1312,Pallikaranai,port_05,Chennai Port,port,18.4
loc_1312,Pallikaranai,port_11,Kamarajar Port,port,36.23
loc_1317,Varkala,fh_25,Expansion of Muthalapozhy Fishing Harbour,fishing_harbour,16.37
loc_1317,Varkala,fh_30,Maintenance dredging of existing harbor in Kayamkulam,fishing_harbour,55.08
loc_1317,Varkala,fh_54,Maintenance Dredging of Colachel Fishing Harbour,fishing_harbour,85.0
loc_1317,Varkala,fh_61,Expansion and Modernization of Thengapattinam Fishing,fishing_harbour,69.36
loc_1321,Choornikkara,fh_24,"Modernization and up-gradation of Cochin Fishing Harbour at Thoppumpady, Cochin",fishing_harbour,19.2
loc_1321,Choornikkara,fh_27,Upgradation and modernization of Harbour in Ponnani,fishing_harbour,88.17
loc_1321,Choornikkara,fh_31,Maintenance dredging of existing harbor in Chettuva,fishing_harbour,48.06
loc_1321,Choornikkara,fh_32,Maintenance dredging of existing harbor in Ponnani,fishing_harbour,88.17
loc_1321,Choornikkara,fh_35,Development of Arthungal Fishing Harbor (Balance work),fishing_harbour,44.24
loc_1321,Choornikkara,port_02,Cochin Port,port,16.33
loc_1322,Perungudi,fh_53,Modernization and up-gradation of Chennai Fishing Harbour,fishing_harbour,15.71
loc_1322,Perungudi,fh_56,Construction of Fishing harbour at ThiruvottriyurKuppam,fishing_harbour,25.17
loc_1322,Perungudi,port_05,Chennai Port,port,14.88
loc_1322,Perungudi,port_11,Kamarajar Port,port,32.83
loc_1331,Kottuvalli,fh_24,"Modernization and up-gradation of Cochin Fishing Harbour at Thoppumpady, Cochin",fishing_harbour,20.31
loc_1331,Kottuvalli,fh_27,Upgradation and modernization of Harbour in Ponnani,fishing_harbour,81.01
loc_1331,Kottuvalli,fh_31,Maintenance dredging of existing harbor in Chettuva,fishing_harbour,39.93
loc_1331,Kottuvalli,fh_32,Maintenance dredging of existing harbor in Ponnani,fishing_harbour,81.01
loc_1331,Kottuvalli,fh_35,Development of Arthungal Fishing Harbor (Balance work),fishing_harbour,47.94
loc_1331,Kottuvalli,port_02,Cochin Port,port,16.56
loc_1336,Kakkodi,fh_27,Upgradation and modernization of Harbour in Ponnani,fishing_harbour,62.72
loc_1336,Kakkodi,fh_28,Upgradation and modernization of Harbour in Puthiyappa,fishing_harbour,6.7
loc_1336,Kakkodi,fh_29,Upgradation and modernization of Harbour in Koyilandy,fishing_harbour,17.35
loc_1336,Kakkodi,fh_32,Maintenance dredging of existing harbor in Ponnani,fishing_harbour,62.72
loc_1336,Kakkodi,fh_33,Maintenance dredging of existing harbor in Beypore,fishing_harbour,16.68
loc_1336,Kakkodi,fh_34,Maintenance dredging of existing harbor in Puthiyappa,fishing_harbour,6.7
loc_1338,Perumbaikad,fh_24,"Modernization and up-gradation of Cochin Fishing Harbour at Thoppumpady, Cochin",fishing_harbour,44.96
loc_1338,Perumbaikad,fh_30,Maintenance dredging of existing harbor in Kayamkulam,fishing_harbour,48.85
loc_1338,Perumbaikad,fh_35,Development of Arthungal Fishing Harbor (Balance work),fishing_harbour,22.43
loc_1338,Perumbaikad,port_02,Cochin Port,port,48.35
loc_1343,Chavara,fh_25,Expansion of Muthalapozhy Fishing Harbour,fishing_harbour,48.5
loc_1343,Chavara,fh_30,Maintenance dredging of existing harbor in Kayamkulam,fishing_harbour,24.1
loc_1343,Chavara,fh_35,Development of Arthungal Fishing Harbor (Balance work),fishing_harbour,83.36
loc_1353,Kumbalangy,fh_24,"Modernization and up-gradation of Cochin Fishing Harbour at Thoppumpady, Cochin",fishing_harbour,5.78
loc_1353,Kumbalangy,fh_30,Maintenance dredging of existing harbor in Kayamkulam,fishing_harbour,81.35
loc_1353,Kumbalangy,fh_31,Maintenance dredging of existing harbor in Chettuva,fishing_harbour,64.86
loc_1353,Kumbalangy,fh_35,Development of Arthungal Fishing Harbor (Balance work),fishing_harbour,21.99
loc_1353,Kumbalangy,port_02,Cochin Port,port,9.55
loc_1364,Canning,fh_63,Modernisation and upgradation of existing fishing harbour at Petuaghat,fishing_harbour,99.53
loc_1364,Canning,fh_65,Modernisation and upgradation of existing fishing harbour at Frasergunj,fishing_harbour,93.67
loc_1364,Canning,fh_66,Modernisation and upgradation of existing fishing harbour at Kakdwip,fishing_harbour,69.47
loc_1364,Canning,port_08,Kolkata Port,port,45.46
loc_1364,Canning,port_09,Syama Prasad Mookerjee Port Haldia,port,69.85
loc_1370,Abdu Rahiman Nagar,fh_27,Upgradation and modernization of Harbour in Ponnani,fishing_harbour,33.35
loc_1370,Abdu Rahiman Nagar,fh_28,Upgradation and modernization of Harbour in Puthiyappa,fishing_harbour,35.27
loc_1370,Abdu Rahiman Nagar,fh_29,Upgradation and modernization of Harbour in Koyilandy,fishing_harbour,48.71
loc_1370,Abdu Rahiman Nagar,fh_31,Maintenance dredging of existing harbor in Chettuva,fishing_harbour,73.46
loc_1370,Abdu Rahiman Nagar,fh_32,Maintenance dredging of existing harbor in Ponnani,fishing_harbour,33.35
loc_1370,Abdu Rahiman Nagar,fh_33,Maintenance dredging of existing harbor in Beypore,fishing_harbour,17.93
loc_1370,Abdu Rahiman Nagar,fh_34,Maintenance dredging of existing harbor in Puthiyappa,fishing_harbour,35.27
loc_1374,Mahē,fh_28,Upgradation and modernization of Harbour in Puthiyappa,fishing_harbour,47.98
loc_1374,Mahē,fh_29,Upgradation and modernization of Harbour in Koyilandy,fishing_harbour,34.22
loc_1374,Mahē,fh_33,Maintenance dredging of existing harbor in Beypore,fishing_harbour,66.3
loc_1374,Mahē,fh_34,Maintenance dredging of existing harbor in Puthiyappa,fishing_harbour,47.98
loc_1375,Diamond Harbour,fh_63,Modernisation and upgradation of existing fishing harbour at Petuaghat,fishing_harbour,55.31
loc_1375,Diamond Harbour,fh_64,Modernisation and upgradation of existing fishing harbour at Shankarpur,fishing_harbour,86.46
loc_1375,Diamond Harbour,fh_65,Modernisation and upgradation of existing fishing harbour at Frasergunj,fishing_harbour,70.73
loc_1375,Diamond Harbour,fh_66,Modernisation and upgradation of existing fishing harbour at Kakdwip,fishing_harbour,34.78
loc_1375,Diamond Harbour,port_08,Kolkata Port,port,42.7
loc_1375,Diamond Harbour,port_09,Syama Prasad Mookerjee Port Haldia,port,22.48
loc_1380,Khambhāliya,fh_11,3rd Stage of Mangarol Fishing Harbour,fishing_harbour,90.46
loc_1380,Khambhāliya,fh_12,Development of Fishery Harbour at Navabandar,fishing_harbour,78.77
loc_1380,Khambhāliya,fh_15,Development of Fishery Harbour Porbandar – Phase 2,fishing_harbour,63.17
loc_1380,Khambhāliya,port_13,Mundra Port,port,59.71
loc_1382,Trikonavattam,fh_25,Expansion of Muthalapozhy Fishing Harbour,fishing_harbour,34.59
loc_1382,Trikonavattam,fh_30,Maintenance dredging of existing harbor in Kayamkulam,fishing_harbour,37.05
loc_1382,Trikonavattam,fh_35,Development of Arthungal Fishing Harbor (Balance work),fishing_harbour,95.89
loc_1382,Trikonavattam,fh_61,Expansion and Modernization of Thengapattinam Fishing,fishing_harbour,86.21
loc_1384,Kudappanakkunnu,fh_25,Expansion of Muthalapozhy Fishing Harbour,fishing_harbour,20.6
loc_1384,Kudappanakkunnu,fh_30,Maintenance dredging of existing harbor in Kayamkulam,fishing_harbour,86.3
loc_1384,Kudappanakkunnu,fh_54,Maintenance Dredging of Colachel Fishing Harbour,fishing_harbour,52.13
loc_1384,Kudappanakkunnu,fh_61,Expansion and Modernization of Thengapattinam Fishing,fishing_harbour,36.66
loc_1386,Kodīnar,fh_13,Development of Fishery harbour at Madhwad,fishing_harbour,32.51
loc_1386,Kodīnar,fh_14,Development of Fishery Harbour at Veraval – Phase 2,fishing_harbour,36.48
loc_1386,Kodīnar,fh_16,Development of Fishery Harbour at Sutrapada,fishing_harbour,23.44
loc_1386,Kodīnar,fh_46,Development of Smart and Integrated Fishing Harbour at Vanakbara,fishing_harbour,31.35
loc_1391,Kannamangalam,fh_27,Upgradation and modernization of Harbour in Ponnani,fishing_harbour,34.49
loc_1391,Kannamangalam,fh_28,Upgradation and modernization of Harbour in Puthiyappa,fishing_harbour,38.14
loc_1391,Kannamangalam,fh_29,Upgradation and modernization of Harbour in Koyilandy,fishing_harbour,51.1
loc_1391,Kannamangalam,fh_31,Maintenance dredging of existing harbor in Chettuva,fishing_harbour,73.34
loc_1391,Kannamangalam,fh_32,Maintenance dredging of existing harbor in Ponnani,fishing_harbour,34.49
loc_1391,Kannamangalam,fh_33,Maintenance dredging of existing harbor in Beypore,fishing_harbour,21.82
loc_1391,Kannamangalam,fh_34,Maintenance dredging of existing harbor in Puthiyappa,fishing_harbour,38.14
loc_1396,Triprangod,fh_27,Upgradation and modernization of Harbour in Ponnani,fishing_harbour,8.29
loc_1396,Triprangod,fh_28,Upgradation and modernization of Harbour in Puthiyappa,fishing_harbour,57.79
loc_1396,Triprangod,fh_29,Upgradation and modernization of Harbour in Koyilandy,fishing_harbour,71.79
loc_1396,Triprangod,fh_31,Maintenance dredging of existing harbor in Chettuva,fishing_harbour,48.51
loc_1396,Triprangod,fh_32,Maintenance dredging of existing harbor in Ponnani,fishing_harbour,8.29
loc_1396,Triprangod,fh_33,Maintenance dredging of existing harbor in Beypore,fishing_harbour,39.46
loc_1396,Triprangod,fh_34,Maintenance dredging of existing harbor in Puthiyappa,fishing_harbour,57.79
loc_1403,Thottada,fh_26,Expansion of Kasaragod Fishing Harbour,fishing_harbour,87.19
loc_1403,Thottada,fh_28,Upgradation and modernization of Harbour in Puthiyappa,fishing_harbour,67.33
loc_1403,Thottada,fh_29,Upgradation and modernization of Harbour in Koyilandy,fishing_harbour,53.74
loc_1403,Thottada,fh_33,Maintenance dredging of existing harbor in Beypore,fishing_harbour,85.58
loc_1403,Thottada,fh_34,Maintenance dredging of existing harbor in Puthiyappa,fishing_harbour,67.33
loc_1404,Kalliyoor,fh_25,Expansion of Muthalapozhy Fishing Harbour,fishing_harbour,31.74
loc_1404,Kalliyoor,fh_54,Maintenance Dredging of Colachel Fishing Harbour,fishing_harbour,38.23
loc_1404,Kalliyoor,fh_61,Expansion and Modernization of Thengapattinam Fishing,fishing_harbour,22.6
loc_1405,Arantāngi,fh_58,Development of Fishing Harbour at Arcottuthurai,fishing_harbour,93.53
loc_1405,Arantāngi,fh_60,Development of Fishing Harbour at Vellapallam,fishing_harbour,95.53
loc_1406,Athiyannur,fh_25,Expansion of Muthalapozhy Fishing Harbour,fishing_harbour,38.77
loc_1406,Athiyannur,fh_54,Maintenance Dredging of Colachel Fishing Harbour,fishing_harbour,31.32
loc_1406,Athiyannur,fh_61,Expansion and Modernization of Thengapattinam Fishing,fishing_harbour,15.75
loc_1407,Icchannūr,fh_27,Upgradation and modernization of Harbour in Ponnani,fishing_harbour,67.82
loc_1407,Icchannūr,fh_28,Upgradation and modernization of Harbour in Puthiyappa,fishing_harbour,6.21
loc_1407,Icchannūr,fh_29,Upgradation and modernization of Harbour in Koyilandy,fishing_harbour,12.2
loc_1407,Icchannūr,fh_32,Maintenance dredging of existing harbor in Ponnani,fishing_harbour,67.82
loc_1407,Icchannūr,fh_33,Maintenance dredging of existing harbor in Beypore,fishing_harbour,21.57
loc_1407,Icchannūr,fh_34,Maintenance dredging of existing harbor in Puthiyappa,fishing_harbour,6.21
loc_1413,Kayalpattinam,fh_62,Extension of T-Jetty at Tharuvaikulam,fishing_harbour,27.73
loc_1413,Kayalpattinam,port_10,V.O. Chidambaranar Port,port,22.34
loc_1417,Nannambra,fh_27,Upgradation and modernization of Harbour in Ponnani,fishing_harbour,24.81
loc_1417,Nannambra,fh_28,Upgradation and modernization of Harbour in Puthiyappa,fishing_harbour,40.81
loc_1417,Nannambra,fh_29,Upgradation and modernization of Harbour in Koyilandy,fishing_harbour,54.73
loc_1417,Nannambra,fh_31,Maintenance dredging of existing harbor in Chettuva,fishing_harbour,65.75
loc_1417,Nannambra,fh_32,Maintenance dredging of existing harbor in Ponnani,fishing_harbour,24.81
loc_1417,Nannambra,fh_33,Maintenance dredging of existing harbor in Beypore,fishing_harbour,22.49
loc_1417,Nannambra,fh_34,Maintenance dredging of existing harbor in Puthiyappa,fishing_harbour,40.81
loc_1421,Kulathummal,fh_25,Expansion of Muthalapozhy Fishing Harbour,fishing_harbour,34.71
loc_1421,Kulathummal,fh_30,Maintenance dredging of existing harbor in Kayamkulam,fishing_harbour,98.37
loc_1421,Kulathummal,fh_54,Maintenance Dredging of Colachel Fishing Harbour,fishing_harbour,40.85
loc_1421,Kulathummal,fh_61,Expansion and Modernization of Thengapattinam Fishing,fishing_harbour,26.38
loc_1422,Ettumānūr,fh_24,"Modernization and up-gradation of Cochin Fishing Harbour at Thoppumpady, Cochin",fishing_harbour,42.97
loc_1422,Ettumānūr,fh_30,Maintenance dredging of existing harbor in Kayamkulam,fishing_harbour,54.76
loc_1422,Ettumānūr,fh_31,Maintenance dredging of existing harbor in Chettuva,fishing_harbour,99.81
loc_1422,Ettumānūr,fh_35,Development of Arthungal Fishing Harbor (Balance work),fishing_harbour,24.14
loc_1422,Ettumānūr,port_02,Cochin Port,port,46.12
loc_1425,Akivīdu,fh_08,"Construction of Fishing Harbour, Machilipattinam",fishing_harbour,52.14
loc_1430,Kāttipparutti,fh_27,Upgradation and modernization of Harbour in Ponnani,fishing_harbour,17.75
loc_1430,Kāttipparutti,fh_28,Upgradation and modernization of Harbour in Puthiyappa,fishing_harbour,60.26
loc_1430,Kāttipparutti,fh_29,Upgradation and modernization of Harbour in Koyilandy,fishing_harbour,73.82
loc_1430,Kāttipparutti,fh_31,Maintenance dredging of existing harbor in Chettuva,fishing_harbour,50.47
loc_1430,Kāttipparutti,fh_32,Maintenance dredging of existing harbor in Ponnani,fishing_harbour,17.75
loc_1430,Kāttipparutti,fh_33,Maintenance dredging of existing harbor in Beypore,fishing_harbour,42.32
loc_1430,Kāttipparutti,fh_34,Maintenance dredging of existing harbor in Puthiyappa,fishing_harbour,60.26
loc_1432,Peringathur,fh_28,Upgradation and modernization of Harbour in Puthiyappa,fishing_harbour,46.88
loc_1432,Peringathur,fh_29,Upgradation and modernization of Harbour in Koyilandy,fishing_harbour,32.87
loc_1432,Peringathur,fh_33,Maintenance dredging of existing harbor in Beypore,fishing_harbour,65.2
loc_1432,Peringathur,fh_34,Maintenance dredging of existing harbor in Puthiyappa,fishing_harbour,46.88
loc_1434,Nādāpuram,fh_28,Upgradation and modernization of Harbour in Puthiyappa,fishing_harbour,41.59
loc_1434,Nādāpuram,fh_29,Upgradation and modernization of Harbour in Koyilandy,fishing_harbour,27.64
loc_1434,Nādāpuram,fh_33,Maintenance dredging of existing harbor in Beypore,fishing_harbour,59.67
loc_1434,Nādāpuram,fh_34,Maintenance dredging of existing harbor in Puthiyappa,fishing_harbour,41.59
loc_1437,Bantvāl,fh_17,Modernisation and Upgradation of Mangalore Fishing Harbour,fishing_harbour,23.32
loc_1437,Bantvāl,fh_18,Modernisation of Malpe Fishing Harbour,fishing_harbour,62.66
loc_1437,Bantvāl,fh_19,Modernisation of Gangoli Fishing Harbour,fishing_harbour,92.78
loc_1437,Bantvāl,fh_22,Kulai Fishing Harbour,fishing_harbour,26.6
loc_1437,Bantvāl,fh_23,Hejmadi Kodi Fishing Harbour,fishing_harbour,36.13
loc_1437,Bantvāl,fh_26,Expansion of Kasaragod Fishing Harbour,fishing_harbour,43.69
loc_1437,Bantvāl,port_03,New Mangalore Port,port,24.3
loc_1439,Mapusa,fh_39,Anandwadi (Fishing Harbour),fishing_harbour,63.47
loc_1439,Mapusa,port_04,Mormugao Port,port,20.27
loc_1445,Mayyanād,fh_25,Expansion of Muthalapozhy Fishing Harbour,fishing_harbour,30.27
loc_1445,Mayyanād,fh_30,Maintenance dredging of existing harbor in Kayamkulam,fishing_harbour,41.31
loc_1445,Mayyanād,fh_54,Maintenance Dredging of Colachel Fishing Harbour,fishing_harbour,98.83
loc_1445,Mayyanād,fh_61,Expansion and Modernization of Thengapattinam Fishing,fishing_harbour,83.2
loc_1446,Mappilaiurani,fh_62,Extension of T-Jetty at Tharuvaikulam,fishing_harbour,1.85
loc_1446,Mappilaiurani,port_10,V.O. Chidambaranar Port,port,10.37
loc_1456,Amudālavalasa,fh_02,Development of Budugatlapalem Fishing Harbour,fishing_harbour,48.47
loc_1462,Kadungalūr,fh_24,"Modernization and up-gradation of Cochin Fishing Harbour at Thoppumpady, Cochin",fishing_harbour,19.16
loc_1462,Kadungalūr,fh_27,Upgradation and modernization of Harbour in Ponnani,fishing_harbour,86.4
loc_1462,Kadungalūr,fh_31,Maintenance dredging of existing harbor in Chettuva,fishing_harbour,46.08
loc_1462,Kadungalūr,fh_32,Maintenance dredging of existing harbor in Ponnani,fishing_harbour,86.4
loc_1462,Kadungalūr,fh_35,Development of Arthungal Fishing Harbor (Balance work),fishing_harbour,45.06
loc_1462,Kadungalūr,port_02,Cochin Port,port,15.99
loc_1468,Manakunnam,fh_24,"Modernization and up-gradation of Cochin Fishing Harbour at Thoppumpady, Cochin",fishing_harbour,12.34
loc_1468,Manakunnam,fh_30,Maintenance dredging of existing harbor in Kayamkulam,fishing_harbour,79.69
loc_1468,Manakunnam,fh_31,Maintenance dredging of existing harbor in Chettuva,fishing_harbour,68.6
loc_1468,Manakunnam,fh_35,Development of Arthungal Fishing Harbor (Balance work),fishing_harbour,22.06
loc_1468,Manakunnam,port_02,Cochin Port,port,14.88
loc_1469,Bhachāu,port_12,Deendayal Port,port,38.63
loc_1469,Bhachāu,port_13,Mundra Port,port,89.0
loc_1471,Kurinjippādi,fh_45,Development of Smart and Integrated Fishing Harbour at Karaikal,fishing_harbour,75.17
loc_1471,Kurinjippādi,fh_49,Construction of Fishing Harbour at Thengaithittu,fishing_harbour,46.21
loc_1471,Kurinjippādi,fh_50,Upgradation of Puducherry Fishing Harbour,fishing_harbour,49.62
loc_1471,Kurinjippādi,fh_52,Up-gradation of Pazhayar Fishing Harbour,fishing_harbour,35.13
loc_1471,Kurinjippādi,fh_55,Construction of Fishing harbour at Tharangampadi,fishing_harbour,64.39
loc_1471,Kurinjippādi,fh_57,Development of existing Fishing Harbour at Mudhunagar,fishing_harbour,26.39
loc_1471,Kurinjippādi,fh_59,Construction of Fishing harbour at Azhagankuppam,fishing_harbour,63.87
loc_1476,Tirkadavūr,fh_25,Expansion of Muthalapozhy Fishing Harbour,fishing_harbour,41.58
loc_1476,Tirkadavūr,fh_30,Maintenance dredging of existing harbor in Kayamkulam,fishing_harbour,30.17
loc_1476,Tirkadavūr,fh_35,Development of Arthungal Fishing Harbor (Balance work),fishing_harbour,89.52
loc_1476,Tirkadavūr,fh_61,Expansion and Modernization of Thengapattinam Fishing,fishing_harbour,94.36
loc_1480,Aroor,fh_24,"Modernization and up-gradation of Cochin Fishing Harbour at Thoppumpady, Cochin",fishing_harbour,7.75
loc_1480,Aroor,fh_30,Maintenance dredging of existing harbor in Kayamkulam,fishing_harbour,79.59
loc_1480,Aroor,fh_31,Maintenance dredging of existing harbor in Chettuva,fishing_harbour,66.84
loc_1480,Aroor,fh_35,Development of Arthungal Fishing Harbor (Balance work),fishing_harbour,20.31
loc_1480,Aroor,port_02,Cochin Port,port,11.41
loc_1481,Othukkungal,fh_27,Upgradation and modernization of Harbour in Ponnani,fishing_harbour,30.69
loc_1481,Othukkungal,fh_28,Upgradation and modernization of Harbour in Puthiyappa,fishing_harbour,45.23
loc_1481,Othukkungal,fh_29,Upgradation and modernization of Harbour in Koyilandy,fishing_harbour,58.17
loc_1481,Othukkungal,fh_31,Maintenance dredging of existing harbor in Chettuva,fishing_harbour,67.72
loc_1481,Othukkungal,fh_32,Maintenance dredging of existing harbor in Ponnani,fishing_harbour,30.69
loc_1481,Othukkungal,fh_33,Maintenance dredging of existing harbor in Beypore,fishing_harbour,28.63
loc_1481,Othukkungal,fh_34,Maintenance dredging of existing harbor in Puthiyappa,fishing_harbour,45.23
loc_1485,Kārakkād,fh_24,"Modernization and up-gradation of Cochin Fishing Harbour at Thoppumpady, Cochin",fishing_harbour,77.42
loc_1485,Kārakkād,fh_27,Upgradation and modernization of Harbour in Ponnani,fishing_harbour,23.47
loc_1485,Kārakkād,fh_28,Upgradation and modernization of Harbour in Puthiyappa,fishing_harbour,87.69
loc_1485,Kārakkād,fh_31,Maintenance dredging of existing harbor in Chettuva,fishing_harbour,18.83
loc_1485,Kārakkād,fh_32,Maintenance dredging of existing harbor in Ponnani,fishing_harbour,23.47
loc_1485,Kārakkād,fh_33,Maintenance dredging of existing harbor in Beypore,fishing_harbour,69.37
loc_1485,Kārakkād,fh_34,Maintenance dredging of existing harbor in Puthiyappa,fishing_harbour,87.69
loc_1485,Kārakkād,port_02,Cochin Port,port,73.67
loc_1491,Paravūr Tekkumbhāgam,fh_25,Expansion of Muthalapozhy Fishing Harbour,fishing_harbour,24.91
loc_1491,Paravūr Tekkumbhāgam,fh_30,Maintenance dredging of existing harbor in Kayamkulam,fishing_harbour,46.65
loc_1491,Paravūr Tekkumbhāgam,fh_54,Maintenance Dredging of Colachel Fishing Harbour,fishing_harbour,93.64
loc_1491,Paravūr Tekkumbhāgam,fh_61,Expansion and Modernization of Thengapattinam Fishing,fishing_harbour,78.01
loc_1493,Dwārka,fh_15,Development of Fishery Harbour Porbandar – Phase 2,fishing_harbour,93.97
loc_1493,Dwārka,port_13,Mundra Port,port,95.24
loc_1496,Rangat,port_14,Port Blair Port,port,95.01
loc_1501,Vetapālem,fh_03,Development of Kothapatnam Fishing Harbour,fishing_harbour,40.35
loc_1501,Vetapālem,fh_07,"Construction of Fishing Harbour, Vodarevu",fishing_harbour,29.95
loc_1501,Vetapālem,fh_08,"Construction of Fishing Harbour, Machilipattinam",fishing_harbour,98.36
loc_1501,Vetapālem,fh_09,"Construction of Fishing Harbour, Nizampattinam",fishing_harbour,38.89
loc_1504,Nattakam,fh_24,"Modernization and up-gradation of Cochin Fishing Harbour at Thoppumpady, Cochin",fishing_harbour,50.45
loc_1504,Nattakam,fh_30,Maintenance dredging of existing harbor in Kayamkulam,fishing_harbour,40.65
loc_1504,Nattakam,fh_35,Development of Arthungal Fishing Harbor (Balance work),fishing_harbour,24.97
loc_1504,Nattakam,port_02,Cochin Port,port,54.02
loc_1507,Rājula,fh_46,Development of Smart and Integrated Fishing Harbour at Vanakbara,fishing_harbour,59.62
loc_1510,Kollancode,fh_25,Expansion of Muthalapozhy Fishing Harbour,fishing_harbour,49.97
loc_1510,Kollancode,fh_54,Maintenance Dredging of Colachel Fishing Harbour,fishing_harbour,19.78
loc_1510,Kollancode,fh_61,Expansion and Modernization of Thengapattinam Fishing,fishing_harbour,4.73
loc_1511,Kilakarai,fh_62,Extension of T-Jetty at Tharuvaikulam,fishing_harbour,84.39
loc_1511,Kilakarai,port_10,V.O. Chidambaranar Port,port,83.84
loc_1516,Chōrōd,fh_28,Upgradation and modernization of Harbour in Puthiyappa,fishing_harbour,37.85
loc_1516,Chōrōd,fh_29,Upgradation and modernization of Harbour in Koyilandy,fishing_harbour,23.99
loc_1516,Chōrōd,fh_33,Maintenance dredging of existing harbor in Beypore,fishing_harbour,56.2
loc_1516,Chōrōd,fh_34,Maintenance dredging of existing harbor in Puthiyappa,fishing_harbour,37.85
loc_1523,Sūlūru,fh_53,Modernization and up-gradation of Chennai Fishing Harbour,fishing_harbour,74.43
loc_1523,Sūlūru,fh_56,Construction of Fishing harbour at ThiruvottriyurKuppam,fishing_harbour,67.98
loc_1523,Sūlūru,port_05,Chennai Port,port,74.69
loc_1523,Sūlūru,port_11,Kamarajar Port,port,61.96
loc_1525,Chetwayi,fh_24,"Modernization and up-gradation of Cochin Fishing Harbour at Thoppumpady, Cochin",fishing_harbour,70.88
loc_1525,Chetwayi,fh_27,Upgradation and modernization of Harbour in Ponnani,fishing_harbour,29.75
loc_1525,Chetwayi,fh_28,Upgradation and modernization of Harbour in Puthiyappa,fishing_harbour,94.18
loc_1525,Chetwayi,fh_31,Maintenance dredging of existing harbor in Chettuva,fishing_harbour,12.18
loc_1525,Chetwayi,fh_32,Maintenance dredging of existing harbor in Ponnani,fishing_harbour,29.75
loc_1525,Chetwayi,fh_33,Maintenance dredging of existing harbor in Beypore,fishing_harbour,75.88
loc_1525,Chetwayi,fh_34,Maintenance dredging of existing harbor in Puthiyappa,fishing_harbour,94.18
loc_1525,Chetwayi,fh_35,Development of Arthungal Fishing Harbor (Balance work),fishing_harbour,98.6
loc_1525,Chetwayi,port_02,Cochin Port,port,67.15
loc_1533,Rajakilpakkam,fh_53,Modernization and up-gradation of Chennai Fishing Harbour,fishing_harbour,23.64
loc_1533,Rajakilpakkam,fh_56,Construction of Fishing harbour at ThiruvottriyurKuppam,fishing_harbour,32.83
loc_1533,Rajakilpakkam,port_05,Chennai Port,port,22.73
loc_1533,Rajakilpakkam,port_11,Kamarajar Port,port,40.13
loc_1537,Pen,fh_37,Modernisation of Sassoon Dock Fishing Harbour,fishing_harbour,34.59
loc_1537,Pen,fh_38,Karanja Fishing Harbour (Revised),fishing_harbour,24.59
loc_1537,Pen,fh_40,Construction of Fisheries Fishing Harbour at Jeevana,fishing_harbour,31.66
loc_1537,Pen,fh_41,Construction of Fisheries Fishing Harbour at Bharadkhol,fishing_harbour,73.26
loc_1537,Pen,port_00,Mumbai Port,port,34.04
loc_1537,Pen,port_01,Jawaharlal Nehru Port (JNPT),port,28.2
loc_1556,Talattala,fh_25,Expansion of Muthalapozhy Fishing Harbour,fishing_harbour,32.7
loc_1556,Talattala,fh_30,Maintenance dredging of existing harbor in Kayamkulam,fishing_harbour,38.91
loc_1556,Talattala,fh_35,Development of Arthungal Fishing Harbor (Balance work),fishing_harbour,97.78
loc_1556,Talattala,fh_54,Maintenance Dredging of Colachel Fishing Harbour,fishing_harbour,99.99
loc_1556,Talattala,fh_61,Expansion and Modernization of Thengapattinam Fishing,fishing_harbour,84.42
loc_1568,Malayinkeezhu,fh_25,Expansion of Muthalapozhy Fishing Harbour,fishing_harbour,30.82
loc_1568,Malayinkeezhu,fh_30,Maintenance dredging of existing harbor in Kayamkulam,fishing_harbour,96.8
loc_1568,Malayinkeezhu,fh_54,Maintenance Dredging of Colachel Fishing Harbour,fishing_harbour,41.68
loc_1568,Malayinkeezhu,fh_61,Expansion and Modernization of Thengapattinam Fishing,fishing_harbour,26.45
loc_1569,Attingal,fh_25,Expansion of Muthalapozhy Fishing Harbour,fishing_harbour,11.36
loc_1569,Attingal,fh_30,Maintenance dredging of existing harbor in Kayamkulam,fishing_harbour,63.98
loc_1569,Attingal,fh_54,Maintenance Dredging of Colachel Fishing Harbour,fishing_harbour,74.71
loc_1569,Attingal,fh_61,Expansion and Modernization of Thengapattinam Fishing,fishing_harbour,59.14
loc_1570,Perunkalattu,fh_53,Modernization and up-gradation of Chennai Fishing Harbour,fishing_harbour,30.34
loc_1570,Perunkalattu,fh_56,Construction of Fishing harbour at ThiruvottriyurKuppam,fishing_harbour,38.77
loc_1570,Perunkalattu,fh_59,Construction of Fishing harbour at Azhagankuppam,fishing_harbour,99.01
loc_1570,Perunkalattu,port_05,Chennai Port,port,29.4
loc_1570,Perunkalattu,port_11,Kamarajar Port,port,45.37
loc_1575,Vettūr,fh_25,Expansion of Muthalapozhy Fishing Harbour,fishing_harbour,14.35
loc_1575,Vettūr,fh_30,Maintenance dredging of existing harbor in Kayamkulam,fishing_harbour,57.1
loc_1575,Vettūr,fh_54,Maintenance Dredging of Colachel Fishing Harbour,fishing_harbour,83.04
loc_1575,Vettūr,fh_61,Expansion and Modernization of Thengapattinam Fishing,fishing_harbour,67.39
loc_1581,Tinnanūr,fh_53,Modernization and up-gradation of Chennai Fishing Harbour,fishing_harbour,29.68
loc_1581,Tinnanūr,fh_56,Construction of Fishing harbour at ThiruvottriyurKuppam,fishing_harbour,33.37
loc_1581,Tinnanūr,port_05,Chennai Port,port,29.03
loc_1581,Tinnanūr,port_11,Kamarajar Port,port,36.64
loc_1584,Pujali,fh_63,Modernisation and upgradation of existing fishing harbour at Petuaghat,fishing_harbour,80.88
loc_1584,Pujali,fh_66,Modernisation and upgradation of existing fishing harbour at Kakdwip,fishing_harbour,65.47
loc_1584,Pujali,port_08,Kolkata Port,port,19.91
loc_1584,Pujali,port_09,Syama Prasad Mookerjee Port Haldia,port,49.47
loc_1589,Vazhayur,fh_27,Upgradation and modernization of Harbour in Ponnani,fishing_harbour,49.84
loc_1589,Vazhayur,fh_28,Upgradation and modernization of Harbour in Puthiyappa,fishing_harbour,20.84
loc_1589,Vazhayur,fh_29,Upgradation and modernization of Harbour in Koyilandy,fishing_harbour,32.99
loc_1589,Vazhayur,fh_31,Maintenance dredging of existing harbor in Chettuva,fishing_harbour,90.36
loc_1589,Vazhayur,fh_32,Maintenance dredging of existing harbor in Ponnani,fishing_harbour,49.84
loc_1589,Vazhayur,fh_33,Maintenance dredging of existing harbor in Beypore,fishing_harbour,11.12
loc_1589,Vazhayur,fh_34,Maintenance dredging of existing harbor in Puthiyappa,fishing_harbour,20.84
loc_1597,Kumta,fh_19,Modernisation of Gangoli Fishing Harbour,fishing_harbour,91.04
loc_1597,Kumta,fh_20,Maintenance Dredging at Amadalli Fishing Harbour,fishing_harbour,30.73
loc_1597,Kumta,fh_21,Dredging work at Tadari Fishing Harbour,fishing_harbour,6.16
loc_1600,Kattivākkam,fh_53,Modernization and up-gradation of Chennai Fishing Harbour,fishing_harbour,14.2
loc_1600,Kattivākkam,fh_56,Construction of Fishing harbour at ThiruvottriyurKuppam,fishing_harbour,5.39
loc_1600,Kattivākkam,port_05,Chennai Port,port,14.9
loc_1600,Kattivākkam,port_11,Kamarajar Port,port,3.62
loc_1601,Peringottupulam,fh_27,Upgradation and modernization of Harbour in Ponnani,fishing_harbour,33.98
loc_1601,Peringottupulam,fh_28,Upgradation and modernization of Harbour in Puthiyappa,fishing_harbour,50.93
loc_1601,Peringottupulam,fh_29,Upgradation and modernization of Harbour in Koyilandy,fishing_harbour,63.26
loc_1601,Peringottupulam,fh_31,Maintenance dredging of existing harbor in Chettuva,fishing_harbour,67.61
loc_1601,Peringottupulam,fh_32,Maintenance dredging of existing harbor in Ponnani,fishing_harbour,33.98
loc_1601,Peringottupulam,fh_33,Maintenance dredging of existing harbor in Beypore,fishing_harbour,35.3
loc_1601,Peringottupulam,fh_34,Maintenance dredging of existing harbor in Puthiyappa,fishing_harbour,50.93
loc_1603,Patāmundai,fh_47,Modernisation of Paradip Fishing Harbour,fishing_harbour,37.49
loc_1603,Patāmundai,fh_48,Development of Stage-II Fishing Harbour at Nuagarh (Astranga),fishing_harbour,70.72
loc_1603,Patāmundai,port_07,Paradip Port,port,37.71
loc_1605,Ichchāpuram,fh_02,Development of Budugatlapalem Fishing Harbour,fishing_harbour,67.49
loc_1614,Parappur,fh_27,Upgradation and modernization of Harbour in Ponnani,fishing_harbour,27.84
loc_1614,Parappur,fh_28,Upgradation and modernization of Harbour in Puthiyappa,fishing_harbour,44.09
loc_1614,Parappur,fh_29,Upgradation and modernization of Harbour in Koyilandy,fishing_harbour,57.42
loc_1614,Parappur,fh_31,Maintenance dredging of existing harbor in Chettuva,fishing_harbour,66.23
loc_1614,Parappur,fh_32,Maintenance dredging of existing harbor in Ponnani,fishing_harbour,27.84
loc_1614,Parappur,fh_33,Maintenance dredging of existing harbor in Beypore,fishing_harbour,26.73
loc_1614,Parappur,fh_34,Maintenance dredging of existing harbor in Puthiyappa,fishing_harbour,44.09
loc_1616,Vilappil,fh_25,Expansion of Muthalapozhy Fishing Harbour,fishing_harbour,29.87
loc_1616,Vilappil,fh_30,Maintenance dredging of existing harbor in Kayamkulam,fishing_harbour,94.18
loc_1616,Vilappil,fh_54,Maintenance Dredging of Colachel Fishing Harbour,fishing_harbour,44.51
loc_1616,Vilappil,fh_61,Expansion and Modernization of Thengapattinam Fishing,fishing_harbour,29.52
loc_1619,Boisar,fh_37,Modernisation of Sassoon Dock Fishing Harbour,fishing_harbour,98.56
loc_1619,Boisar,fh_44,Development of Fishing Harbour at Satpati,fishing_harbour,11.41
loc_1619,Boisar,port_00,Mumbai Port,port,97.36
loc_1619,Boisar,port_01,Jawaharlal Nehru Port (JNPT),port,97.08
loc_1630,Neduva,fh_27,Upgradation and modernization of Harbour in Ponnani,fishing_harbour,32.62
loc_1630,Neduva,fh_28,Upgradation and modernization of Harbour in Puthiyappa,fishing_harbour,32.38
loc_1630,Neduva,fh_29,Upgradation and modernization of Harbour in Koyilandy,fishing_harbour,46.34
loc_1630,Neduva,fh_31,Maintenance dredging of existing harbor in Chettuva,fishing_harbour,73.87
loc_1630,Neduva,fh_32,Maintenance dredging of existing harbor in Ponnani,fishing_harbour,32.62
loc_1630,Neduva,fh_33,Maintenance dredging of existing harbor in Beypore,fishing_harbour,14.04
loc_1630,Neduva,fh_34,Maintenance dredging of existing harbor in Puthiyappa,fishing_harbour,32.38
loc_1631,Venganoor,fh_25,Expansion of Muthalapozhy Fishing Harbour,fishing_harbour,33.4
loc_1631,Venganoor,fh_54,Maintenance Dredging of Colachel Fishing Harbour,fishing_harbour,36.27
loc_1631,Venganoor,fh_61,Expansion and Modernization of Thengapattinam Fishing,fishing_harbour,20.69
loc_1632,Ramanattukara,fh_27,Upgradation and modernization of Harbour in Ponnani,fishing_harbour,45.86
loc_1632,Ramanattukara,fh_28,Upgradation and modernization of Harbour in Puthiyappa,fishing_harbour,21.14
loc_1632,Ramanattukara,fh_29,Upgradation and modernization of Harbour in Koyilandy,fishing_harbour,34.47
loc_1632,Ramanattukara,fh_31,Maintenance dredging of existing harbor in Chettuva,fishing_harbour,86.83
loc_1632,Ramanattukara,fh_32,Maintenance dredging of existing harbor in Ponnani,fishing_harbour,45.86
loc_1632,Ramanattukara,fh_33,Maintenance dredging of existing harbor in Beypore,fishing_harbour,6.49
loc_1632,Ramanattukara,fh_34,Maintenance dredging of existing harbor in Puthiyappa,fishing_harbour,21.14
loc_1635,Mādāyi,fh_26,Expansion of Kasaragod Fishing Harbour,fishing_harbour,58.37
loc_1635,Mādāyi,fh_28,Upgradation and modernization of Harbour in Puthiyappa,fishing_harbour,96.43
loc_1635,Mādāyi,fh_29,Upgradation and modernization of Harbour in Koyilandy,fishing_harbour,83.06
loc_1635,Mādāyi,fh_34,Maintenance dredging of existing harbor in Puthiyappa,fishing_harbour,96.43
loc_1638,Talakkād,fh_27,Upgradation and modernization of Harbour in Ponnani,fishing_harbour,12.74
loc_1638,Talakkād,fh_28,Upgradation and modernization of Harbour in Puthiyappa,fishing_harbour,52.71
loc_1638,Talakkād,fh_29,Upgradation and modernization of Harbour in Koyilandy,fishing_harbour,66.7
loc_1638,Talakkād,fh_31,Maintenance dredging of existing harbor in Chettuva,fishing_harbour,53.55
loc_1638,Talakkād,fh_32,Maintenance dredging of existing harbor in Ponnani,fishing_harbour,12.74
loc_1638,Talakkād,fh_33,Maintenance dredging of existing harbor in Beypore,fishing_harbour,34.37
loc_1638,Talakkād,fh_34,Maintenance dredging of existing harbor in Puthiyappa,fishing_harbour,52.71
loc_1641,Madipakkam,fh_53,Modernization and up-gradation of Chennai Fishing Harbour,fishing_harbour,17.95
loc_1641,Madipakkam,fh_56,Construction of Fishing harbour at ThiruvottriyurKuppam,fishing_harbour,27.13
loc_1641,Madipakkam,port_05,Chennai Port,port,17.04
loc_1641,Madipakkam,port_11,Kamarajar Port,port,34.47
loc_1649,Kaipamangalam,fh_24,"Modernization and up-gradation of Cochin Fishing Harbour at Thoppumpady, Cochin",fishing_harbour,47.25
loc_1649,Kaipamangalam,fh_27,Upgradation and modernization of Harbour in Ponnani,fishing_harbour,53.51
loc_1649,Kaipamangalam,fh_31,Maintenance dredging of existing harbor in Chettuva,fishing_harbour,12.83
loc_1649,Kaipamangalam,fh_32,Maintenance dredging of existing harbor in Ponnani,fishing_harbour,53.51
loc_1649,Kaipamangalam,fh_33,Maintenance dredging of existing harbor in Beypore,fishing_harbour,99.57
loc_1649,Kaipamangalam,fh_35,Development of Arthungal Fishing Harbor (Balance work),fishing_harbour,75.01
loc_1649,Kaipamangalam,port_02,Cochin Port,port,43.49
loc_1652,Sholinganallur,fh_53,Modernization and up-gradation of Chennai Fishing Harbour,fishing_harbour,23.46
loc_1652,Sholinganallur,fh_56,Construction of Fishing harbour at ThiruvottriyurKuppam,fishing_harbour,32.92
loc_1652,Sholinganallur,port_05,Chennai Port,port,22.67
loc_1652,Sholinganallur,port_11,Kamarajar Port,port,40.67
loc_1653,Kovūr,fh_05,Juvvaladinne Fishing Harbour,fishing_harbour,34.03
loc_1661,Perumanna,fh_27,Upgradation and modernization of Harbour in Ponnani,fishing_harbour,53.87
loc_1661,Perumanna,fh_28,Upgradation and modernization of Harbour in Puthiyappa,fishing_harbour,18.04
loc_1661,Perumanna,fh_29,Upgradation and modernization of Harbour in Koyilandy,fishing_harbour,29.4
loc_1661,Perumanna,fh_31,Maintenance dredging of existing harbor in Chettuva,fishing_harbour,94.44
loc_1661,Perumanna,fh_32,Maintenance dredging of existing harbor in Ponnani,fishing_harbour,53.87
loc_1661,Perumanna,fh_33,Maintenance dredging of existing harbor in Beypore,fishing_harbour,12.74
loc_1661,Perumanna,fh_34,Maintenance dredging of existing harbor in Puthiyappa,fishing_harbour,18.04
loc_1669,Manali,fh_53,Modernization and up-gradation of Chennai Fishing Harbour,fishing_harbour,9.26
loc_1669,Manali,fh_56,Construction of Fishing harbour at ThiruvottriyurKuppam,fishing_harbour,6.87
loc_1669,Manali,port_05,Chennai Port,port,9.57
loc_1669,Manali,port_11,Kamarajar Port,port,11.38
loc_1673,Puzhathi,fh_26,Expansion of Kasaragod Fishing Harbour,fishing_harbour,79.48
loc_1673,Puzhathi,fh_28,Upgradation and modernization of Harbour in Puthiyappa,fishing_harbour,75.07
loc_1673,Puzhathi,fh_29,Upgradation and modernization of Harbour in Koyilandy,fishing_harbour,61.43
loc_1673,Puzhathi,fh_33,Maintenance dredging of existing harbor in Beypore,fishing_harbour,93.33
loc_1673,Puzhathi,fh_34,Maintenance dredging of existing harbor in Puthiyappa,fishing_harbour,75.07
loc_1674,Perunād,fh_25,Expansion of Muthalapozhy Fishing Harbour,fishing_harbour,41.63
loc_1674,Perunād,fh_30,Maintenance dredging of existing harbor in Kayamkulam,fishing_harbour,30.09
loc_1674,Perunād,fh_35,Development of Arthungal Fishing Harbor (Balance work),fishing_harbour,88.84
loc_1674,Perunād,fh_61,Expansion and Modernization of Thengapattinam Fishing,fishing_harbour,92.97
loc_1678,Pāppinisshēri,fh_26,Expansion of Kasaragod Fishing Harbour,fishing_harbour,71.42
loc_1678,Pāppinisshēri,fh_28,Upgradation and modernization of Harbour in Puthiyappa,fishing_harbour,83.09
loc_1678,Pāppinisshēri,fh_29,Upgradation and modernization of Harbour in Koyilandy,fishing_harbour,69.52
loc_1678,Pāppinisshēri,fh_34,Maintenance dredging of existing harbor in Puthiyappa,fishing_harbour,83.09
loc_1684,Māranchēri,fh_24,"Modernization and up-gradation of Cochin Fishing Harbour at Thoppumpady, Cochin",fishing_harbour,95.88
loc_1684,Māranchēri,fh_27,Upgradation and modernization of Harbour in Ponnani,fishing_harbour,5.55
loc_1684,Māranchēri,fh_28,Upgradation and modernization of Harbour in Puthiyappa,fishing_harbour,69.19
loc_1684,Māranchēri,fh_29,Upgradation and modernization of Harbour in Koyilandy,fishing_harbour,83.21
loc_1684,Māranchēri,fh_31,Maintenance dredging of existing harbor in Chettuva,fishing_harbour,36.94
loc_1684,Māranchēri,fh_32,Maintenance dredging of existing harbor in Ponnani,fishing_harbour,5.55
loc_1684,Māranchēri,fh_33,Maintenance dredging of existing harbor in Beypore,fishing_harbour,50.89
loc_1684,Māranchēri,fh_34,Maintenance dredging of existing harbor in Puthiyappa,fishing_harbour,69.19
loc_1684,Māranchēri,port_02,Cochin Port,port,92.14
loc_1687,Peruvallur,fh_27,Upgradation and modernization of Harbour in Ponnani,fishing_harbour,37.23
loc_1687,Peruvallur,fh_28,Upgradation and modernization of Harbour in Puthiyappa,fishing_harbour,31.85
loc_1687,Peruvallur,fh_29,Upgradation and modernization of Harbour in Koyilandy,fishing_harbour,45.09
loc_1687,Peruvallur,fh_31,Maintenance dredging of existing harbor in Chettuva,fishing_harbour,77.41
loc_1687,Peruvallur,fh_32,Maintenance dredging of existing harbor in Ponnani,fishing_harbour,37.23
loc_1687,Peruvallur,fh_33,Maintenance dredging of existing harbor in Beypore,fishing_harbour,15.22
loc_1687,Peruvallur,fh_34,Maintenance dredging of existing harbor in Puthiyappa,fishing_harbour,31.85
loc_1689,Sīrkāzhi,fh_45,Development of Smart and Integrated Fishing Harbour at Karaikal,fishing_harbour,37.06
loc_1689,Sīrkāzhi,fh_49,Construction of Fishing Harbour at Thengaithittu,fishing_harbour,74.26
loc_1689,Sīrkāzhi,fh_50,Upgradation of Puducherry Fishing Harbour,fishing_harbour,77.71
loc_1689,Sīrkāzhi,fh_52,Up-gradation of Pazhayar Fishing Harbour,fishing_harbour,16.92
loc_1689,Sīrkāzhi,fh_55,Construction of Fishing harbour at Tharangampadi,fishing_harbour,26.2
loc_1689,Sīrkāzhi,fh_57,Development of existing Fishing Harbour at Mudhunagar,fishing_harbour,53.74
loc_1689,Sīrkāzhi,fh_58,Development of Fishing Harbour at Arcottuthurai,fishing_harbour,75.32
loc_1689,Sīrkāzhi,fh_59,Construction of Fishing harbour at Azhagankuppam,fishing_harbour,91.73
loc_1689,Sīrkāzhi,fh_60,Development of Fishing Harbour at Vellapallam,fishing_harbour,73.13
loc_1693,Chēmanchēri,fh_27,Upgradation and modernization of Harbour in Ponnani,fishing_harbour,74.09
loc_1693,Chēmanchēri,fh_28,Upgradation and modernization of Harbour in Puthiyappa,fishing_harbour,9.6
loc_1693,Chēmanchēri,fh_29,Upgradation and modernization of Harbour in Koyilandy,fishing_harbour,4.68
loc_1693,Chēmanchēri,fh_32,Maintenance dredging of existing harbor in Ponnani,fishing_harbour,74.09
loc_1693,Chēmanchēri,fh_33,Maintenance dredging of existing harbor in Beypore,fishing_harbour,27.76
loc_1693,Chēmanchēri,fh_34,Maintenance dredging of existing harbor in Puthiyappa,fishing_harbour,9.6
loc_1700,Erāmala,fh_28,Upgradation and modernization of Harbour in Puthiyappa,fishing_harbour,43.81
loc_1700,Erāmala,fh_29,Upgradation and modernization of Harbour in Koyilandy,fishing_harbour,29.81
loc_1700,Erāmala,fh_33,Maintenance dredging of existing harbor in Beypore,fishing_harbour,62.13
loc_1700,Erāmala,fh_34,Maintenance dredging of existing harbor in Puthiyappa,fishing_harbour,43.81
loc_1706,Villiappally,fh_28,Upgradation and modernization of Harbour in Puthiyappa,fishing_harbour,36.01
loc_1706,Villiappally,fh_29,Upgradation and modernization of Harbour in Koyilandy,fishing_harbour,21.98
loc_1706,Villiappally,fh_33,Maintenance dredging of existing harbor in Beypore,fishing_harbour,54.31
loc_1706,Villiappally,fh_34,Maintenance dredging of existing harbor in Puthiyappa,fishing_harbour,36.01
loc_1707,Aymanam,fh_24,"Modernization and up-gradation of Cochin Fishing Harbour at Thoppumpady, Cochin",fishing_harbour,43.93
loc_1707,Aymanam,fh_30,Maintenance dredging of existing harbor in Kayamkulam,fishing_harbour,47.46
loc_1707,Aymanam,fh_35,Development of Arthungal Fishing Harbor (Balance work),fishing_harbour,19.88
loc_1707,Aymanam,port_02,Cochin Port,port,47.43
loc_1708,Angamāli,fh_24,"Modernization and up-gradation of Cochin Fishing Harbour at Thoppumpady, Cochin",fishing_harbour,31.72
loc_1708,Angamāli,fh_27,Upgradation and modernization of Harbour in Ponnani,fishing_harbour,81.6
loc_1708,Angamāli,fh_31,Maintenance dredging of existing harbor in Chettuva,fishing_harbour,44.02
loc_1708,Angamāli,fh_32,Maintenance dredging of existing harbor in Ponnani,fishing_harbour,81.6
loc_1708,Angamāli,fh_35,Development of Arthungal Fishing Harbor (Balance work),fishing_harbour,55.91
loc_1708,Angamāli,port_02,Cochin Port,port,28.78
loc_1709,Villianur,fh_49,Construction of Fishing Harbour at Thengaithittu,fishing_harbour,7.17
loc_1709,Villianur,fh_50,Upgradation of Puducherry Fishing Harbour,fishing_harbour,8.28
loc_1709,Villianur,fh_52,Up-gradation of Pazhayar Fishing Harbour,fishing_harbour,63.38
loc_1709,Villianur,fh_55,Construction of Fishing harbour at Tharangampadi,fishing_harbour,98.82
loc_1709,Villianur,fh_57,Development of existing Fishing Harbour at Mudhunagar,fishing_harbour,21.57
loc_1709,Villianur,fh_59,Construction of Fishing harbour at Azhagankuppam,fishing_harbour,20.29
loc_1710,Manipal,fh_17,Modernisation and Upgradation of Mangalore Fishing Harbour,fishing_harbour,50.2
loc_1710,Manipal,fh_18,Modernisation of Malpe Fishing Harbour,fishing_harbour,9.02
loc_1710,Manipal,fh_19,Modernisation of Gangoli Fishing Harbour,fishing_harbour,35.18
loc_1710,Manipal,fh_22,Kulai Fishing Harbour,fishing_harbour,43.4
loc_1710,Manipal,fh_23,Hejmadi Kodi Fishing Harbour,fishing_harbour,27.8
loc_1710,Manipal,fh_26,Expansion of Kasaragod Fishing Harbour,fishing_harbour,97.13
loc_1710,Manipal,port_03,New Mangalore Port,port,46.95
loc_1715,Vedaraniyam,fh_45,Development of Smart and Integrated Fishing Harbour at Karaikal,fishing_harbour,60.94
loc_1715,Vedaraniyam,fh_55,Construction of Fishing harbour at Tharangampadi,fishing_harbour,73.16
loc_1715,Vedaraniyam,fh_58,Development of Fishing Harbour at Arcottuthurai,fishing_harbour,23.63
loc_1715,Vedaraniyam,fh_60,Development of Fishing Harbour at Vellapallam,fishing_harbour,25.17
loc_1716,Kuruvattūr,fh_27,Upgradation and modernization of Harbour in Ponnani,fishing_harbour,63.79
loc_1716,Kuruvattūr,fh_28,Upgradation and modernization of Harbour in Puthiyappa,fishing_harbour,10.52
loc_1716,Kuruvattūr,fh_29,Upgradation and modernization of Harbour in Koyilandy,fishing_harbour,18.72
loc_1716,Kuruvattūr,fh_32,Maintenance dredging of existing harbor in Ponnani,fishing_harbour,63.79
loc_1716,Kuruvattūr,fh_33,Maintenance dredging of existing harbor in Beypore,fishing_harbour,18.67
loc_1716,Kuruvattūr,fh_34,Maintenance dredging of existing harbor in Puthiyappa,fishing_harbour,10.52
loc_1722,Vapi INA,fh_44,Development of Fishing Harbour at Satpati,fishing_harbour,74.81
loc_1725,Chelambra,fh_27,Upgradation and modernization of Harbour in Ponnani,fishing_harbour,42.82
loc_1725,Chelambra,fh_28,Upgradation and modernization of Harbour in Puthiyappa,fishing_harbour,23.68
loc_1725,Chelambra,fh_29,Upgradation and modernization of Harbour in Koyilandy,fishing_harbour,37.22
loc_1725,Chelambra,fh_31,Maintenance dredging of existing harbor in Chettuva,fishing_harbour,83.82
loc_1725,Chelambra,fh_32,Maintenance dredging of existing harbor in Ponnani,fishing_harbour,42.82
loc_1725,Chelambra,fh_33,Maintenance dredging of existing harbor in Beypore,fishing_harbour,7.08
loc_1725,Chelambra,fh_34,Maintenance dredging of existing harbor in Puthiyappa,fishing_harbour,23.68
loc_1732,Pārassāla,fh_25,Expansion of Muthalapozhy Fishing Harbour,fishing_harbour,50.38
loc_1732,Pārassāla,fh_54,Maintenance Dredging of Colachel Fishing Harbour,fishing_harbour,20.55
loc_1732,Pārassāla,fh_61,Expansion and Modernization of Thengapattinam Fishing,fishing_harbour,6.54
loc_1738,Elampalloor,fh_25,Expansion of Muthalapozhy Fishing Harbour,fishing_harbour,41.25
loc_1738,Elampalloor,fh_30,Maintenance dredging of existing harbor in Kayamkulam,fishing_harbour,31.4
loc_1738,Elampalloor,fh_35,Development of Arthungal Fishing Harbor (Balance work),fishing_harbour,89.48
loc_1738,Elampalloor,fh_61,Expansion and Modernization of Thengapattinam Fishing,fishing_harbour,91.58
loc_1741,Ālankōd,fh_24,"Modernization and up-gradation of Cochin Fishing Harbour at Thoppumpady, Cochin",fishing_harbour,94.32
loc_1741,Ālankōd,fh_27,Upgradation and modernization of Harbour in Ponnani,fishing_harbour,11.76
loc_1741,Ālankōd,fh_28,Upgradation and modernization of Harbour in Puthiyappa,fishing_harbour,71.47
loc_1741,Ālankōd,fh_29,Upgradation and modernization of Harbour in Koyilandy,fishing_harbour,85.38
loc_1741,Ālankōd,fh_31,Maintenance dredging of existing harbor in Chettuva,fishing_harbour,36.36
loc_1741,Ālankōd,fh_32,Maintenance dredging of existing harbor in Ponnani,fishing_harbour,11.76
loc_1741,Ālankōd,fh_33,Maintenance dredging of existing harbor in Beypore,fishing_harbour,53.15
loc_1741,Ālankōd,fh_34,Maintenance dredging of existing harbor in Puthiyappa,fishing_harbour,71.47
loc_1741,Ālankōd,port_02,Cochin Port,port,90.55
loc_1743,Elayavur,fh_26,Expansion of Kasaragod Fishing Harbour,fishing_harbour,81.98
loc_1743,Elayavur,fh_28,Upgradation and modernization of Harbour in Puthiyappa,fishing_harbour,72.66
loc_1743,Elayavur,fh_29,Upgradation and modernization of Harbour in Koyilandy,fishing_harbour,58.95
loc_1743,Elayavur,fh_33,Maintenance dredging of existing harbor in Beypore,fishing_harbour,90.95
loc_1743,Elayavur,fh_34,Maintenance dredging of existing harbor in Puthiyappa,fishing_harbour,72.66
loc_1745,Iramallūr,fh_24,"Modernization and up-gradation of Cochin Fishing Harbour at Thoppumpady, Cochin",fishing_harbour,36.15
loc_1745,Iramallūr,fh_30,Maintenance dredging of existing harbor in Kayamkulam,fishing_harbour,98.38
loc_1745,Iramallūr,fh_31,Maintenance dredging of existing harbor in Chettuva,fishing_harbour,68.71
loc_1745,Iramallūr,fh_35,Development of Arthungal Fishing Harbor (Balance work),fishing_harbour,48.52
loc_1745,Iramallūr,port_02,Cochin Port,port,35.59
loc_1752,Chockli,fh_28,Upgradation and modernization of Harbour in Puthiyappa,fishing_harbour,49.58
loc_1752,Chockli,fh_29,Upgradation and modernization of Harbour in Koyilandy,fishing_harbour,35.65
loc_1752,Chockli,fh_33,Maintenance dredging of existing harbor in Beypore,fishing_harbour,67.93
loc_1752,Chockli,fh_34,Maintenance dredging of existing harbor in Puthiyappa,fishing_harbour,49.58
loc_1755,Bāsudebpur,fh_47,Modernisation of Paradip Fishing Harbour,fishing_harbour,95.73
loc_1755,Bāsudebpur,fh_51,Chandipur Fishing Harbour,fishing_harbour,49.25
loc_1755,Bāsudebpur,port_07,Paradip Port,port,94.87
loc_1758,Jagatsinghapur,fh_47,Modernisation of Paradip Fishing Harbour,fishing_harbour,53.09
loc_1758,Jagatsinghapur,fh_48,Development of Stage-II Fishing Harbour at Nuagarh (Astranga),fishing_harbour,34.86
loc_1758,Jagatsinghapur,port_07,Paradip Port,port,55.65
loc_1769,Remuna,fh_51,Chandipur Fishing Harbour,fishing_harbour,16.66
loc_1769,Remuna,fh_64,Modernisation and upgradation of existing fishing harbour at Shankarpur,fishing_harbour,72.41
loc_1770,Puthenvelikara,fh_24,"Modernization and up-gradation of Cochin Fishing Harbour at Thoppumpady, Cochin",fishing_harbour,28.49
loc_1770,Puthenvelikara,fh_27,Upgradation and modernization of Harbour in Ponnani,fishing_harbour,73.61
loc_1770,Puthenvelikara,fh_31,Maintenance dredging of existing harbor in Chettuva,fishing_harbour,33.07
loc_1770,Puthenvelikara,fh_32,Maintenance dredging of existing harbor in Ponnani,fishing_harbour,73.61
loc_1770,Puthenvelikara,fh_35,Development of Arthungal Fishing Harbor (Balance work),fishing_harbour,56.02
loc_1770,Puthenvelikara,port_02,Cochin Port,port,24.76
loc_1771,Āmli,fh_44,Development of Fishing Harbour at Satpati,fishing_harbour,70.87
loc_1773,Salāya,fh_12,Development of Fishery Harbour at Navabandar,fishing_harbour,90.11
loc_1773,Salāya,fh_15,Development of Fishery Harbour Porbandar – Phase 2,fishing_harbour,74.55
loc_1773,Salāya,port_12,Deendayal Port,port,96.85
loc_1773,Salāya,port_13,Mundra Port,port,49.24
loc_1782,Ajānūr,fh_17,Modernisation and Upgradation of Mangalore Fishing Harbour,fishing_harbour,69.34
loc_1782,Ajānūr,fh_22,Kulai Fishing Harbour,fishing_harbour,76.31
loc_1782,Ajānūr,fh_23,Hejmadi Kodi Fishing Harbour,fishing_harbour,91.47
loc_1782,Ajānūr,fh_26,Expansion of Kasaragod Fishing Harbour,fishing_harbour,21.38
loc_1782,Ajānūr,port_03,New Mangalore Port,port,72.51
loc_1790,Kurumbapet,fh_49,Construction of Fishing Harbour at Thengaithittu,fishing_harbour,6.91
loc_1790,Kurumbapet,fh_50,Upgradation of Puducherry Fishing Harbour,fishing_harbour,6.48
loc_1790,Kurumbapet,fh_52,Up-gradation of Pazhayar Fishing Harbour,fishing_harbour,66.01
loc_1790,Kurumbapet,fh_57,Development of existing Fishing Harbour at Mudhunagar,fishing_harbour,24.47
loc_1790,Kurumbapet,fh_59,Construction of Fishing harbour at Azhagankuppam,fishing_harbour,17.03
loc_1794,Egra,fh_51,Chandipur Fishing Harbour,fishing_harbour,71.73
loc_1794,Egra,fh_63,Modernisation and upgradation of existing fishing harbour at Petuaghat,fishing_harbour,38.69
loc_1794,Egra,fh_64,Modernisation and upgradation of existing fishing harbour at Shankarpur,fishing_harbour,23.33
loc_1794,Egra,fh_65,Modernisation and upgradation of existing fishing harbour at Frasergunj,fishing_harbour,83.59
loc_1794,Egra,fh_66,Modernisation and upgradation of existing fishing harbour at Kakdwip,fishing_harbour,66.28
loc_1794,Egra,port_09,Syama Prasad Mookerjee Port Haldia,port,55.76
loc_1801,Vengola Kizhakkumbāgam,fh_24,"Modernization and up-gradation of Cochin Fishing Harbour at Thoppumpady, Cochin",fishing_harbour,27.02
loc_1801,Vengola Kizhakkumbāgam,fh_27,Upgradation and modernization of Harbour in Ponnani,fishing_harbour,98.66
loc_1801,Vengola Kizhakkumbāgam,fh_30,Maintenance dredging of existing harbor in Kayamkulam,fishing_harbour,98.3
loc_1801,Vengola Kizhakkumbāgam,fh_31,Maintenance dredging of existing harbor in Chettuva,fishing_harbour,60.35
loc_1801,Vengola Kizhakkumbāgam,fh_32,Maintenance dredging of existing harbor in Ponnani,fishing_harbour,98.66
loc_1801,Vengola Kizhakkumbāgam,fh_35,Development of Arthungal Fishing Harbor (Balance work),fishing_harbour,44.15
loc_1801,Vengola Kizhakkumbāgam,port_02,Cochin Port,port,25.92
loc_1815,Edappāl,fh_24,"Modernization and up-gradation of Cochin Fishing Harbour at Thoppumpady, Cochin",fishing_harbour,99.13
loc_1815,Edappāl,fh_27,Upgradation and modernization of Harbour in Ponnani,fishing_harbour,8.64
loc_1815,Edappāl,fh_28,Upgradation and modernization of Harbour in Puthiyappa,fishing_harbour,66.45
loc_1815,Edappāl,fh_29,Upgradation and modernization of Harbour in Koyilandy,fishing_harbour,80.37
loc_1815,Edappāl,fh_31,Maintenance dredging of existing harbor in Chettuva,fishing_harbour,40.81
loc_1815,Edappāl,fh_32,Maintenance dredging of existing harbor in Ponnani,fishing_harbour,8.64
loc_1815,Edappāl,fh_33,Maintenance dredging of existing harbor in Beypore,fishing_harbour,48.11
loc_1815,Edappāl,fh_34,Maintenance dredging of existing harbor in Puthiyappa,fishing_harbour,66.45
loc_1815,Edappāl,port_02,Cochin Port,port,95.37
loc_1817,Soro,fh_51,Chandipur Fishing Harbour,fishing_harbour,40.41
loc_1818,Ulliyeri,fh_27,Upgradation and modernization of Harbour in Ponnani,fishing_harbour,77.95
loc_1818,Ulliyeri,fh_28,Upgradation and modernization of Harbour in Puthiyappa,fishing_harbour,15.01
loc_1818,Ulliyeri,fh_29,Upgradation and modernization of Harbour in Koyilandy,fishing_harbour,7.39
loc_1818,Ulliyeri,fh_32,Maintenance dredging of existing harbor in Ponnani,fishing_harbour,77.95
loc_1818,Ulliyeri,fh_33,Maintenance dredging of existing harbor in Beypore,fishing_harbour,31.76
loc_1818,Ulliyeri,fh_34,Maintenance dredging of existing harbor in Puthiyappa,fishing_harbour,15.01
loc_1820,Muttayyāpuram,fh_62,Extension of T-Jetty at Tharuvaikulam,fishing_harbour,7.87
loc_1820,Muttayyāpuram,port_10,V.O. Chidambaranar Port,port,6.57
loc_1837,Tiruchchendur,fh_62,Extension of T-Jetty at Tharuvaikulam,fishing_harbour,35.96
loc_1837,Tiruchchendur,port_10,V.O. Chidambaranar Port,port,30.24
loc_1840,Mannanchōri,fh_24,"Modernization and up-gradation of Cochin Fishing Harbour at Thoppumpady, Cochin",fishing_harbour,40.8
loc_1840,Mannanchōri,fh_30,Maintenance dredging of existing harbor in Kayamkulam,fishing_harbour,46.52
loc_1840,Mannanchōri,fh_31,Maintenance dredging of existing harbor in Chettuva,fishing_harbour,99.56
loc_1840,Mannanchōri,fh_35,Development of Arthungal Fishing Harbor (Balance work),fishing_harbour,13.17
loc_1840,Mannanchōri,port_02,Cochin Port,port,44.57
loc_1844,Ferokh,fh_27,Upgradation and modernization of Harbour in Ponnani,fishing_harbour,46.59
loc_1844,Ferokh,fh_28,Upgradation and modernization of Harbour in Puthiyappa,fishing_harbour,19.11
loc_1844,Ferokh,fh_29,Upgradation and modernization of Harbour in Koyilandy,fishing_harbour,32.78
loc_1844,Ferokh,fh_31,Maintenance dredging of existing harbor in Chettuva,fishing_harbour,87.8
loc_1844,Ferokh,fh_32,Maintenance dredging of existing harbor in Ponnani,fishing_harbour,46.59
loc_1844,Ferokh,fh_33,Maintenance dredging of existing harbor in Beypore,fishing_harbour,3.6
loc_1844,Ferokh,fh_34,Maintenance dredging of existing harbor in Puthiyappa,fishing_harbour,19.11
loc_1848,Thenhippalam,fh_27,Upgradation and modernization of Harbour in Ponnani,fishing_harbour,40.62
loc_1848,Thenhippalam,fh_28,Upgradation and modernization of Harbour in Puthiyappa,fishing_harbour,26.0
loc_1848,Thenhippalam,fh_29,Upgradation and modernization of Harbour in Koyilandy,fishing_harbour,39.57
loc_1848,Thenhippalam,fh_31,Maintenance dredging of existing harbor in Chettuva,fishing_harbour,81.55
loc_1848,Thenhippalam,fh_32,Maintenance dredging of existing harbor in Ponnani,fishing_harbour,40.62
loc_1848,Thenhippalam,fh_33,Maintenance dredging of existing harbor in Beypore,fishing_harbour,8.93
loc_1848,Thenhippalam,fh_34,Maintenance dredging of existing harbor in Puthiyappa,fishing_harbour,26.0
loc_1852,Bhatkal,fh_18,Modernisation of Malpe Fishing Harbour,fishing_harbour,72.36
loc_1852,Bhatkal,fh_19,Modernisation of Gangoli Fishing Harbour,fishing_harbour,39.64
loc_1852,Bhatkal,fh_20,Maintenance Dredging at Amadalli Fishing Harbour,fishing_harbour,81.7
loc_1852,Bhatkal,fh_21,Dredging work at Tadari Fishing Harbour,fishing_harbour,56.39
loc_1863,Vilavoorkkal,fh_25,Expansion of Muthalapozhy Fishing Harbour,fishing_harbour,29.73
loc_1863,Vilavoorkkal,fh_30,Maintenance dredging of existing harbor in Kayamkulam,fishing_harbour,96.61
loc_1863,Vilavoorkkal,fh_54,Maintenance Dredging of Colachel Fishing Harbour,fishing_harbour,41.82
loc_1863,Vilavoorkkal,fh_61,Expansion and Modernization of Thengapattinam Fishing,fishing_harbour,26.41
loc_1865,Kottaikuppam,fh_49,Construction of Fishing Harbour at Thengaithittu,fishing_harbour,7.13
loc_1865,Kottaikuppam,fh_50,Upgradation of Puducherry Fishing Harbour,fishing_harbour,3.62
loc_1865,Kottaikuppam,fh_52,Up-gradation of Pazhayar Fishing Harbour,fishing_harbour,67.97
loc_1865,Kottaikuppam,fh_57,Development of existing Fishing Harbour at Mudhunagar,fishing_harbour,28.18
loc_1865,Kottaikuppam,fh_59,Construction of Fishing harbour at Azhagankuppam,fishing_harbour,10.82
loc_1866,Khaira,fh_37,Modernisation of Sassoon Dock Fishing Harbour,fishing_harbour,96.64
loc_1866,Khaira,fh_38,Karanja Fishing Harbour (Revised),fishing_harbour,99.47
loc_1866,Khaira,fh_44,Development of Fishing Harbour at Satpati,fishing_harbour,10.62
loc_1866,Khaira,port_00,Mumbai Port,port,95.44
loc_1866,Khaira,port_01,Jawaharlal Nehru Port (JNPT),port,95.12
loc_1868,Puzhal,fh_53,Modernization and up-gradation of Chennai Fishing Harbour,fishing_harbour,13.32
loc_1868,Puzhal,fh_56,Construction of Fishing harbour at ThiruvottriyurKuppam,fishing_harbour,13.67
loc_1868,Puzhal,port_05,Chennai Port,port,13.17
loc_1868,Puzhal,port_11,Kamarajar Port,port,16.95
loc_1875,Thanneermukkom,fh_24,"Modernization and up-gradation of Cochin Fishing Harbour at Thoppumpady, Cochin",fishing_harbour,32.03
loc_1875,Thanneermukkom,fh_30,Maintenance dredging of existing harbor in Kayamkulam,fishing_harbour,55.32
loc_1875,Thanneermukkom,fh_31,Maintenance dredging of existing harbor in Chettuva,fishing_harbour,91.17
loc_1875,Thanneermukkom,fh_35,Development of Arthungal Fishing Harbor (Balance work),fishing_harbour,5.36
loc_1875,Thanneermukkom,port_02,Cochin Port,port,35.76
loc_1876,Parūr,fh_24,"Modernization and up-gradation of Cochin Fishing Harbour at Thoppumpady, Cochin",fishing_harbour,24.6
loc_1876,Parūr,fh_27,Upgradation and modernization of Harbour in Ponnani,fishing_harbour,76.58
loc_1876,Parūr,fh_31,Maintenance dredging of existing harbor in Chettuva,fishing_harbour,35.53
loc_1876,Parūr,fh_32,Maintenance dredging of existing harbor in Ponnani,fishing_harbour,76.58
loc_1876,Parūr,fh_35,Development of Arthungal Fishing Harbor (Balance work),fishing_harbour,52.3
loc_1876,Parūr,port_02,Cochin Port,port,20.83
loc_1878,Elūr,fh_24,"Modernization and up-gradation of Cochin Fishing Harbour at Thoppumpady, Cochin",fishing_harbour,15.27
loc_1878,Elūr,fh_27,Upgradation and modernization of Harbour in Ponnani,fishing_harbour,87.23
loc_1878,Elūr,fh_31,Maintenance dredging of existing harbor in Chettuva,fishing_harbour,46.27
loc_1878,Elūr,fh_32,Maintenance dredging of existing harbor in Ponnani,fishing_harbour,87.23
loc_1878,Elūr,fh_35,Development of Arthungal Fishing Harbor (Balance work),fishing_harbour,42.34
loc_1878,Elūr,port_02,Cochin Port,port,11.74
loc_1891,Cheriyamundam,fh_27,Upgradation and modernization of Harbour in Ponnani,fishing_harbour,19.96
loc_1891,Cheriyamundam,fh_28,Upgradation and modernization of Harbour in Puthiyappa,fishing_harbour,47.66
loc_1891,Cheriyamundam,fh_29,Upgradation and modernization of Harbour in Koyilandy,fishing_harbour,61.48
loc_1891,Cheriyamundam,fh_31,Maintenance dredging of existing harbor in Chettuva,fishing_harbour,59.75
loc_1891,Cheriyamundam,fh_32,Maintenance dredging of existing harbor in Ponnani,fishing_harbour,19.96
loc_1891,Cheriyamundam,fh_33,Maintenance dredging of existing harbor in Beypore,fishing_harbour,29.44
loc_1891,Cheriyamundam,fh_34,Maintenance dredging of existing harbor in Puthiyappa,fishing_harbour,47.66
loc_1897,Kalliyasshēri,fh_26,Expansion of Kasaragod Fishing Harbour,fishing_harbour,71.12
loc_1897,Kalliyasshēri,fh_28,Upgradation and modernization of Harbour in Puthiyappa,fishing_harbour,83.57
loc_1897,Kalliyasshēri,fh_29,Upgradation and modernization of Harbour in Koyilandy,fishing_harbour,69.85
loc_1897,Kalliyasshēri,fh_34,Maintenance dredging of existing harbor in Puthiyappa,fishing_harbour,83.57
loc_1901,Katirur,fh_26,Expansion of Kasaragod Fishing Harbour,fishing_harbour,98.84
loc_1901,Katirur,fh_28,Upgradation and modernization of Harbour in Puthiyappa,fishing_harbour,56.53
loc_1901,Katirur,fh_29,Upgradation and modernization of Harbour in Koyilandy,fishing_harbour,42.58
loc_1901,Katirur,fh_33,Maintenance dredging of existing harbor in Beypore,fishing_harbour,74.87
loc_1901,Katirur,fh_34,Maintenance dredging of existing harbor in Puthiyappa,fishing_harbour,56.53
loc_1903,Adirampattinam,fh_45,Development of Smart and Integrated Fishing Harbour at Karaikal,fishing_harbour,81.78
loc_1903,Adirampattinam,fh_55,Construction of Fishing harbour at Tharangampadi,fishing_harbour,92.33
loc_1903,Adirampattinam,fh_58,Development of Fishing Harbour at Arcottuthurai,fishing_harbour,47.34
loc_1903,Adirampattinam,fh_60,Development of Fishing Harbour at Vellapallam,fishing_harbour,49.44
loc_1906,Ponneri,fh_53,Modernization and up-gradation of Chennai Fishing Harbour,fishing_harbour,29.9
loc_1906,Ponneri,fh_56,Construction of Fishing harbour at ThiruvottriyurKuppam,fishing_harbour,23.78
loc_1906,Ponneri,port_05,Chennai Port,port,30.2
loc_1906,Ponneri,port_11,Kamarajar Port,port,19.16
loc_1926,Dharmadam,fh_26,Expansion of Kasaragod Fishing Harbour,fishing_harbour,95.68
loc_1926,Dharmadam,fh_28,Upgradation and modernization of Harbour in Puthiyappa,fishing_harbour,58.86
loc_1926,Dharmadam,fh_29,Upgradation and modernization of Harbour in Koyilandy,fishing_harbour,45.26
loc_1926,Dharmadam,fh_33,Maintenance dredging of existing harbor in Beypore,fishing_harbour,77.12
loc_1926,Dharmadam,fh_34,Maintenance dredging of existing harbor in Puthiyappa,fishing_harbour,58.86
loc_1927,Madurāntakam,fh_49,Construction of Fishing Harbour at Thengaithittu,fishing_harbour,68.38
loc_1927,Madurāntakam,fh_50,Upgradation of Puducherry Fishing Harbour,fishing_harbour,64.95
loc_1927,Madurāntakam,fh_53,Modernization and up-gradation of Chennai Fishing Harbour,fishing_harbour,78.5
loc_1927,Madurāntakam,fh_56,Construction of Fishing harbour at ThiruvottriyurKuppam,fishing_harbour,87.68
loc_1927,Madurāntakam,fh_57,Development of existing Fishing Harbour at Mudhunagar,fishing_harbour,89.07
loc_1927,Madurāntakam,fh_59,Construction of Fishing harbour at Azhagankuppam,fishing_harbour,51.34
loc_1927,Madurāntakam,port_05,Chennai Port,port,77.6
loc_1927,Madurāntakam,port_11,Kamarajar Port,port,94.83
loc_1928,Kizhuvalam-Koonthalloor,fh_25,Expansion of Muthalapozhy Fishing Harbour,fishing_harbour,7.68
loc_1928,Kizhuvalam-Koonthalloor,fh_30,Maintenance dredging of existing harbor in Kayamkulam,fishing_harbour,66.84
loc_1928,Kizhuvalam-Koonthalloor,fh_54,Maintenance Dredging of Colachel Fishing Harbour,fishing_harbour,72.28
loc_1928,Kizhuvalam-Koonthalloor,fh_61,Expansion and Modernization of Thengapattinam Fishing,fishing_harbour,56.66
loc_1930,Pedana,fh_08,"Construction of Fishing Harbour, Machilipattinam",fishing_harbour,8.56
loc_1930,Pedana,fh_09,"Construction of Fishing Harbour, Nizampattinam",fishing_harbour,65.95
loc_1932,Kallamchavadi,fh_53,Modernization and up-gradation of Chennai Fishing Harbour,fishing_harbour,23.83
loc_1932,Kallamchavadi,fh_56,Construction of Fishing harbour at ThiruvottriyurKuppam,fishing_harbour,32.36
loc_1932,Kallamchavadi,port_05,Chennai Port,port,22.89
loc_1932,Kallamchavadi,port_11,Kamarajar Port,port,39.13
loc_1934,Vadanappally,fh_24,"Modernization and up-gradation of Cochin Fishing Harbour at Thoppumpady, Cochin",fishing_harbour,63.4
loc_1934,Vadanappally,fh_27,Upgradation and modernization of Harbour in Ponnani,fishing_harbour,37.33
loc_1934,Vadanappally,fh_31,Maintenance dredging of existing harbor in Chettuva,fishing_harbour,5.93
loc_1934,Vadanappally,fh_32,Maintenance dredging of existing harbor in Ponnani,fishing_harbour,37.33
loc_1934,Vadanappally,fh_33,Maintenance dredging of existing harbor in Beypore,fishing_harbour,83.38
loc_1934,Vadanappally,fh_35,Development of Arthungal Fishing Harbor (Balance work),fishing_harbour,91.14
loc_1934,Vadanappally,port_02,Cochin Port,port,59.65
loc_1935,Irimbiliyam,fh_27,Upgradation and modernization of Harbour in Ponnani,fishing_harbour,20.48
loc_1935,Irimbiliyam,fh_28,Upgradation and modernization of Harbour in Puthiyappa,fishing_harbour,63.76
loc_1935,Irimbiliyam,fh_29,Upgradation and modernization of Harbour in Koyilandy,fishing_harbour,77.17
loc_1935,Irimbiliyam,fh_31,Maintenance dredging of existing harbor in Chettuva,fishing_harbour,49.32
loc_1935,Irimbiliyam,fh_32,Maintenance dredging of existing harbor in Ponnani,fishing_harbour,20.48
loc_1935,Irimbiliyam,fh_33,Maintenance dredging of existing harbor in Beypore,fishing_harbour,46.02
loc_1935,Irimbiliyam,fh_34,Maintenance dredging of existing harbor in Puthiyappa,fishing_harbour,63.76
loc_1936,Mūdbidri,fh_17,Modernisation and Upgradation of Mangalore Fishing Harbour,fishing_harbour,26.52
loc_1936,Mūdbidri,fh_18,Modernisation of Malpe Fishing Harbour,fishing_harbour,44.89
loc_1936,Mūdbidri,fh_19,Modernisation of Gangoli Fishing Harbour,fishing_harbour,73.3
loc_1936,Mūdbidri,fh_22,Kulai Fishing Harbour,fishing_harbour,24.24
loc_1936,Mūdbidri,fh_23,Hejmadi Kodi Fishing Harbour,fishing_harbour,23.61
loc_1936,Mūdbidri,fh_26,Expansion of Kasaragod Fishing Harbour,fishing_harbour,63.0
loc_1936,Mūdbidri,port_03,New Mangalore Port,port,24.89
loc_1938,Cheranellūr,fh_24,"Modernization and up-gradation of Cochin Fishing Harbour at Thoppumpady, Cochin",fishing_harbour,13.98
loc_1938,Cheranellūr,fh_27,Upgradation and modernization of Harbour in Ponnani,fishing_harbour,88.77
loc_1938,Cheranellūr,fh_30,Maintenance dredging of existing harbor in Kayamkulam,fishing_harbour,99.91
loc_1938,Cheranellūr,fh_31,Maintenance dredging of existing harbor in Chettuva,fishing_harbour,47.8
loc_1938,Cheranellūr,fh_32,Maintenance dredging of existing harbor in Ponnani,fishing_harbour,88.77
loc_1938,Cheranellūr,fh_35,Development of Arthungal Fishing Harbor (Balance work),fishing_harbour,40.88
loc_1938,Cheranellūr,port_02,Cochin Port,port,10.56
loc_1944,Kundapura,fh_17,Modernisation and Upgradation of Mangalore Fishing Harbour,fishing_harbour,82.52
loc_1944,Kundapura,fh_18,Modernisation of Malpe Fishing Harbour,fishing_harbour,31.29
loc_1944,Kundapura,fh_19,Modernisation of Gangoli Fishing Harbour,fishing_harbour,2.36
loc_1944,Kundapura,fh_21,Dredging work at Tadari Fishing Harbour,fishing_harbour,98.16
loc_1944,Kundapura,fh_22,Kulai Fishing Harbour,fishing_harbour,75.58
loc_1944,Kundapura,fh_23,Hejmadi Kodi Fishing Harbour,fishing_harbour,59.87
loc_1944,Kundapura,port_03,New Mangalore Port,port,79.25
loc_1945,Uran,fh_37,Modernisation of Sassoon Dock Fishing Harbour,fishing_harbour,12.4
loc_1945,Uran,fh_38,Karanja Fishing Harbour (Revised),fishing_harbour,3.72
loc_1945,Uran,fh_40,Construction of Fisheries Fishing Harbour at Jeevana,fishing_harbour,42.06
loc_1945,Uran,fh_41,Construction of Fisheries Fishing Harbour at Bharadkhol,fishing_harbour,86.55
loc_1945,Uran,fh_44,Development of Fishing Harbour at Satpati,fishing_harbour,98.55
loc_1945,Uran,port_00,Mumbai Port,port,11.45
loc_1945,Uran,port_01,Jawaharlal Nehru Port (JNPT),port,8.07
loc_1948,Muvattupuzha,fh_24,"Modernization and up-gradation of Cochin Fishing Harbour at Thoppumpady, Cochin",fishing_harbour,33.73
loc_1948,Muvattupuzha,fh_30,Maintenance dredging of existing harbor in Kayamkulam,fishing_harbour,89.31
loc_1948,Muvattupuzha,fh_31,Maintenance dredging of existing harbor in Chettuva,fishing_harbour,74.55
loc_1948,Muvattupuzha,fh_35,Development of Arthungal Fishing Harbor (Balance work),fishing_harbour,41.17
loc_1948,Muvattupuzha,port_02,Cochin Port,port,34.14
loc_1967,Cherukavu,fh_27,Upgradation and modernization of Harbour in Ponnani,fishing_harbour,44.88
loc_1967,Cherukavu,fh_28,Upgradation and modernization of Harbour in Puthiyappa,fishing_harbour,24.6
loc_1967,Cherukavu,fh_29,Upgradation and modernization of Harbour in Koyilandy,fishing_harbour,37.39
loc_1967,Cherukavu,fh_31,Maintenance dredging of existing harbor in Chettuva,fishing_harbour,85.36
loc_1967,Cherukavu,fh_32,Maintenance dredging of existing harbor in Ponnani,fishing_harbour,44.88
loc_1967,Cherukavu,fh_33,Maintenance dredging of existing harbor in Beypore,fishing_harbour,10.76
loc_1967,Cherukavu,fh_34,Maintenance dredging of existing harbor in Puthiyappa,fishing_harbour,24.6
loc_1971,Azhiyūr,fh_28,Upgradation and modernization of Harbour in Puthiyappa,fishing_harbour,45.92
loc_1971,Azhiyūr,fh_29,Upgradation and modernization of Harbour in Koyilandy,fishing_harbour,32.04
loc_1971,Azhiyūr,fh_33,Maintenance dredging of existing harbor in Beypore,fishing_harbour,64.26
loc_1971,Azhiyūr,fh_34,Maintenance dredging of existing harbor in Puthiyappa,fishing_harbour,45.92
loc_1982,Pānakkudi,fh_25,Expansion of Muthalapozhy Fishing Harbour,fishing_harbour,92.96
loc_1982,Pānakkudi,fh_54,Maintenance Dredging of Colachel Fishing Harbour,fishing_harbour,39.31
loc_1982,Pānakkudi,fh_61,Expansion and Modernization of Thengapattinam Fishing,fishing_harbour,47.23
loc_1982,Pānakkudi,fh_62,Extension of T-Jetty at Tharuvaikulam,fishing_harbour,83.05
loc_1982,Pānakkudi,port_10,V.O. Chidambaranar Port,port,83.15
loc_1984,Pūlakkōd,fh_27,Upgradation and modernization of Harbour in Ponnani,fishing_harbour,60.06
loc_1984,Pūlakkōd,fh_28,Upgradation and modernization of Harbour in Puthiyappa,fishing_harbour,22.92
loc_1984,Pūlakkōd,fh_29,Upgradation and modernization of Harbour in Koyilandy,fishing_harbour,30.86
loc_1984,Pūlakkōd,fh_31,Maintenance dredging of existing harbor in Chettuva,fishing_harbour,99.66
loc_1984,Pūlakkōd,fh_32,Maintenance dredging of existing harbor in Ponnani,fishing_harbour,60.06
loc_1984,Pūlakkōd,fh_33,Maintenance dredging of existing harbor in Beypore,fishing_harbour,21.78
loc_1984,Pūlakkōd,fh_34,Maintenance dredging of existing harbor in Puthiyappa,fishing_harbour,22.92
loc_1987,Ariyānkuppam,fh_49,Construction of Fishing Harbour at Thengaithittu,fishing_harbour,1.5
loc_1987,Ariyānkuppam,fh_50,Upgradation of Puducherry Fishing Harbour,fishing_harbour,4.59
loc_1987,Ariyānkuppam,fh_52,Up-gradation of Pazhayar Fishing Harbour,fishing_harbour,60.74
loc_1987,Ariyānkuppam,fh_55,Construction of Fishing harbour at Tharangampadi,fishing_harbour,96.33
loc_1987,Ariyānkuppam,fh_57,Development of existing Fishing Harbour at Mudhunagar,fishing_harbour,20.16
loc_1987,Ariyānkuppam,fh_59,Construction of Fishing harbour at Azhagankuppam,fishing_harbour,18.94
loc_1988,Karumālūr,fh_24,"Modernization and up-gradation of Cochin Fishing Harbour at Thoppumpady, Cochin",fishing_harbour,22.59
loc_1988,Karumālūr,fh_27,Upgradation and modernization of Harbour in Ponnani,fishing_harbour,80.52
loc_1988,Karumālūr,fh_31,Maintenance dredging of existing harbor in Chettuva,fishing_harbour,39.98
loc_1988,Karumālūr,fh_32,Maintenance dredging of existing harbor in Ponnani,fishing_harbour,80.52
loc_1988,Karumālūr,fh_35,Development of Arthungal Fishing Harbor (Balance work),fishing_harbour,49.69
loc_1988,Karumālūr,port_02,Cochin Port,port,18.98
loc_1989,Kottārakara,fh_25,Expansion of Muthalapozhy Fishing Harbour,fishing_harbour,44.88
loc_1989,Kottārakara,fh_30,Maintenance dredging of existing harbor in Kayamkulam,fishing_harbour,35.9
loc_1989,Kottārakara,fh_35,Development of Arthungal Fishing Harbor (Balance work),fishing_harbour,89.95
loc_1989,Kottārakara,fh_61,Expansion and Modernization of Thengapattinam Fishing,fishing_harbour,90.46
loc_1990,Mavoor,fh_27,Upgradation and modernization of Harbour in Ponnani,fishing_harbour,55.25
loc_1990,Mavoor,fh_28,Upgradation and modernization of Harbour in Puthiyappa,fishing_harbour,20.16
loc_1990,Mavoor,fh_29,Upgradation and modernization of Harbour in Koyilandy,fishing_harbour,30.49
loc_1990,Mavoor,fh_31,Maintenance dredging of existing harbor in Chettuva,fishing_harbour,95.44
loc_1990,Mavoor,fh_32,Maintenance dredging of existing harbor in Ponnani,fishing_harbour,55.25
loc_1990,Mavoor,fh_33,Maintenance dredging of existing harbor in Beypore,fishing_harbour,15.84
loc_1990,Mavoor,fh_34,Maintenance dredging of existing harbor in Puthiyappa,fishing_harbour,20.16
loc_1994,Mīnād,fh_25,Expansion of Muthalapozhy Fishing Harbour,fishing_harbour,29.35
loc_1994,Mīnād,fh_30,Maintenance dredging of existing harbor in Kayamkulam,fishing_harbour,42.47
loc_1994,Mīnād,fh_54,Maintenance Dredging of Colachel Fishing Harbour,fishing_harbour,96.32
loc_1994,Mīnād,fh_61,Expansion and Modernization of Thengapattinam Fishing,fishing_harbour,80.76
loc_1995,Nedumbassery,fh_24,"Modernization and up-gradation of Cochin Fishing Harbour at Thoppumpady, Cochin",fishing_harbour,29.02
loc_1995,Nedumbassery,fh_27,Upgradation and modernization of Harbour in Ponnani,fishing_harbour,85.52
loc_1995,Nedumbassery,fh_31,Maintenance dredging of existing harbor in Chettuva,fishing_harbour,47.5
loc_1995,Nedumbassery,fh_32,Maintenance dredging of existing harbor in Ponnani,fishing_harbour,85.52
loc_1995,Nedumbassery,fh_35,Development of Arthungal Fishing Harbor (Balance work),fishing_harbour,52.31
loc_1995,Nedumbassery,port_02,Cochin Port,port,26.35
loc_1998,Mūvattupula,fh_24,"Modernization and up-gradation of Cochin Fishing Harbour at Thoppumpady, Cochin",fishing_harbour,34.2
loc_1998,Mūvattupula,fh_30,Maintenance dredging of existing harbor in Kayamkulam,fishing_harbour,89.9
loc_1998,Mūvattupula,fh_31,Maintenance dredging of existing harbor in Chettuva,fishing_harbour,74.46
loc_1998,Mūvattupula,fh_35,Development of Arthungal Fishing Harbor (Balance work),fishing_harbour,41.85
loc_1998,Mūvattupula,port_02,Cochin Port,port,34.56
loc_1999,Adūr,fh_24,"Modernization and up-gradation of Cochin Fishing Harbour at Thoppumpady, Cochin",fishing_harbour,99.87
loc_1999,Adūr,fh_25,Expansion of Muthalapozhy Fishing Harbour,fishing_harbour,62.04
loc_1999,Adūr,fh_30,Maintenance dredging of existing harbor in Kayamkulam,fishing_harbour,25.6
loc_1999,Adūr,fh_35,Development of Arthungal Fishing Harbor (Balance work),fishing_harbour,73.31
loc_2001,Puthuppally,fh_24,"Modernization and up-gradation of Cochin Fishing Harbour at Thoppumpady, Cochin",fishing_harbour,53.21
loc_2001,Puthuppally,fh_30,Maintenance dredging of existing harbor in Kayamkulam,fishing_harbour,42.77
loc_2001,Puthuppally,fh_35,Development of Arthungal Fishing Harbor (Balance work),fishing_harbour,29.66
loc_2001,Puthuppally,port_02,Cochin Port,port,56.62
loc_2004,Kidarakulam,fh_25,Expansion of Muthalapozhy Fishing Harbour,fishing_harbour,23.52
loc_2004,Kidarakulam,fh_30,Maintenance dredging of existing harbor in Kayamkulam,fishing_harbour,86.96
loc_2004,Kidarakulam,fh_54,Maintenance Dredging of Colachel Fishing Harbour,fishing_harbour,51.58
loc_2004,Kidarakulam,fh_61,Expansion and Modernization of Thengapattinam Fishing,fishing_harbour,36.36
loc_2005,Kuttuparamba,fh_26,Expansion of Kasaragod Fishing Harbour,fishing_harbour,97.5
loc_2005,Kuttuparamba,fh_28,Upgradation and modernization of Harbour in Puthiyappa,fishing_harbour,59.56
loc_2005,Kuttuparamba,fh_29,Upgradation and modernization of Harbour in Koyilandy,fishing_harbour,45.52
loc_2005,Kuttuparamba,fh_33,Maintenance dredging of existing harbor in Beypore,fishing_harbour,77.82
loc_2005,Kuttuparamba,fh_34,Maintenance dredging of existing harbor in Puthiyappa,fishing_harbour,59.56
loc_2009,Chengamanād,fh_24,"Modernization and up-gradation of Cochin Fishing Harbour at Thoppumpady, Cochin",fishing_harbour,26.12
loc_2009,Chengamanād,fh_27,Upgradation and modernization of Harbour in Ponnani,fishing_harbour,81.95
loc_2009,Chengamanād,fh_31,Maintenance dredging of existing harbor in Chettuva,fishing_harbour,42.7
loc_2009,Chengamanād,fh_32,Maintenance dredging of existing harbor in Ponnani,fishing_harbour,81.95
loc_2009,Chengamanād,fh_35,Development of Arthungal Fishing Harbor (Balance work),fishing_harbour,51.6
loc_2009,Chengamanād,port_02,Cochin Port,port,22.93
loc_2011,Kalavoor,fh_24,"Modernization and up-gradation of Cochin Fishing Harbour at Thoppumpady, Cochin",fishing_harbour,40.47
loc_2011,Kalavoor,fh_30,Maintenance dredging of existing harbor in Kayamkulam,fishing_harbour,47.36
loc_2011,Kalavoor,fh_31,Maintenance dredging of existing harbor in Chettuva,fishing_harbour,98.9
loc_2011,Kalavoor,fh_35,Development of Arthungal Fishing Harbor (Balance work),fishing_harbour,13.36
loc_2011,Kalavoor,port_02,Cochin Port,port,44.24
loc_2013,Reddipālaiyam,fh_53,Modernization and up-gradation of Chennai Fishing Harbour,fishing_harbour,19.53
loc_2013,Reddipālaiyam,fh_56,Construction of Fishing harbour at ThiruvottriyurKuppam,fishing_harbour,23.71
loc_2013,Reddipālaiyam,port_05,Chennai Port,port,18.9
loc_2013,Reddipālaiyam,port_11,Kamarajar Port,port,27.94
loc_2017,Mharal Bk,fh_37,Modernisation of Sassoon Dock Fishing Harbour,fishing_harbour,51.41
loc_2017,Mharal Bk,fh_38,Karanja Fishing Harbour (Revised),fishing_harbour,44.32
loc_2017,Mharal Bk,fh_40,Construction of Fisheries Fishing Harbour at Jeevana,fishing_harbour,86.92
loc_2017,Mharal Bk,fh_44,Development of Fishing Harbour at Satpati,fishing_harbour,74.92
loc_2017,Mharal Bk,port_00,Mumbai Port,port,49.22
loc_2017,Mharal Bk,port_01,Jawaharlal Nehru Port (JNPT),port,40.64
loc_2019,Nedumpana,fh_25,Expansion of Muthalapozhy Fishing Harbour,fishing_harbour,35.55
loc_2019,Nedumpana,fh_30,Maintenance dredging of existing harbor in Kayamkulam,fishing_harbour,36.93
loc_2019,Nedumpana,fh_35,Development of Arthungal Fishing Harbor (Balance work),fishing_harbour,95.2
loc_2019,Nedumpana,fh_61,Expansion and Modernization of Thengapattinam Fishing,fishing_harbour,86.03
loc_2020,Puttankulam,fh_25,Expansion of Muthalapozhy Fishing Harbour,fishing_harbour,24.73
loc_2020,Puttankulam,fh_30,Maintenance dredging of existing harbor in Kayamkulam,fishing_harbour,47.23
loc_2020,Puttankulam,fh_54,Maintenance Dredging of Colachel Fishing Harbour,fishing_harbour,91.6
loc_2020,Puttankulam,fh_61,Expansion and Modernization of Thengapattinam Fishing,fishing_harbour,76.03
loc_2024,Vadakku Valliyūr,fh_25,Expansion of Muthalapozhy Fishing Harbour,fishing_harbour,94.65
loc_2024,Vadakku Valliyūr,fh_54,Maintenance Dredging of Colachel Fishing Harbour,fishing_harbour,45.8
loc_2024,Vadakku Valliyūr,fh_61,Expansion and Modernization of Thengapattinam Fishing,fishing_harbour,52.12
loc_2024,Vadakku Valliyūr,fh_62,Extension of T-Jetty at Tharuvaikulam,fishing_harbour,75.7
loc_2024,Vadakku Valliyūr,port_10,V.O. Chidambaranar Port,port,76.12
loc_2027,Tirukkalikkunram,fh_49,Construction of Fishing Harbour at Thengaithittu,fishing_harbour,82.78
loc_2027,Tirukkalikkunram,fh_50,Upgradation of Puducherry Fishing Harbour,fishing_harbour,79.27
loc_2027,Tirukkalikkunram,fh_53,Modernization and up-gradation of Chennai Fishing Harbour,fishing_harbour,59.79
loc_2027,Tirukkalikkunram,fh_56,Construction of Fishing harbour at ThiruvottriyurKuppam,fishing_harbour,69.21
loc_2027,Tirukkalikkunram,fh_59,Construction of Fishing harbour at Azhagankuppam,fishing_harbour,64.91
loc_2027,Tirukkalikkunram,port_05,Chennai Port,port,58.94
loc_2027,Tirukkalikkunram,port_11,Kamarajar Port,port,76.74
loc_2028,Talakkolattur,fh_27,Upgradation and modernization of Harbour in Ponnani,fishing_harbour,67.56
loc_2028,Talakkolattur,fh_28,Upgradation and modernization of Harbour in Puthiyappa,fishing_harbour,4.23
loc_2028,Talakkolattur,fh_29,Upgradation and modernization of Harbour in Koyilandy,fishing_harbour,11.49
loc_2028,Talakkolattur,fh_32,Maintenance dredging of existing harbor in Ponnani,fishing_harbour,67.56
loc_2028,Talakkolattur,fh_33,Maintenance dredging of existing harbor in Beypore,fishing_harbour,21.2
loc_2028,Talakkolattur,fh_34,Maintenance dredging of existing harbor in Puthiyappa,fishing_harbour,4.23
loc_2030,Cheruthazham,fh_26,Expansion of Kasaragod Fishing Harbour,fishing_harbour,55.22
loc_2030,Cheruthazham,fh_28,Upgradation and modernization of Harbour in Puthiyappa,fishing_harbour,99.3
loc_2030,Cheruthazham,fh_29,Upgradation and modernization of Harbour in Koyilandy,fishing_harbour,85.71
loc_2030,Cheruthazham,fh_34,Maintenance dredging of existing harbor in Puthiyappa,fishing_harbour,99.3
loc_2032,Amballūr,fh_24,"Modernization and up-gradation of Cochin Fishing Harbour at Thoppumpady, Cochin",fishing_harbour,56.08
loc_2032,Amballūr,fh_27,Upgradation and modernization of Harbour in Ponnani,fishing_harbour,52.17
loc_2032,Amballūr,fh_31,Maintenance dredging of existing harbor in Chettuva,fishing_harbour,22.3
loc_2032,Amballūr,fh_32,Maintenance dredging of existing harbor in Ponnani,fishing_harbour,52.17
loc_2032,Amballūr,fh_33,Maintenance dredging of existing harbor in Beypore,fishing_harbour,95.63
loc_2032,Amballūr,fh_35,Development of Arthungal Fishing Harbor (Balance work),fishing_harbour,83.19
loc_2032,Amballūr,port_02,Cochin Port,port,52.4
loc_2033,Koovappady,fh_24,"Modernization and up-gradation of Cochin Fishing Harbour at Thoppumpady, Cochin",fishing_harbour,34.41
loc_2033,Koovappady,fh_27,Upgradation and modernization of Harbour in Ponnani,fishing_harbour,91.44
loc_2033,Koovappady,fh_31,Maintenance dredging of existing harbor in Chettuva,fishing_harbour,55.07
loc_2033,Koovappady,fh_32,Maintenance dredging of existing harbor in Ponnani,fishing_harbour,91.44
loc_2033,Koovappady,fh_35,Development of Arthungal Fishing Harbor (Balance work),fishing_harbour,54.13
loc_2033,Koovappady,port_02,Cochin Port,port,32.44
loc_2034,Chendamangalam,fh_24,"Modernization and up-gradation of Cochin Fishing Harbour at Thoppumpady, Cochin",fishing_harbour,26.22
loc_2034,Chendamangalam,fh_27,Upgradation and modernization of Harbour in Ponnani,fishing_harbour,75.24
loc_2034,Chendamangalam,fh_31,Maintenance dredging of existing harbor in Chettuva,fishing_harbour,34.35
loc_2034,Chendamangalam,fh_32,Maintenance dredging of existing harbor in Ponnani,fishing_harbour,75.24
loc_2034,Chendamangalam,fh_35,Development of Arthungal Fishing Harbor (Balance work),fishing_harbour,53.87
loc_2034,Chendamangalam,port_02,Cochin Port,port,22.46
loc_2040,Vijayapuram,fh_24,"Modernization and up-gradation of Cochin Fishing Harbour at Thoppumpady, Cochin",fishing_harbour,49.37
loc_2040,Vijayapuram,fh_30,Maintenance dredging of existing harbor in Kayamkulam,fishing_harbour,46.22
loc_2040,Vijayapuram,fh_35,Development of Arthungal Fishing Harbor (Balance work),fishing_harbour,26.62
loc_2040,Vijayapuram,port_02,Cochin Port,port,52.74
loc_2045,Irinjālakuda,fh_24,"Modernization and up-gradation of Cochin Fishing Harbour at Thoppumpady, Cochin",fishing_harbour,46.3
loc_2045,Irinjālakuda,fh_27,Upgradation and modernization of Harbour in Ponnani,fishing_harbour,56.62
loc_2045,Irinjālakuda,fh_31,Maintenance dredging of existing harbor in Chettuva,fishing_harbour,18.66
loc_2045,Irinjālakuda,fh_32,Maintenance dredging of existing harbor in Ponnani,fishing_harbour,56.62
loc_2045,Irinjālakuda,fh_35,Development of Arthungal Fishing Harbor (Balance work),fishing_harbour,73.9
loc_2045,Irinjālakuda,port_02,Cochin Port,port,42.55
loc_2047,Kumbalam,fh_24,"Modernization and up-gradation of Cochin Fishing Harbour at Thoppumpady, Cochin",fishing_harbour,5.23
loc_2047,Kumbalam,fh_30,Maintenance dredging of existing harbor in Kayamkulam,fishing_harbour,83.37
loc_2047,Kumbalam,fh_31,Maintenance dredging of existing harbor in Chettuva,fishing_harbour,63.4
loc_2047,Kumbalam,fh_35,Development of Arthungal Fishing Harbor (Balance work),fishing_harbour,24.26
loc_2047,Kumbalam,port_02,Cochin Port,port,8.27
loc_2051,Urakam,fh_27,Upgradation and modernization of Harbour in Ponnani,fishing_harbour,31.91
loc_2051,Urakam,fh_28,Upgradation and modernization of Harbour in Puthiyappa,fishing_harbour,40.33
loc_2051,Urakam,fh_29,Upgradation and modernization of Harbour in Koyilandy,fishing_harbour,53.46
loc_2051,Urakam,fh_31,Maintenance dredging of existing harbor in Chettuva,fishing_harbour,70.63
loc_2051,Urakam,fh_32,Maintenance dredging of existing harbor in Ponnani,fishing_harbour,31.91
loc_2051,Urakam,fh_33,Maintenance dredging of existing harbor in Beypore,fishing_harbour,23.52
loc_2051,Urakam,fh_34,Maintenance dredging of existing harbor in Puthiyappa,fishing_harbour,40.33
loc_2054,Ponmana,fh_25,Expansion of Muthalapozhy Fishing Harbour,fishing_harbour,53.6
loc_2054,Ponmana,fh_30,Maintenance dredging of existing harbor in Kayamkulam,fishing_harbour,19.26
loc_2054,Ponmana,fh_35,Development of Arthungal Fishing Harbor (Balance work),fishing_harbour,78.37
loc_2058,Unamaucheri,fh_53,Modernization and up-gradation of Chennai Fishing Harbour,fishing_harbour,33.0
loc_2058,Unamaucheri,fh_56,Construction of Fishing harbour at ThiruvottriyurKuppam,fishing_harbour,42.05
loc_2058,Unamaucheri,fh_59,Construction of Fishing harbour at Azhagankuppam,fishing_harbour,93.45
loc_2058,Unamaucheri,port_05,Chennai Port,port,32.08
loc_2058,Unamaucheri,port_11,Kamarajar Port,port,49.16
loc_2059,Gorai,fh_37,Modernisation of Sassoon Dock Fishing Harbour,fishing_harbour,37.02
loc_2059,Gorai,fh_38,Karanja Fishing Harbour (Revised),fishing_harbour,41.67
loc_2059,Gorai,fh_40,Construction of Fisheries Fishing Harbour at Jeevana,fishing_harbour,84.81
loc_2059,Gorai,fh_44,Development of Fishing Harbour at Satpati,fishing_harbour,54.46
loc_2059,Gorai,port_00,Mumbai Port,port,35.96
loc_2059,Gorai,port_01,Jawaharlal Nehru Port (JNPT),port,37.68
loc_2075,Sikka,fh_15,Development of Fishery Harbour Porbandar – Phase 2,fishing_harbour,91.26
loc_2075,Sikka,port_12,Deendayal Port,port,71.3
loc_2075,Sikka,port_13,Mundra Port,port,36.43
loc_2077,Kondotty,fh_27,Upgradation and modernization of Harbour in Ponnani,fishing_harbour,41.58
loc_2077,Kondotty,fh_28,Upgradation and modernization of Harbour in Puthiyappa,fishing_harbour,31.57
loc_2077,Kondotty,fh_29,Upgradation and modernization of Harbour in Koyilandy,fishing_harbour,43.99
loc_2077,Kondotty,fh_31,Maintenance dredging of existing harbor in Chettuva,fishing_harbour,80.97
loc_2077,Kondotty,fh_32,Maintenance dredging of existing harbor in Ponnani,fishing_harbour,41.58
loc_2077,Kondotty,fh_33,Maintenance dredging of existing harbor in Beypore,fishing_harbour,17.26
loc_2077,Kondotty,fh_34,Maintenance dredging of existing harbor in Puthiyappa,fishing_harbour,31.57
loc_2091,Pattāmbi,fh_24,"Modernization and up-gradation of Cochin Fishing Harbour at Thoppumpady, Cochin",fishing_harbour,97.2
loc_2091,Pattāmbi,fh_27,Upgradation and modernization of Harbour in Ponnani,fishing_harbour,27.95
loc_2091,Pattāmbi,fh_28,Upgradation and modernization of Harbour in Puthiyappa,fishing_harbour,75.44
loc_2091,Pattāmbi,fh_29,Upgradation and modernization of Harbour in Koyilandy,fishing_harbour,88.62
loc_2091,Pattāmbi,fh_31,Maintenance dredging of existing harbor in Chettuva,fishing_harbour,44.38
loc_2091,Pattāmbi,fh_32,Maintenance dredging of existing harbor in Ponnani,fishing_harbour,27.95
loc_2091,Pattāmbi,fh_33,Maintenance dredging of existing harbor in Beypore,fishing_harbour,57.96
loc_2091,Pattāmbi,fh_34,Maintenance dredging of existing harbor in Puthiyappa,fishing_harbour,75.44
loc_2091,Pattāmbi,port_02,Cochin Port,port,93.46
loc_2092,Tekkali,fh_02,Development of Budugatlapalem Fishing Harbour,fishing_harbour,7.32
loc_2105,Pārdi,fh_44,Development of Fishing Harbour at Satpati,fishing_harbour,90.92
loc_2112,Ochira,fh_24,"Modernization and up-gradation of Cochin Fishing Harbour at Thoppumpady, Cochin",fishing_harbour,92.31
loc_2112,Ochira,fh_25,Expansion of Muthalapozhy Fishing Harbour,fishing_harbour,66.37
loc_2112,Ochira,fh_30,Maintenance dredging of existing harbor in Kayamkulam,fishing_harbour,5.19
loc_2112,Ochira,fh_35,Development of Arthungal Fishing Harbor (Balance work),fishing_harbour,64.55
loc_2112,Ochira,port_02,Cochin Port,port,96.07
loc_2117,Ramanayyapeta,fh_01,Development of Pudimadaka Fishing Harbour,fishing_harbour,97.89
loc_2117,Ramanayyapeta,fh_06,"Construction of Fishing Harbour, Uppada",fishing_harbour,18.47
loc_2118,Mīnjūr,fh_53,Modernization and up-gradation of Chennai Fishing Harbour,fishing_harbour,21.55
loc_2118,Mīnjūr,fh_56,Construction of Fishing harbour at ThiruvottriyurKuppam,fishing_harbour,14.45
loc_2118,Mīnjūr,port_05,Chennai Port,port,22.01
loc_2118,Mīnjūr,port_11,Kamarajar Port,port,9.89
loc_2124,Māvelikara,fh_24,"Modernization and up-gradation of Cochin Fishing Harbour at Thoppumpady, Cochin",fishing_harbour,80.92
loc_2124,Māvelikara,fh_25,Expansion of Muthalapozhy Fishing Harbour,fishing_harbour,77.31
loc_2124,Māvelikara,fh_30,Maintenance dredging of existing harbor in Kayamkulam,fishing_harbour,10.77
loc_2124,Māvelikara,fh_35,Development of Arthungal Fishing Harbor (Balance work),fishing_harbour,53.45
loc_2124,Māvelikara,port_02,Cochin Port,port,84.63
loc_2127,Pallipuram,fh_24,"Modernization and up-gradation of Cochin Fishing Harbour at Thoppumpady, Cochin",fishing_harbour,21.68
loc_2127,Pallipuram,fh_30,Maintenance dredging of existing harbor in Kayamkulam,fishing_harbour,65.83
loc_2127,Pallipuram,fh_31,Maintenance dredging of existing harbor in Chettuva,fishing_harbour,80.79
loc_2127,Pallipuram,fh_35,Development of Arthungal Fishing Harbor (Balance work),fishing_harbour,7.47
loc_2127,Pallipuram,port_02,Cochin Port,port,25.36
loc_2130,Piravam,fh_24,"Modernization and up-gradation of Cochin Fishing Harbour at Thoppumpady, Cochin",fishing_harbour,26.16
loc_2130,Piravam,fh_30,Maintenance dredging of existing harbor in Kayamkulam,fishing_harbour,76.35
loc_2130,Piravam,fh_31,Maintenance dredging of existing harbor in Chettuva,fishing_harbour,78.14
loc_2130,Piravam,fh_35,Development of Arthungal Fishing Harbor (Balance work),fishing_harbour,26.33
loc_2130,Piravam,port_02,Cochin Port,port,28.14
loc_2132,Uliyazhathura,fh_25,Expansion of Muthalapozhy Fishing Harbour,fishing_harbour,15.79
loc_2132,Uliyazhathura,fh_30,Maintenance dredging of existing harbor in Kayamkulam,fishing_harbour,81.12
loc_2132,Uliyazhathura,fh_54,Maintenance Dredging of Colachel Fishing Harbour,fishing_harbour,57.39
loc_2132,Uliyazhathura,fh_61,Expansion and Modernization of Thengapattinam Fishing,fishing_harbour,41.85
loc_2134,Atholi,fh_27,Upgradation and modernization of Harbour in Ponnani,fishing_harbour,71.24
loc_2134,Atholi,fh_28,Upgradation and modernization of Harbour in Puthiyappa,fishing_harbour,7.92
loc_2134,Atholi,fh_29,Upgradation and modernization of Harbour in Koyilandy,fishing_harbour,8.67
loc_2134,Atholi,fh_32,Maintenance dredging of existing harbor in Ponnani,fishing_harbour,71.24
loc_2134,Atholi,fh_33,Maintenance dredging of existing harbor in Beypore,fishing_harbour,24.91
loc_2134,Atholi,fh_34,Maintenance dredging of existing harbor in Puthiyappa,fishing_harbour,7.92
loc_2138,Kottaikādu,fh_49,Construction of Fishing Harbour at Thengaithittu,fishing_harbour,43.29
loc_2138,Kottaikādu,fh_50,Upgradation of Puducherry Fishing Harbour,fishing_harbour,39.81
loc_2138,Kottaikādu,fh_53,Modernization and up-gradation of Chennai Fishing Harbour,fishing_harbour,98.98
loc_2138,Kottaikādu,fh_57,Development of existing Fishing Harbour at Mudhunagar,fishing_harbour,64.27
loc_2138,Kottaikādu,fh_59,Construction of Fishing harbour at Azhagankuppam,fishing_harbour,25.42
loc_2138,Kottaikādu,port_05,Chennai Port,port,98.17
loc_2143,Perumbavoor,fh_24,"Modernization and up-gradation of Cochin Fishing Harbour at Thoppumpady, Cochin",fishing_harbour,29.74
loc_2143,Perumbavoor,fh_27,Upgradation and modernization of Harbour in Ponnani,fishing_harbour,94.71
loc_2143,Perumbavoor,fh_31,Maintenance dredging of existing harbor in Chettuva,fishing_harbour,57.1
loc_2143,Perumbavoor,fh_32,Maintenance dredging of existing harbor in Ponnani,fishing_harbour,94.71
loc_2143,Perumbavoor,fh_35,Development of Arthungal Fishing Harbor (Balance work),fishing_harbour,48.62
loc_2143,Perumbavoor,port_02,Cochin Port,port,28.11
loc_2161,Umargām,fh_44,Development of Fishing Harbour at Satpati,fishing_harbour,52.47
loc_2163,Pallikunnu,fh_26,Expansion of Kasaragod Fishing Harbour,fishing_harbour,78.67
loc_2163,Pallikunnu,fh_28,Upgradation and modernization of Harbour in Puthiyappa,fishing_harbour,75.9
loc_2163,Pallikunnu,fh_29,Upgradation and modernization of Harbour in Koyilandy,fishing_harbour,62.47
loc_2163,Pallikunnu,fh_33,Maintenance dredging of existing harbor in Beypore,fishing_harbour,94.07
loc_2163,Pallikunnu,fh_34,Maintenance dredging of existing harbor in Puthiyappa,fishing_harbour,75.9
loc_2164,Trittāla,fh_24,"Modernization and up-gradation of Cochin Fishing Harbour at Thoppumpady, Cochin",fishing_harbour,98.3
loc_2164,Trittāla,fh_27,Upgradation and modernization of Harbour in Ponnani,fishing_harbour,22.03
loc_2164,Trittāla,fh_28,Upgradation and modernization of Harbour in Puthiyappa,fishing_harbour,71.45
loc_2164,Trittāla,fh_29,Upgradation and modernization of Harbour in Koyilandy,fishing_harbour,84.89
loc_2164,Trittāla,fh_31,Maintenance dredging of existing harbor in Chettuva,fishing_harbour,43.25
loc_2164,Trittāla,fh_32,Maintenance dredging of existing harbor in Ponnani,fishing_harbour,22.03
loc_2164,Trittāla,fh_33,Maintenance dredging of existing harbor in Beypore,fishing_harbour,53.63
loc_2164,Trittāla,fh_34,Maintenance dredging of existing harbor in Puthiyappa,fishing_harbour,71.45
loc_2164,Trittāla,port_02,Cochin Port,port,94.53
loc_2171,Mathur,fh_53,Modernization and up-gradation of Chennai Fishing Harbour,fishing_harbour,10.64
loc_2171,Mathur,fh_56,Construction of Fishing harbour at ThiruvottriyurKuppam,fishing_harbour,8.92
loc_2171,Mathur,port_05,Chennai Port,port,10.81
loc_2171,Mathur,port_11,Kamarajar Port,port,12.61
loc_2174,Pūvātūparamba,fh_27,Upgradation and modernization of Harbour in Ponnani,fishing_harbour,55.88
loc_2174,Pūvātūparamba,fh_28,Upgradation and modernization of Harbour in Puthiyappa,fishing_harbour,17.18
loc_2174,Pūvātūparamba,fh_29,Upgradation and modernization of Harbour in Koyilandy,fishing_harbour,27.92
loc_2174,Pūvātūparamba,fh_31,Maintenance dredging of existing harbor in Chettuva,fishing_harbour,96.44
loc_2174,Pūvātūparamba,fh_32,Maintenance dredging of existing harbor in Ponnani,fishing_harbour,55.88
loc_2174,Pūvātūparamba,fh_33,Maintenance dredging of existing harbor in Beypore,fishing_harbour,14.19
loc_2174,Pūvātūparamba,fh_34,Maintenance dredging of existing harbor in Puthiyappa,fishing_harbour,17.18
loc_2177,Ezhupunna,fh_24,"Modernization and up-gradation of Cochin Fishing Harbour at Thoppumpady, Cochin",fishing_harbour,12.54
loc_2177,Ezhupunna,fh_30,Maintenance dredging of existing harbor in Kayamkulam,fishing_harbour,74.59
loc_2177,Ezhupunna,fh_31,Maintenance dredging of existing harbor in Chettuva,fishing_harbour,71.58
loc_2177,Ezhupunna,fh_35,Development of Arthungal Fishing Harbor (Balance work),fishing_harbour,15.23
loc_2177,Ezhupunna,port_02,Cochin Port,port,16.31
loc_2183,Moothakunnam,fh_24,"Modernization and up-gradation of Cochin Fishing Harbour at Thoppumpady, Cochin",fishing_harbour,29.88
loc_2183,Moothakunnam,fh_27,Upgradation and modernization of Harbour in Ponnani,fishing_harbour,70.97
loc_2183,Moothakunnam,fh_31,Maintenance dredging of existing harbor in Chettuva,fishing_harbour,29.86
loc_2183,Moothakunnam,fh_32,Maintenance dredging of existing harbor in Ponnani,fishing_harbour,70.97
loc_2183,Moothakunnam,fh_35,Development of Arthungal Fishing Harbor (Balance work),fishing_harbour,57.64
loc_2183,Moothakunnam,port_02,Cochin Port,port,26.11
loc_2184,Pathirappally,fh_24,"Modernization and up-gradation of Cochin Fishing Harbour at Thoppumpady, Cochin",fishing_harbour,44.25
loc_2184,Pathirappally,fh_30,Maintenance dredging of existing harbor in Kayamkulam,fishing_harbour,44.08
loc_2184,Pathirappally,fh_35,Development of Arthungal Fishing Harbor (Balance work),fishing_harbour,17.3
loc_2184,Pathirappally,port_02,Cochin Port,port,48.0
loc_2191,Azhoor,fh_25,Expansion of Muthalapozhy Fishing Harbour,fishing_harbour,5.33
loc_2191,Azhoor,fh_30,Maintenance dredging of existing harbor in Kayamkulam,fishing_harbour,68.04
loc_2191,Azhoor,fh_54,Maintenance Dredging of Colachel Fishing Harbour,fishing_harbour,71.59
loc_2191,Azhoor,fh_61,Expansion and Modernization of Thengapattinam Fishing,fishing_harbour,55.95
loc_2192,Kullattūr,fh_53,Modernization and up-gradation of Chennai Fishing Harbour,fishing_harbour,20.03
loc_2192,Kullattūr,fh_56,Construction of Fishing harbour at ThiruvottriyurKuppam,fishing_harbour,29.29
loc_2192,Kullattūr,port_05,Chennai Port,port,19.13
loc_2192,Kullattūr,port_11,Kamarajar Port,port,36.69
loc_2193,Balussheri,fh_27,Upgradation and modernization of Harbour in Ponnani,fishing_harbour,76.12
loc_2193,Balussheri,fh_28,Upgradation and modernization of Harbour in Puthiyappa,fishing_harbour,17.2
loc_2193,Balussheri,fh_29,Upgradation and modernization of Harbour in Koyilandy,fishing_harbour,14.13
loc_2193,Balussheri,fh_32,Maintenance dredging of existing harbor in Ponnani,fishing_harbour,76.12
loc_2193,Balussheri,fh_33,Maintenance dredging of existing harbor in Beypore,fishing_harbour,30.92
loc_2193,Balussheri,fh_34,Maintenance dredging of existing harbor in Puthiyappa,fishing_harbour,17.2
loc_2197,Nanminda,fh_27,Upgradation and modernization of Harbour in Ponnani,fishing_harbour,73.57
loc_2197,Nanminda,fh_28,Upgradation and modernization of Harbour in Puthiyappa,fishing_harbour,14.62
loc_2197,Nanminda,fh_29,Upgradation and modernization of Harbour in Koyilandy,fishing_harbour,13.54
loc_2197,Nanminda,fh_32,Maintenance dredging of existing harbor in Ponnani,fishing_harbour,73.57
loc_2197,Nanminda,fh_33,Maintenance dredging of existing harbor in Beypore,fishing_harbour,28.2
loc_2197,Nanminda,fh_34,Maintenance dredging of existing harbor in Puthiyappa,fishing_harbour,14.62
loc_2199,Kattumannarkoil,fh_45,Development of Smart and Integrated Fishing Harbour at Karaikal,fishing_harbour,50.18
loc_2199,Kattumannarkoil,fh_49,Construction of Fishing Harbour at Thengaithittu,fishing_harbour,75.0
loc_2199,Kattumannarkoil,fh_50,Upgradation of Puducherry Fishing Harbour,fishing_harbour,78.5
loc_2199,Kattumannarkoil,fh_52,Up-gradation of Pazhayar Fishing Harbour,fishing_harbour,31.84
loc_2199,Kattumannarkoil,fh_55,Construction of Fishing harbour at Tharangampadi,fishing_harbour,42.02
loc_2199,Kattumannarkoil,fh_57,Development of existing Fishing Harbour at Mudhunagar,fishing_harbour,54.03
loc_2199,Kattumannarkoil,fh_58,Development of Fishing Harbour at Arcottuthurai,fishing_harbour,82.37
loc_2199,Kattumannarkoil,fh_59,Construction of Fishing harbour at Azhagankuppam,fishing_harbour,92.91
loc_2199,Kattumannarkoil,fh_60,Development of Fishing Harbour at Vellapallam,fishing_harbour,80.51
loc_2202,Arumuganeri,fh_62,Extension of T-Jetty at Tharuvaikulam,fishing_harbour,28.45
loc_2202,Arumuganeri,port_10,V.O. Chidambaranar Port,port,23.89
loc_2203,Elamanchili,fh_01,Development of Pudimadaka Fishing Harbour,fishing_harbour,12.53
loc_2203,Elamanchili,fh_04,Modernization and up-gradation of Vishakapatnam Fishing Harbour,fishing_harbour,48.44
loc_2203,Elamanchili,fh_06,"Construction of Fishing Harbour, Uppada",fishing_harbour,75.75
loc_2203,Elamanchili,port_06,Visakhapatnam Port,port,48.18
loc_2204,Adichānallūr,fh_25,Expansion of Muthalapozhy Fishing Harbour,fishing_harbour,31.98
loc_2204,Adichānallūr,fh_30,Maintenance dredging of existing harbor in Kayamkulam,fishing_harbour,40.86
loc_2204,Adichānallūr,fh_35,Development of Arthungal Fishing Harbor (Balance work),fishing_harbour,99.0
loc_2204,Adichānallūr,fh_54,Maintenance Dredging of Colachel Fishing Harbour,fishing_harbour,97.57
loc_2204,Adichānallūr,fh_61,Expansion and Modernization of Thengapattinam Fishing,fishing_harbour,82.1
loc_2213,Jāfarābād,fh_13,Development of Fishery harbour at Madhwad,fishing_harbour,94.08
loc_2213,Jāfarābād,fh_16,Development of Fishery Harbour at Sutrapada,fishing_harbour,92.16
loc_2213,Jāfarābād,fh_46,Development of Smart and Integrated Fishing Harbour at Vanakbara,fishing_harbour,42.77
loc_2217,Vettanād,fh_25,Expansion of Muthalapozhy Fishing Harbour,fishing_harbour,17.86
loc_2217,Vettanād,fh_30,Maintenance dredging of existing harbor in Kayamkulam,fishing_harbour,80.23
loc_2217,Vettanād,fh_54,Maintenance Dredging of Colachel Fishing Harbour,fishing_harbour,58.2
loc_2217,Vettanād,fh_61,Expansion and Modernization of Thengapattinam Fishing,fishing_harbour,42.83
loc_2219,Perumpāvūr,fh_24,"Modernization and up-gradation of Cochin Fishing Harbour at Thoppumpady, Cochin",fishing_harbour,30.57
loc_2219,Perumpāvūr,fh_27,Upgradation and modernization of Harbour in Ponnani,fishing_harbour,94.15
loc_2219,Perumpāvūr,fh_31,Maintenance dredging of existing harbor in Chettuva,fishing_harbour,56.74
loc_2219,Perumpāvūr,fh_32,Maintenance dredging of existing harbor in Ponnani,fishing_harbour,94.15
loc_2219,Perumpāvūr,fh_35,Development of Arthungal Fishing Harbor (Balance work),fishing_harbour,49.6
loc_2219,Perumpāvūr,port_02,Cochin Port,port,28.88
loc_2223,Tikkotti,fh_27,Upgradation and modernization of Harbour in Ponnani,fishing_harbour,86.37
loc_2223,Tikkotti,fh_28,Upgradation and modernization of Harbour in Puthiyappa,fishing_harbour,22.6
loc_2223,Tikkotti,fh_29,Upgradation and modernization of Harbour in Koyilandy,fishing_harbour,10.28
loc_2223,Tikkotti,fh_32,Maintenance dredging of existing harbor in Ponnani,fishing_harbour,86.37
loc_2223,Tikkotti,fh_33,Maintenance dredging of existing harbor in Beypore,fishing_harbour,40.72
loc_2223,Tikkotti,fh_34,Maintenance dredging of existing harbor in Puthiyappa,fishing_harbour,22.6
loc_2228,Payakaraopeta,fh_01,Development of Pudimadaka Fishing Harbour,fishing_harbour,43.83
loc_2228,Payakaraopeta,fh_04,Modernization and up-gradation of Vishakapatnam Fishing Harbour,fishing_harbour,84.5
loc_2228,Payakaraopeta,fh_06,"Construction of Fishing Harbour, Uppada",fishing_harbour,40.15
loc_2228,Payakaraopeta,port_06,Visakhapatnam Port,port,84.33
loc_2230,Elamkunnapuzha,fh_24,"Modernization and up-gradation of Cochin Fishing Harbour at Thoppumpady, Cochin",fishing_harbour,11.96
loc_2230,Elamkunnapuzha,fh_27,Upgradation and modernization of Harbour in Ponnani,fishing_harbour,88.61
loc_2230,Elamkunnapuzha,fh_30,Maintenance dredging of existing harbor in Kayamkulam,fishing_harbour,98.95
loc_2230,Elamkunnapuzha,fh_31,Maintenance dredging of existing harbor in Chettuva,fishing_harbour,47.2
loc_2230,Elamkunnapuzha,fh_32,Maintenance dredging of existing harbor in Ponnani,fishing_harbour,88.61
loc_2230,Elamkunnapuzha,fh_35,Development of Arthungal Fishing Harbor (Balance work),fishing_harbour,39.6
loc_2230,Elamkunnapuzha,port_02,Cochin Port,port,8.33
loc_2231,Ettumanoor,fh_24,"Modernization and up-gradation of Cochin Fishing Harbour at Thoppumpady, Cochin",fishing_harbour,43.78
loc_2231,Ettumanoor,fh_30,Maintenance dredging of existing harbor in Kayamkulam,fishing_harbour,55.02
loc_2231,Ettumanoor,fh_35,Development of Arthungal Fishing Harbor (Balance work),fishing_harbour,25.31
loc_2231,Ettumanoor,port_02,Cochin Port,port,46.88
loc_2235,Kumārapuram,fh_24,"Modernization and up-gradation of Cochin Fishing Harbour at Thoppumpady, Cochin",fishing_harbour,75.44
loc_2235,Kumārapuram,fh_25,Expansion of Muthalapozhy Fishing Harbour,fishing_harbour,83.78
loc_2235,Kumārapuram,fh_30,Maintenance dredging of existing harbor in Kayamkulam,fishing_harbour,12.52
loc_2235,Kumārapuram,fh_35,Development of Arthungal Fishing Harbor (Balance work),fishing_harbour,47.71
loc_2235,Kumārapuram,port_02,Cochin Port,port,79.21
loc_2237,Kulasēkarapuram,fh_24,"Modernization and up-gradation of Cochin Fishing Harbour at Thoppumpady, Cochin",fishing_harbour,97.54
loc_2237,Kulasēkarapuram,fh_25,Expansion of Muthalapozhy Fishing Harbour,fishing_harbour,61.12
loc_2237,Kulasēkarapuram,fh_30,Maintenance dredging of existing harbor in Kayamkulam,fishing_harbour,10.42
loc_2237,Kulasēkarapuram,fh_35,Development of Arthungal Fishing Harbor (Balance work),fishing_harbour,69.78
loc_2240,Vepagunta,fh_01,Development of Pudimadaka Fishing Harbour,fishing_harbour,41.74
loc_2240,Vepagunta,fh_04,Modernization and up-gradation of Vishakapatnam Fishing Harbour,fishing_harbour,12.59
loc_2240,Vepagunta,port_06,Visakhapatnam Port,port,11.64
loc_2243,Edacchēri,fh_28,Upgradation and modernization of Harbour in Puthiyappa,fishing_harbour,42.14
loc_2243,Edacchēri,fh_29,Upgradation and modernization of Harbour in Koyilandy,fishing_harbour,28.11
loc_2243,Edacchēri,fh_33,Maintenance dredging of existing harbor in Beypore,fishing_harbour,60.38
loc_2243,Edacchēri,fh_34,Maintenance dredging of existing harbor in Puthiyappa,fishing_harbour,42.14
loc_2246,Palavakkam,fh_53,Modernization and up-gradation of Chennai Fishing Harbour,fishing_harbour,15.87
loc_2246,Palavakkam,fh_56,Construction of Fishing harbour at ThiruvottriyurKuppam,fishing_harbour,25.33
loc_2246,Palavakkam,port_05,Chennai Port,port,15.1
loc_2246,Palavakkam,port_11,Kamarajar Port,port,33.1
loc_2248,Indāpur,fh_37,Modernisation of Sassoon Dock Fishing Harbour,fishing_harbour,81.93
loc_2248,Indāpur,fh_38,Karanja Fishing Harbour (Revised),fishing_harbour,74.83
loc_2248,Indāpur,fh_40,Construction of Fisheries Fishing Harbour at Jeevana,fishing_harbour,40.43
loc_2248,Indāpur,fh_41,Construction of Fisheries Fishing Harbour at Bharadkhol,fishing_harbour,41.35
loc_2248,Indāpur,fh_42,Construction of Fisheries Fishing Harbour at Harnai,fishing_harbour,55.99
loc_2248,Indāpur,fh_43,Construction of Fisheries Fishing Harbour at Sakhari Nate,fishing_harbour,60.07
loc_2248,Indāpur,port_00,Mumbai Port,port,82.15
loc_2248,Indāpur,port_01,Jawaharlal Nehru Port (JNPT),port,78.89
loc_2249,Varappuzha,fh_24,"Modernization and up-gradation of Cochin Fishing Harbour at Thoppumpady, Cochin",fishing_harbour,16.22
loc_2249,Varappuzha,fh_27,Upgradation and modernization of Harbour in Ponnani,fishing_harbour,85.74
loc_2249,Varappuzha,fh_31,Maintenance dredging of existing harbor in Chettuva,fishing_harbour,44.72
loc_2249,Varappuzha,fh_32,Maintenance dredging of existing harbor in Ponnani,fishing_harbour,85.74
loc_2249,Varappuzha,fh_35,Development of Arthungal Fishing Harbor (Balance work),fishing_harbour,43.56
loc_2249,Varappuzha,port_02,Cochin Port,port,12.58
loc_2253,Krishnāpuram,fh_24,"Modernization and up-gradation of Cochin Fishing Harbour at Thoppumpady, Cochin",fishing_harbour,90.85
loc_2253,Krishnāpuram,fh_25,Expansion of Muthalapozhy Fishing Harbour,fishing_harbour,67.56
loc_2253,Krishnāpuram,fh_30,Maintenance dredging of existing harbor in Kayamkulam,fishing_harbour,4.02
loc_2253,Krishnāpuram,fh_35,Development of Arthungal Fishing Harbor (Balance work),fishing_harbour,63.1
loc_2253,Krishnāpuram,port_02,Cochin Port,port,94.61
loc_2269,Dhrol,port_12,Deendayal Port,port,49.18
loc_2269,Dhrol,port_13,Mundra Port,port,74.13
loc_2283,Āyanchēri,fh_27,Upgradation and modernization of Harbour in Ponnani,fishing_harbour,99.2
loc_2283,Āyanchēri,fh_28,Upgradation and modernization of Harbour in Puthiyappa,fishing_harbour,34.78
loc_2283,Āyanchēri,fh_29,Upgradation and modernization of Harbour in Koyilandy,fishing_harbour,20.88
loc_2283,Āyanchēri,fh_32,Maintenance dredging of existing harbor in Ponnani,fishing_harbour,99.2
loc_2283,Āyanchēri,fh_33,Maintenance dredging of existing harbor in Beypore,fishing_harbour,52.83
loc_2283,Āyanchēri,fh_34,Maintenance dredging of existing harbor in Puthiyappa,fishing_harbour,34.78
loc_2287,Narasannapeta,fh_02,Development of Budugatlapalem Fishing Harbour,fishing_harbour,36.06
loc_2292,Kūdlu,fh_17,Modernisation and Upgradation of Mangalore Fishing Harbour,fishing_harbour,44.62
loc_2292,Kūdlu,fh_18,Modernisation of Malpe Fishing Harbour,fishing_harbour,96.08
loc_2292,Kūdlu,fh_22,Kulai Fishing Harbour,fishing_harbour,51.62
loc_2292,Kūdlu,fh_23,Hejmadi Kodi Fishing Harbour,fishing_harbour,66.97
loc_2292,Kūdlu,fh_26,Expansion of Kasaragod Fishing Harbour,fishing_harbour,3.53
loc_2292,Kūdlu,port_03,New Mangalore Port,port,47.83
loc_2298,Sutrāpāra,fh_11,3rd Stage of Mangarol Fishing Harbour,fishing_harbour,84.12
loc_2298,Sutrāpāra,fh_13,Development of Fishery harbour at Madhwad,fishing_harbour,16.35
loc_2298,Sutrāpāra,fh_14,Development of Fishery Harbour at Veraval – Phase 2,fishing_harbour,13.33
loc_2298,Sutrāpāra,fh_16,Development of Fishery Harbour at Sutrapada,fishing_harbour,1.54
loc_2298,Sutrāpāra,fh_46,Development of Smart and Integrated Fishing Harbour at Vanakbara,fishing_harbour,54.74
loc_2303,Khoni,fh_37,Modernisation of Sassoon Dock Fishing Harbour,fishing_harbour,50.34
loc_2303,Khoni,fh_38,Karanja Fishing Harbour (Revised),fishing_harbour,46.74
loc_2303,Khoni,fh_40,Construction of Fisheries Fishing Harbour at Jeevana,fishing_harbour,91.9
loc_2303,Khoni,fh_44,Development of Fishing Harbour at Satpati,fishing_harbour,60.74
loc_2303,Khoni,port_00,Mumbai Port,port,48.33
loc_2303,Khoni,port_01,Jawaharlal Nehru Port (JNPT),port,42.44
loc_2308,Edavai,fh_25,Expansion of Muthalapozhy Fishing Harbour,fishing_harbour,20.88
loc_2308,Edavai,fh_30,Maintenance dredging of existing harbor in Kayamkulam,fishing_harbour,50.63
loc_2308,Edavai,fh_54,Maintenance Dredging of Colachel Fishing Harbour,fishing_harbour,89.66
loc_2308,Edavai,fh_61,Expansion and Modernization of Thengapattinam Fishing,fishing_harbour,74.02
loc_2310,Naduvannūr,fh_27,Upgradation and modernization of Harbour in Ponnani,fishing_harbour,81.58
loc_2310,Naduvannūr,fh_28,Upgradation and modernization of Harbour in Puthiyappa,fishing_harbour,19.04
loc_2310,Naduvannūr,fh_29,Upgradation and modernization of Harbour in Koyilandy,fishing_harbour,9.75
loc_2310,Naduvannūr,fh_32,Maintenance dredging of existing harbor in Ponnani,fishing_harbour,81.58
loc_2310,Naduvannūr,fh_33,Maintenance dredging of existing harbor in Beypore,fishing_harbour,35.53
loc_2310,Naduvannūr,fh_34,Maintenance dredging of existing harbor in Puthiyappa,fishing_harbour,19.04
loc_2316,Kuttikkāttūr,fh_27,Upgradation and modernization of Harbour in Ponnani,fishing_harbour,55.05
loc_2316,Kuttikkāttūr,fh_28,Upgradation and modernization of Harbour in Puthiyappa,fishing_harbour,16.51
loc_2316,Kuttikkāttūr,fh_29,Upgradation and modernization of Harbour in Koyilandy,fishing_harbour,27.8
loc_2316,Kuttikkāttūr,fh_31,Maintenance dredging of existing harbor in Chettuva,fishing_harbour,95.74
loc_2316,Kuttikkāttūr,fh_32,Maintenance dredging of existing harbor in Ponnani,fishing_harbour,55.05
loc_2316,Kuttikkāttūr,fh_33,Maintenance dredging of existing harbor in Beypore,fishing_harbour,12.79
loc_2316,Kuttikkāttūr,fh_34,Maintenance dredging of existing harbor in Puthiyappa,fishing_harbour,16.51
loc_2317,Jaynagar Majilpur,fh_63,Modernisation and upgradation of existing fishing harbour at Petuaghat,fishing_harbour,70.13
loc_2317,Jaynagar Majilpur,fh_65,Modernisation and upgradation of existing fishing harbour at Frasergunj,fishing_harbour,70.37
loc_2317,Jaynagar Majilpur,fh_66,Modernisation and upgradation of existing fishing harbour at Kakdwip,fishing_harbour,41.11
loc_2317,Jaynagar Majilpur,port_08,Kolkata Port,port,44.19
loc_2317,Jaynagar Majilpur,port_09,Syama Prasad Mookerjee Port Haldia,port,40.46
loc_2319,Chīpurupalle,fh_04,Modernization and up-gradation of Vishakapatnam Fishing Harbour,fishing_harbour,75.11
loc_2319,Chīpurupalle,port_06,Visakhapatnam Port,port,74.62
loc_2319,Chīpurupalle,fh_02,Development of Budugatlapalem Fishing Harbour,fishing_harbour,84.9
loc_2320,Iringal,fh_27,Upgradation and modernization of Harbour in Ponnani,fishing_harbour,94.19
loc_2320,Iringal,fh_28,Upgradation and modernization of Harbour in Puthiyappa,fishing_harbour,29.81
loc_2320,Iringal,fh_29,Upgradation and modernization of Harbour in Koyilandy,fishing_harbour,16.08
loc_2320,Iringal,fh_32,Maintenance dredging of existing harbor in Ponnani,fishing_harbour,94.19
loc_2320,Iringal,fh_33,Maintenance dredging of existing harbor in Beypore,fishing_harbour,48.15
loc_2320,Iringal,fh_34,Maintenance dredging of existing harbor in Puthiyappa,fishing_harbour,29.81
loc_2323,Thodiyoor,fh_25,Expansion of Muthalapozhy Fishing Harbour,fishing_harbour,57.61
loc_2323,Thodiyoor,fh_30,Maintenance dredging of existing harbor in Kayamkulam,fishing_harbour,14.2
loc_2323,Thodiyoor,fh_35,Development of Arthungal Fishing Harbor (Balance work),fishing_harbour,72.88
loc_2326,Kāladi,fh_27,Upgradation and modernization of Harbour in Ponnani,fishing_harbour,9.99
loc_2326,Kāladi,fh_28,Upgradation and modernization of Harbour in Puthiyappa,fishing_harbour,62.8
loc_2326,Kāladi,fh_29,Upgradation and modernization of Harbour in Koyilandy,fishing_harbour,76.68
loc_2326,Kāladi,fh_31,Maintenance dredging of existing harbor in Chettuva,fishing_harbour,44.8
loc_2326,Kāladi,fh_32,Maintenance dredging of existing harbor in Ponnani,fishing_harbour,9.99
loc_2326,Kāladi,fh_33,Maintenance dredging of existing harbor in Beypore,fishing_harbour,44.49
loc_2326,Kāladi,fh_34,Maintenance dredging of existing harbor in Puthiyappa,fishing_harbour,62.8
loc_2326,Kāladi,port_02,Cochin Port,port,99.25
loc_2327,Muhamma,fh_24,"Modernization and up-gradation of Cochin Fishing Harbour at Thoppumpady, Cochin",fishing_harbour,37.07
loc_2327,Muhamma,fh_30,Maintenance dredging of existing harbor in Kayamkulam,fishing_harbour,50.07
loc_2327,Muhamma,fh_31,Maintenance dredging of existing harbor in Chettuva,fishing_harbour,96.02
loc_2327,Muhamma,fh_35,Development of Arthungal Fishing Harbor (Balance work),fishing_harbour,9.31
loc_2327,Muhamma,port_02,Cochin Port,port,40.84
loc_2328,Ponmundam,fh_27,Upgradation and modernization of Harbour in Ponnani,fishing_harbour,20.49
loc_2328,Ponmundam,fh_28,Upgradation and modernization of Harbour in Puthiyappa,fishing_harbour,46.58
loc_2328,Ponmundam,fh_29,Upgradation and modernization of Harbour in Koyilandy,fishing_harbour,60.42
loc_2328,Ponmundam,fh_31,Maintenance dredging of existing harbor in Chettuva,fishing_harbour,60.6
loc_2328,Ponmundam,fh_32,Maintenance dredging of existing harbor in Ponnani,fishing_harbour,20.49
loc_2328,Ponmundam,fh_33,Maintenance dredging of existing harbor in Beypore,fishing_harbour,28.32
loc_2328,Ponmundam,fh_34,Maintenance dredging of existing harbor in Puthiyappa,fishing_harbour,46.58
loc_2329,Mulamthuruthy,fh_24,"Modernization and up-gradation of Cochin Fishing Harbour at Thoppumpady, Cochin",fishing_harbour,13.23
loc_2329,Mulamthuruthy,fh_30,Maintenance dredging of existing harbor in Kayamkulam,fishing_harbour,81.05
loc_2329,Mulamthuruthy,fh_31,Maintenance dredging of existing harbor in Chettuva,fishing_harbour,67.97
loc_2329,Mulamthuruthy,fh_35,Development of Arthungal Fishing Harbor (Balance work),fishing_harbour,23.95
loc_2329,Mulamthuruthy,port_02,Cochin Port,port,15.32
loc_2330,Gokarna,fh_20,Maintenance Dredging at Amadalli Fishing Harbour,fishing_harbour,13.91
loc_2330,Gokarna,fh_21,Dredging work at Tadari Fishing Harbour,fishing_harbour,15.39
loc_2333,Kāndla,port_12,Deendayal Port,port,7.05
loc_2333,Kāndla,port_13,Mundra Port,port,60.44
loc_2334,Erannoli,fh_26,Expansion of Kasaragod Fishing Harbour,fishing_harbour,99.47
loc_2334,Erannoli,fh_28,Upgradation and modernization of Harbour in Puthiyappa,fishing_harbour,55.51
loc_2334,Erannoli,fh_29,Upgradation and modernization of Harbour in Koyilandy,fishing_harbour,41.64
loc_2334,Erannoli,fh_33,Maintenance dredging of existing harbor in Beypore,fishing_harbour,73.85
loc_2334,Erannoli,fh_34,Maintenance dredging of existing harbor in Puthiyappa,fishing_harbour,55.51
loc_2335,Kārkala,fh_17,Modernisation and Upgradation of Mangalore Fishing Harbour,fishing_harbour,39.62
loc_2335,Kārkala,fh_18,Modernisation of Malpe Fishing Harbour,fishing_harbour,35.05
loc_2335,Kārkala,fh_19,Modernisation of Gangoli Fishing Harbour,fishing_harbour,59.06
loc_2335,Kārkala,fh_22,Kulai Fishing Harbour,fishing_harbour,35.12
loc_2335,Kārkala,fh_23,Hejmadi Kodi Fishing Harbour,fishing_harbour,26.27
loc_2335,Kārkala,fh_26,Expansion of Kasaragod Fishing Harbour,fishing_harbour,79.42
loc_2335,Kārkala,port_03,New Mangalore Port,port,37.15
loc_2338,Avanigadda,fh_07,"Construction of Fishing Harbour, Vodarevu",fishing_harbour,95.69
loc_2338,Avanigadda,fh_08,"Construction of Fishing Harbour, Machilipattinam",fishing_harbour,28.69
loc_2338,Avanigadda,fh_09,"Construction of Fishing Harbour, Nizampattinam",fishing_harbour,31.68
loc_2340,Kuttippuram,fh_27,Upgradation and modernization of Harbour in Ponnani,fishing_harbour,13.64
loc_2340,Kuttippuram,fh_28,Upgradation and modernization of Harbour in Puthiyappa,fishing_harbour,61.86
loc_2340,Kuttippuram,fh_29,Upgradation and modernization of Harbour in Koyilandy,fishing_harbour,75.61
loc_2340,Kuttippuram,fh_31,Maintenance dredging of existing harbor in Chettuva,fishing_harbour,47.08
loc_2340,Kuttippuram,fh_32,Maintenance dredging of existing harbor in Ponnani,fishing_harbour,13.64
loc_2340,Kuttippuram,fh_33,Maintenance dredging of existing harbor in Beypore,fishing_harbour,43.67
loc_2340,Kuttippuram,fh_34,Maintenance dredging of existing harbor in Puthiyappa,fishing_harbour,61.86
loc_2341,Jaleshwar,fh_51,Chandipur Fishing Harbour,fishing_harbour,42.41
loc_2341,Jaleshwar,fh_63,Modernisation and upgradation of existing fishing harbour at Petuaghat,fishing_harbour,68.96
loc_2341,Jaleshwar,fh_64,Modernisation and upgradation of existing fishing harbour at Shankarpur,fishing_harbour,36.04
loc_2341,Jaleshwar,fh_66,Modernisation and upgradation of existing fishing harbour at Kakdwip,fishing_harbour,99.21
loc_2341,Jaleshwar,port_09,Syama Prasad Mookerjee Port Haldia,port,90.05
loc_2356,Panayāttur Vadakkumbhāgam,fh_25,Expansion of Muthalapozhy Fishing Harbour,fishing_harbour,43.24
loc_2356,Panayāttur Vadakkumbhāgam,fh_30,Maintenance dredging of existing harbor in Kayamkulam,fishing_harbour,28.24
loc_2356,Panayāttur Vadakkumbhāgam,fh_35,Development of Arthungal Fishing Harbor (Balance work),fishing_harbour,87.3
loc_2356,Panayāttur Vadakkumbhāgam,fh_61,Expansion and Modernization of Thengapattinam Fishing,fishing_harbour,95.08
loc_2363,Parangipettai,fh_45,Development of Smart and Integrated Fishing Harbour at Karaikal,fishing_harbour,64.1
loc_2363,Parangipettai,fh_49,Construction of Fishing Harbour at Thengaithittu,fishing_harbour,45.92
loc_2363,Parangipettai,fh_50,Upgradation of Puducherry Fishing Harbour,fishing_harbour,49.38
loc_2363,Parangipettai,fh_52,Up-gradation of Pazhayar Fishing Harbour,fishing_harbour,17.93
loc_2363,Parangipettai,fh_55,Construction of Fishing harbour at Tharangampadi,fishing_harbour,52.2
loc_2363,Parangipettai,fh_57,Development of existing Fishing Harbour at Mudhunagar,fishing_harbour,25.44
loc_2363,Parangipettai,fh_59,Construction of Fishing harbour at Azhagankuppam,fishing_harbour,63.49
loc_2366,Kakkanad,fh_24,"Modernization and up-gradation of Cochin Fishing Harbour at Thoppumpady, Cochin",fishing_harbour,12.4
loc_2366,Kakkanad,fh_27,Upgradation and modernization of Harbour in Ponnani,fishing_harbour,95.13
loc_2366,Kakkanad,fh_30,Maintenance dredging of existing harbor in Kayamkulam,fishing_harbour,94.6
loc_2366,Kakkanad,fh_31,Maintenance dredging of existing harbor in Chettuva,fishing_harbour,54.45
loc_2366,Kakkanad,fh_32,Maintenance dredging of existing harbor in Ponnani,fishing_harbour,95.13
loc_2366,Kakkanad,fh_35,Development of Arthungal Fishing Harbor (Balance work),fishing_harbour,36.29
loc_2366,Kakkanad,port_02,Cochin Port,port,10.5
loc_2368,Talikkulam,fh_24,"Modernization and up-gradation of Cochin Fishing Harbour at Thoppumpady, Cochin",fishing_harbour,59.9
loc_2368,Talikkulam,fh_27,Upgradation and modernization of Harbour in Ponnani,fishing_harbour,40.84
loc_2368,Talikkulam,fh_31,Maintenance dredging of existing harbor in Chettuva,fishing_harbour,4.43
loc_2368,Talikkulam,fh_32,Maintenance dredging of existing harbor in Ponnani,fishing_harbour,40.84
loc_2368,Talikkulam,fh_33,Maintenance dredging of existing harbor in Beypore,fishing_harbour,86.89
loc_2368,Talikkulam,fh_35,Development of Arthungal Fishing Harbor (Balance work),fishing_harbour,87.65
loc_2368,Talikkulam,port_02,Cochin Port,port,56.15
loc_2376,Karuva,fh_25,Expansion of Muthalapozhy Fishing Harbour,fishing_harbour,43.73
loc_2376,Karuva,fh_30,Maintenance dredging of existing harbor in Kayamkulam,fishing_harbour,27.77
loc_2376,Karuva,fh_35,Development of Arthungal Fishing Harbor (Balance work),fishing_harbour,87.04
loc_2376,Karuva,fh_61,Expansion and Modernization of Thengapattinam Fishing,fishing_harbour,96.05
loc_2380,Nīlēshwar,fh_17,Modernisation and Upgradation of Mangalore Fishing Harbour,fishing_harbour,79.01
loc_2380,Nīlēshwar,fh_22,Kulai Fishing Harbour,fishing_harbour,85.96
loc_2380,Nīlēshwar,fh_26,Expansion of Kasaragod Fishing Harbour,fishing_harbour,31.04
loc_2380,Nīlēshwar,port_03,New Mangalore Port,port,82.17
loc_2381,Edaicode,fh_25,Expansion of Muthalapozhy Fishing Harbour,fishing_harbour,51.98
loc_2381,Edaicode,fh_54,Maintenance Dredging of Colachel Fishing Harbour,fishing_harbour,23.22
loc_2381,Edaicode,fh_61,Expansion and Modernization of Thengapattinam Fishing,fishing_harbour,12.58
loc_2382,Kadakkavoor,fh_25,Expansion of Muthalapozhy Fishing Harbour,fishing_harbour,8.92
loc_2382,Kadakkavoor,fh_30,Maintenance dredging of existing harbor in Kayamkulam,fishing_harbour,62.94
loc_2382,Kadakkavoor,fh_54,Maintenance Dredging of Colachel Fishing Harbour,fishing_harbour,76.83
loc_2382,Kadakkavoor,fh_61,Expansion and Modernization of Thengapattinam Fishing,fishing_harbour,61.18
loc_2386,Karungappalli,fh_24,"Modernization and up-gradation of Cochin Fishing Harbour at Thoppumpady, Cochin",fishing_harbour,96.38
loc_2386,Karungappalli,fh_25,Expansion of Muthalapozhy Fishing Harbour,fishing_harbour,62.1
loc_2386,Karungappalli,fh_30,Maintenance dredging of existing harbor in Kayamkulam,fishing_harbour,9.35
loc_2386,Karungappalli,fh_35,Development of Arthungal Fishing Harbor (Balance work),fishing_harbour,68.63
loc_2396,Kallūr Vadakummuri,fh_24,"Modernization and up-gradation of Cochin Fishing Harbour at Thoppumpady, Cochin",fishing_harbour,36.49
loc_2396,Kallūr Vadakummuri,fh_27,Upgradation and modernization of Harbour in Ponnani,fishing_harbour,72.09
loc_2396,Kallūr Vadakummuri,fh_31,Maintenance dredging of existing harbor in Chettuva,fishing_harbour,34.71
loc_2396,Kallūr Vadakummuri,fh_32,Maintenance dredging of existing harbor in Ponnani,fishing_harbour,72.09
loc_2396,Kallūr Vadakummuri,fh_35,Development of Arthungal Fishing Harbor (Balance work),fishing_harbour,62.64
loc_2396,Kallūr Vadakummuri,port_02,Cochin Port,port,33.05
loc_2400,Azhikkōd,fh_26,Expansion of Kasaragod Fishing Harbour,fishing_harbour,74.64
loc_2400,Azhikkōd,fh_28,Upgradation and modernization of Harbour in Puthiyappa,fishing_harbour,79.94
loc_2400,Azhikkōd,fh_29,Upgradation and modernization of Harbour in Koyilandy,fishing_harbour,66.5
loc_2400,Azhikkōd,fh_33,Maintenance dredging of existing harbor in Beypore,fishing_harbour,98.1
loc_2400,Azhikkōd,fh_34,Maintenance dredging of existing harbor in Puthiyappa,fishing_harbour,79.94
loc_2411,Mugalivakkam,fh_53,Modernization and up-gradation of Chennai Fishing Harbour,fishing_harbour,16.51
loc_2411,Mugalivakkam,fh_56,Construction of Fishing harbour at ThiruvottriyurKuppam,fishing_harbour,24.38
loc_2411,Mugalivakkam,port_05,Chennai Port,port,15.6
loc_2411,Mugalivakkam,port_11,Kamarajar Port,port,30.88
loc_2412,Thazhecode,fh_27,Upgradation and modernization of Harbour in Ponnani,fishing_harbour,61.65
loc_2412,Thazhecode,fh_28,Upgradation and modernization of Harbour in Puthiyappa,fishing_harbour,25.71
loc_2412,Thazhecode,fh_29,Upgradation and modernization of Harbour in Koyilandy,fishing_harbour,32.78
loc_2412,Thazhecode,fh_32,Maintenance dredging of existing harbor in Ponnani,fishing_harbour,61.65
loc_2412,Thazhecode,fh_33,Maintenance dredging of existing harbor in Beypore,fishing_harbour,24.79
loc_2412,Thazhecode,fh_34,Maintenance dredging of existing harbor in Puthiyappa,fishing_harbour,25.71
loc_2415,Vayalār,fh_24,"Modernization and up-gradation of Cochin Fishing Harbour at Thoppumpady, Cochin",fishing_harbour,25.43
loc_2415,Vayalār,fh_30,Maintenance dredging of existing harbor in Kayamkulam,fishing_harbour,61.69
loc_2415,Vayalār,fh_31,Maintenance dredging of existing harbor in Chettuva,fishing_harbour,84.48
loc_2415,Vayalār,fh_35,Development of Arthungal Fishing Harbor (Balance work),fishing_harbour,2.4
loc_2415,Vayalār,port_02,Cochin Port,port,29.19
loc_2423,Chengannūr,fh_24,"Modernization and up-gradation of Cochin Fishing Harbour at Thoppumpady, Cochin",fishing_harbour,78.08
loc_2423,Chengannūr,fh_25,Expansion of Muthalapozhy Fishing Harbour,fishing_harbour,81.62
loc_2423,Chengannūr,fh_30,Maintenance dredging of existing harbor in Kayamkulam,fishing_harbour,19.69
loc_2423,Chengannūr,fh_35,Development of Arthungal Fishing Harbor (Balance work),fishing_harbour,51.4
loc_2423,Chengannūr,port_02,Cochin Port,port,81.71
loc_2454,Muthutala,fh_27,Upgradation and modernization of Harbour in Ponnani,fishing_harbour,26.11
loc_2454,Muthutala,fh_28,Upgradation and modernization of Harbour in Puthiyappa,fishing_harbour,70.71
loc_2454,Muthutala,fh_29,Upgradation and modernization of Harbour in Koyilandy,fishing_harbour,83.86
loc_2454,Muthutala,fh_31,Maintenance dredging of existing harbor in Chettuva,fishing_harbour,47.46
loc_2454,Muthutala,fh_32,Maintenance dredging of existing harbor in Ponnani,fishing_harbour,26.11
loc_2454,Muthutala,fh_33,Maintenance dredging of existing harbor in Beypore,fishing_harbour,53.29
loc_2454,Muthutala,fh_34,Maintenance dredging of existing harbor in Puthiyappa,fishing_harbour,70.71
loc_2454,Muthutala,port_02,Cochin Port,port,97.65
loc_2462,Thirunavaya,fh_27,Upgradation and modernization of Harbour in Ponnani,fishing_harbour,13.11
loc_2462,Thirunavaya,fh_28,Upgradation and modernization of Harbour in Puthiyappa,fishing_harbour,56.31
loc_2462,Thirunavaya,fh_29,Upgradation and modernization of Harbour in Koyilandy,fishing_harbour,70.16
loc_2462,Thirunavaya,fh_31,Maintenance dredging of existing harbor in Chettuva,fishing_harbour,51.2
loc_2462,Thirunavaya,fh_32,Maintenance dredging of existing harbor in Ponnani,fishing_harbour,13.11
loc_2462,Thirunavaya,fh_33,Maintenance dredging of existing harbor in Beypore,fishing_harbour,38.02
loc_2462,Thirunavaya,fh_34,Maintenance dredging of existing harbor in Puthiyappa,fishing_harbour,56.31
loc_2477,Ezhudesam,fh_25,Expansion of Muthalapozhy Fishing Harbour,fishing_harbour,54.53
loc_2477,Ezhudesam,fh_54,Maintenance Dredging of Colachel Fishing Harbour,fishing_harbour,15.18
loc_2477,Ezhudesam,fh_61,Expansion and Modernization of Thengapattinam Fishing,fishing_harbour,1.87
loc_2491,Pantheeramkavu,fh_27,Upgradation and modernization of Harbour in Ponnani,fishing_harbour,51.91
loc_2491,Pantheeramkavu,fh_28,Upgradation and modernization of Harbour in Puthiyappa,fishing_harbour,15.73
loc_2491,Pantheeramkavu,fh_29,Upgradation and modernization of Harbour in Koyilandy,fishing_harbour,28.57
loc_2491,Pantheeramkavu,fh_31,Maintenance dredging of existing harbor in Chettuva,fishing_harbour,92.95
loc_2491,Pantheeramkavu,fh_32,Maintenance dredging of existing harbor in Ponnani,fishing_harbour,51.91
loc_2491,Pantheeramkavu,fh_33,Maintenance dredging of existing harbor in Beypore,fishing_harbour,8.13
loc_2491,Pantheeramkavu,fh_34,Maintenance dredging of existing harbor in Puthiyappa,fishing_harbour,15.73
loc_2501,Thiruthuraipoondi,fh_45,Development of Smart and Integrated Fishing Harbour at Karaikal,fishing_harbour,49.1
loc_2501,Thiruthuraipoondi,fh_52,Up-gradation of Pazhayar Fishing Harbour,fishing_harbour,94.14
loc_2501,Thiruthuraipoondi,fh_55,Construction of Fishing harbour at Tharangampadi,fishing_harbour,60.64
loc_2501,Thiruthuraipoondi,fh_58,Development of Fishing Harbour at Arcottuthurai,fishing_harbour,13.3
loc_2501,Thiruthuraipoondi,fh_60,Development of Fishing Harbour at Vellapallam,fishing_harbour,15.06
loc_2502,Meenambakkam,fh_53,Modernization and up-gradation of Chennai Fishing Harbour,fishing_harbour,17.94
loc_2502,Meenambakkam,fh_56,Construction of Fishing harbour at ThiruvottriyurKuppam,fishing_harbour,26.61
loc_2502,Meenambakkam,port_05,Chennai Port,port,17.0
loc_2502,Meenambakkam,port_11,Kamarajar Port,port,33.57
loc_2505,Ayanavelikulangara Vadakku,fh_25,Expansion of Muthalapozhy Fishing Harbour,fishing_harbour,56.78
loc_2505,Ayanavelikulangara Vadakku,fh_30,Maintenance dredging of existing harbor in Kayamkulam,fishing_harbour,15.44
loc_2505,Ayanavelikulangara Vadakku,fh_35,Development of Arthungal Fishing Harbor (Balance work),fishing_harbour,74.69
loc_2508,Chekkiād,fh_28,Upgradation and modernization of Harbour in Puthiyappa,fishing_harbour,45.46
loc_2508,Chekkiād,fh_29,Upgradation and modernization of Harbour in Koyilandy,fishing_harbour,31.48
loc_2508,Chekkiād,fh_33,Maintenance dredging of existing harbor in Beypore,fishing_harbour,63.56
loc_2508,Chekkiād,fh_34,Maintenance dredging of existing harbor in Puthiyappa,fishing_harbour,45.46
loc_2524,Suryaraopeta,fh_01,Development of Pudimadaka Fishing Harbour,fishing_harbour,95.56
loc_2524,Suryaraopeta,fh_06,"Construction of Fishing Harbour, Uppada",fishing_harbour,15.3
loc_2525,Aluva,fh_24,"Modernization and up-gradation of Cochin Fishing Harbour at Thoppumpady, Cochin",fishing_harbour,21.68
loc_2525,Aluva,fh_27,Upgradation and modernization of Harbour in Ponnani,fishing_harbour,86.89
loc_2525,Aluva,fh_31,Maintenance dredging of existing harbor in Chettuva,fishing_harbour,47.16
loc_2525,Aluva,fh_32,Maintenance dredging of existing harbor in Ponnani,fishing_harbour,86.89
loc_2525,Aluva,fh_35,Development of Arthungal Fishing Harbor (Balance work),fishing_harbour,46.46
loc_2525,Aluva,port_02,Cochin Port,port,18.8
loc_2528,Sōmēshvara,fh_17,Modernisation and Upgradation of Mangalore Fishing Harbour,fishing_harbour,11.77
loc_2528,Sōmēshvara,fh_18,Modernisation of Malpe Fishing Harbour,fishing_harbour,63.33
loc_2528,Sōmēshvara,fh_19,Modernisation of Gangoli Fishing Harbour,fishing_harbour,96.23
loc_2528,Sōmēshvara,fh_22,Kulai Fishing Harbour,fishing_harbour,18.76
loc_2528,Sōmēshvara,fh_23,Hejmadi Kodi Fishing Harbour,fishing_harbour,34.22
loc_2528,Sōmēshvara,fh_26,Expansion of Kasaragod Fishing Harbour,fishing_harbour,36.38
loc_2528,Sōmēshvara,port_03,New Mangalore Port,port,14.97
loc_2529,Pacode,fh_25,Expansion of Muthalapozhy Fishing Harbour,fishing_harbour,56.05
loc_2529,Pacode,fh_54,Maintenance Dredging of Colachel Fishing Harbour,fishing_harbour,17.72
loc_2529,Pacode,fh_61,Expansion and Modernization of Thengapattinam Fishing,fishing_harbour,9.31
loc_2532,Diu,fh_13,Development of Fishery harbour at Madhwad,fishing_harbour,61.44
loc_2532,Diu,fh_14,Development of Fishery Harbour at Veraval – Phase 2,fishing_harbour,66.91
loc_2532,Diu,fh_16,Development of Fishery Harbour at Sutrapada,fishing_harbour,53.78
loc_2532,Diu,fh_46,Development of Smart and Integrated Fishing Harbour at Vanakbara,fishing_harbour,0.92
loc_2536,Kaikalapettai,fh_53,Modernization and up-gradation of Chennai Fishing Harbour,fishing_harbour,20.86
loc_2536,Kaikalapettai,fh_56,Construction of Fishing harbour at ThiruvottriyurKuppam,fishing_harbour,28.03
loc_2536,Kaikalapettai,port_05,Chennai Port,port,19.98
loc_2536,Kaikalapettai,port_11,Kamarajar Port,port,33.95
loc_2541,Sāvantvādi,fh_39,Anandwadi (Fishing Harbour),fishing_harbour,41.42
loc_2541,Sāvantvādi,port_04,Mormugao Port,port,55.05
loc_2545,Pādiyanallūr,fh_53,Modernization and up-gradation of Chennai Fishing Harbour,fishing_harbour,18.19
loc_2545,Pādiyanallūr,fh_56,Construction of Fishing harbour at ThiruvottriyurKuppam,fishing_harbour,17.0
loc_2545,Pādiyanallūr,port_05,Chennai Port,port,18.09
loc_2545,Pādiyanallūr,port_11,Kamarajar Port,port,18.29
loc_2551,Narakal,fh_24,"Modernization and up-gradation of Cochin Fishing Harbour at Thoppumpady, Cochin",fishing_harbour,13.14
loc_2551,Narakal,fh_27,Upgradation and modernization of Harbour in Ponnani,fishing_harbour,87.41
loc_2551,Narakal,fh_31,Maintenance dredging of existing harbor in Chettuva,fishing_harbour,46.0
loc_2551,Narakal,fh_32,Maintenance dredging of existing harbor in Ponnani,fishing_harbour,87.41
loc_2551,Narakal,fh_35,Development of Arthungal Fishing Harbor (Balance work),fishing_harbour,40.83
loc_2551,Narakal,port_02,Cochin Port,port,9.46
loc_2557,Vypīn,fh_24,"Modernization and up-gradation of Cochin Fishing Harbour at Thoppumpady, Cochin",fishing_harbour,4.63
loc_2557,Vypīn,fh_27,Upgradation and modernization of Harbour in Ponnani,fishing_harbour,95.94
loc_2557,Vypīn,fh_30,Maintenance dredging of existing harbor in Kayamkulam,fishing_harbour,91.67
loc_2557,Vypīn,fh_31,Maintenance dredging of existing harbor in Chettuva,fishing_harbour,54.53
loc_2557,Vypīn,fh_32,Maintenance dredging of existing harbor in Ponnani,fishing_harbour,95.94
loc_2557,Vypīn,fh_35,Development of Arthungal Fishing Harbor (Balance work),fishing_harbour,32.31
loc_2557,Vypīn,port_02,Cochin Port,port,1.43
loc_2558,Muluppilagadu,fh_26,Expansion of Kasaragod Fishing Harbour,fishing_harbour,92.78
loc_2558,Muluppilagadu,fh_28,Upgradation and modernization of Harbour in Puthiyappa,fishing_harbour,61.76
loc_2558,Muluppilagadu,fh_29,Upgradation and modernization of Harbour in Koyilandy,fishing_harbour,48.15
loc_2558,Muluppilagadu,fh_33,Maintenance dredging of existing harbor in Beypore,fishing_harbour,80.02
loc_2558,Muluppilagadu,fh_34,Maintenance dredging of existing harbor in Puthiyappa,fishing_harbour,61.76
loc_2559,Alwaye,fh_24,"Modernization and up-gradation of Cochin Fishing Harbour at Thoppumpady, Cochin",fishing_harbour,21.71
loc_2559,Alwaye,fh_27,Upgradation and modernization of Harbour in Ponnani,fishing_harbour,87.19
loc_2559,Alwaye,fh_31,Maintenance dredging of existing harbor in Chettuva,fishing_harbour,47.5
loc_2559,Alwaye,fh_32,Maintenance dredging of existing harbor in Ponnani,fishing_harbour,87.19
loc_2559,Alwaye,fh_35,Development of Arthungal Fishing Harbor (Balance work),fishing_harbour,46.34
loc_2559,Alwaye,port_02,Cochin Port,port,18.88
loc_2560,Tisaiyanvilai,fh_54,Maintenance Dredging of Colachel Fishing Harbour,fishing_harbour,70.19
loc_2560,Tisaiyanvilai,fh_61,Expansion and Modernization of Thengapattinam Fishing,fishing_harbour,79.23
loc_2560,Tisaiyanvilai,fh_62,Extension of T-Jetty at Tharuvaikulam,fishing_harbour,61.48
loc_2560,Tisaiyanvilai,port_10,V.O. Chidambaranar Port,port,58.89
loc_2561,Srīkandamangalam,fh_24,"Modernization and up-gradation of Cochin Fishing Harbour at Thoppumpady, Cochin",fishing_harbour,31.78
loc_2561,Srīkandamangalam,fh_30,Maintenance dredging of existing harbor in Kayamkulam,fishing_harbour,55.38
loc_2561,Srīkandamangalam,fh_31,Maintenance dredging of existing harbor in Chettuva,fishing_harbour,90.86
loc_2561,Srīkandamangalam,fh_35,Development of Arthungal Fishing Harbor (Balance work),fishing_harbour,4.26
loc_2561,Srīkandamangalam,port_02,Cochin Port,port,35.53
loc_2562,Kutiatodu,fh_24,"Modernization and up-gradation of Cochin Fishing Harbour at Thoppumpady, Cochin",fishing_harbour,16.03
loc_2562,Kutiatodu,fh_30,Maintenance dredging of existing harbor in Kayamkulam,fishing_harbour,71.32
loc_2562,Kutiatodu,fh_31,Maintenance dredging of existing harbor in Chettuva,fishing_harbour,75.15
loc_2562,Kutiatodu,fh_35,Development of Arthungal Fishing Harbor (Balance work),fishing_harbour,12.25
loc_2562,Kutiatodu,port_02,Cochin Port,port,19.73
loc_2565,Unnamalaikadai,fh_25,Expansion of Muthalapozhy Fishing Harbour,fishing_harbour,60.69
loc_2565,Unnamalaikadai,fh_54,Maintenance Dredging of Colachel Fishing Harbour,fishing_harbour,13.34
loc_2565,Unnamalaikadai,fh_61,Expansion and Modernization of Thengapattinam Fishing,fishing_harbour,10.21
loc_2570,Painkulam,fh_25,Expansion of Muthalapozhy Fishing Harbour,fishing_harbour,57.49
loc_2570,Painkulam,fh_54,Maintenance Dredging of Colachel Fishing Harbour,fishing_harbour,12.23
loc_2570,Painkulam,fh_61,Expansion and Modernization of Thengapattinam Fishing,fishing_harbour,3.43
loc_2579,Sreekaryam,fh_25,Expansion of Muthalapozhy Fishing Harbour,fishing_harbour,16.12
loc_2579,Sreekaryam,fh_30,Maintenance dredging of existing harbor in Kayamkulam,fishing_harbour,83.82
loc_2579,Sreekaryam,fh_54,Maintenance Dredging of Colachel Fishing Harbour,fishing_harbour,54.98
loc_2579,Sreekaryam,fh_61,Expansion and Modernization of Thengapattinam Fishing,fishing_harbour,39.36
loc_2580,Pānchla,fh_63,Modernisation and upgradation of existing fishing harbour at Petuaghat,fishing_harbour,87.92
loc_2580,Pānchla,fh_66,Modernisation and upgradation of existing fishing harbour at Kakdwip,fishing_harbour,73.14
loc_2580,Pānchla,port_08,Kolkata Port,port,18.03
loc_2580,Pānchla,port_09,Syama Prasad Mookerjee Port Haldia,port,56.9
loc_2585,Malpe,fh_17,Modernisation and Upgradation of Mangalore Fishing Harbour,fishing_harbour,51.55
loc_2585,Malpe,fh_18,Modernisation of Malpe Fishing Harbour,fishing_harbour,0.43
loc_2585,Malpe,fh_19,Modernisation of Gangoli Fishing Harbour,fishing_harbour,33.5
loc_2585,Malpe,fh_22,Kulai Fishing Harbour,fishing_harbour,44.55
loc_2585,Malpe,fh_23,Hejmadi Kodi Fishing Harbour,fishing_harbour,28.95
loc_2585,Malpe,fh_26,Expansion of Kasaragod Fishing Harbour,fishing_harbour,99.43
loc_2585,Malpe,port_03,New Mangalore Port,port,48.29
loc_2590,Pattiyūrgrāmam,fh_24,"Modernization and up-gradation of Cochin Fishing Harbour at Thoppumpady, Cochin",fishing_harbour,87.44
loc_2590,Pattiyūrgrāmam,fh_25,Expansion of Muthalapozhy Fishing Harbour,fishing_harbour,71.14
loc_2590,Pattiyūrgrāmam,fh_30,Maintenance dredging of existing harbor in Kayamkulam,fishing_harbour,0.31
loc_2590,Pattiyūrgrāmam,fh_35,Development of Arthungal Fishing Harbor (Balance work),fishing_harbour,59.67
loc_2590,Pattiyūrgrāmam,port_02,Cochin Port,port,91.2
loc_2595,Tūnēri,fh_28,Upgradation and modernization of Harbour in Puthiyappa,fishing_harbour,43.46
loc_2595,Tūnēri,fh_29,Upgradation and modernization of Harbour in Koyilandy,fishing_harbour,29.44
loc_2595,Tūnēri,fh_33,Maintenance dredging of existing harbor in Beypore,fishing_harbour,61.63
loc_2595,Tūnēri,fh_34,Maintenance dredging of existing harbor in Puthiyappa,fishing_harbour,43.46
loc_2600,Monoharpur,fh_63,Modernisation and upgradation of existing fishing harbour at Petuaghat,fishing_harbour,41.38
loc_2600,Monoharpur,fh_64,Modernisation and upgradation of existing fishing harbour at Shankarpur,fishing_harbour,71.7
loc_2600,Monoharpur,fh_65,Modernisation and upgradation of existing fishing harbour at Frasergunj,fishing_harbour,63.77
loc_2600,Monoharpur,fh_66,Modernisation and upgradation of existing fishing harbour at Kakdwip,fishing_harbour,27.45
loc_2600,Monoharpur,port_08,Kolkata Port,port,55.61
loc_2600,Monoharpur,port_09,Syama Prasad Mookerjee Port Haldia,port,8.92
loc_2601,Injambakkam,fh_53,Modernization and up-gradation of Chennai Fishing Harbour,fishing_harbour,20.11
loc_2601,Injambakkam,fh_56,Construction of Fishing harbour at ThiruvottriyurKuppam,fishing_harbour,29.56
loc_2601,Injambakkam,port_05,Chennai Port,port,19.34
loc_2601,Injambakkam,port_11,Kamarajar Port,port,37.34
loc_2611,Marampilly,fh_24,"Modernization and up-gradation of Cochin Fishing Harbour at Thoppumpady, Cochin",fishing_harbour,27.78
loc_2611,Marampilly,fh_27,Upgradation and modernization of Harbour in Ponnani,fishing_harbour,91.96
loc_2611,Marampilly,fh_31,Maintenance dredging of existing harbor in Chettuva,fishing_harbour,53.89
loc_2611,Marampilly,fh_32,Maintenance dredging of existing harbor in Ponnani,fishing_harbour,91.96
loc_2611,Marampilly,fh_35,Development of Arthungal Fishing Harbor (Balance work),fishing_harbour,48.43
loc_2611,Marampilly,port_02,Cochin Port,port,25.82
loc_2614,Vaikam,fh_24,"Modernization and up-gradation of Cochin Fishing Harbour at Thoppumpady, Cochin",fishing_harbour,24.47
loc_2614,Vaikam,fh_30,Maintenance dredging of existing harbor in Kayamkulam,fishing_harbour,64.24
loc_2614,Vaikam,fh_31,Maintenance dredging of existing harbor in Chettuva,fishing_harbour,83.25
loc_2614,Vaikam,fh_35,Development of Arthungal Fishing Harbor (Balance work),fishing_harbour,8.98
loc_2614,Vaikam,port_02,Cochin Port,port,28.0
loc_2616,Colachel,fh_25,Expansion of Muthalapozhy Fishing Harbour,fishing_harbour,70.39
loc_2616,Colachel,fh_54,Maintenance Dredging of Colachel Fishing Harbour,fishing_harbour,0.9
loc_2616,Colachel,fh_61,Expansion and Modernization of Thengapattinam Fishing,fishing_harbour,16.34
loc_2620,Tharangambadi,fh_45,Development of Smart and Integrated Fishing Harbour at Karaikal,fishing_harbour,12.07
loc_2620,Tharangambadi,fh_49,Construction of Fishing Harbour at Thengaithittu,fishing_harbour,97.07
loc_2620,Tharangambadi,fh_52,Up-gradation of Pazhayar Fishing Harbour,fishing_harbour,35.88
loc_2620,Tharangambadi,fh_55,Construction of Fishing harbour at Tharangampadi,fishing_harbour,0.53
loc_2620,Tharangambadi,fh_57,Development of existing Fishing Harbour at Mudhunagar,fishing_harbour,77.67
loc_2620,Tharangambadi,fh_58,Development of Fishing Harbour at Arcottuthurai,fishing_harbour,53.23
loc_2620,Tharangambadi,fh_60,Development of Fishing Harbour at Vellapallam,fishing_harbour,50.83
loc_2622,Thiruvankulam,fh_24,"Modernization and up-gradation of Cochin Fishing Harbour at Thoppumpady, Cochin",fishing_harbour,10.75
loc_2622,Thiruvankulam,fh_30,Maintenance dredging of existing harbor in Kayamkulam,fishing_harbour,86.51
loc_2622,Thiruvankulam,fh_31,Maintenance dredging of existing harbor in Chettuva,fishing_harbour,62.41
loc_2622,Thiruvankulam,fh_35,Development of Arthungal Fishing Harbor (Balance work),fishing_harbour,28.7
loc_2622,Thiruvankulam,port_02,Cochin Port,port,11.55
loc_2630,Iroopara,fh_25,Expansion of Muthalapozhy Fishing Harbour,fishing_harbour,14.86
loc_2630,Iroopara,fh_30,Maintenance dredging of existing harbor in Kayamkulam,fishing_harbour,78.3
loc_2630,Iroopara,fh_54,Maintenance Dredging of Colachel Fishing Harbour,fishing_harbour,60.15
loc_2630,Iroopara,fh_61,Expansion and Modernization of Thengapattinam Fishing,fishing_harbour,44.66
loc_2640,Ancharakandy,fh_26,Expansion of Kasaragod Fishing Harbour,fishing_harbour,87.09
loc_2640,Ancharakandy,fh_28,Upgradation and modernization of Harbour in Puthiyappa,fishing_harbour,68.6
loc_2640,Ancharakandy,fh_29,Upgradation and modernization of Harbour in Koyilandy,fishing_harbour,54.65
loc_2640,Ancharakandy,fh_33,Maintenance dredging of existing harbor in Beypore,fishing_harbour,86.94
loc_2640,Ancharakandy,fh_34,Maintenance dredging of existing harbor in Puthiyappa,fishing_harbour,68.6
loc_2641,Trikarpūr South,fh_17,Modernisation and Upgradation of Mangalore Fishing Harbour,fishing_harbour,95.72
loc_2641,Trikarpūr South,fh_26,Expansion of Kasaragod Fishing Harbour,fishing_harbour,47.62
loc_2641,Trikarpūr South,fh_29,Upgradation and modernization of Harbour in Koyilandy,fishing_harbour,93.8
loc_2641,Trikarpūr South,port_03,New Mangalore Port,port,98.89
loc_2654,Kunnatnād,fh_24,"Modernization and up-gradation of Cochin Fishing Harbour at Thoppumpady, Cochin",fishing_harbour,21.03
loc_2654,Kunnatnād,fh_27,Upgradation and modernization of Harbour in Ponnani,fishing_harbour,97.24
loc_2654,Kunnatnād,fh_30,Maintenance dredging of existing harbor in Kayamkulam,fishing_harbour,96.31
loc_2654,Kunnatnād,fh_31,Maintenance dredging of existing harbor in Chettuva,fishing_harbour,57.84
loc_2654,Kunnatnād,fh_32,Maintenance dredging of existing harbor in Ponnani,fishing_harbour,97.24
loc_2654,Kunnatnād,fh_35,Development of Arthungal Fishing Harbor (Balance work),fishing_harbour,40.31
loc_2654,Kunnatnād,port_02,Cochin Port,port,19.79
loc_2659,Aramboli,fh_25,Expansion of Muthalapozhy Fishing Harbour,fishing_harbour,90.4
loc_2659,Aramboli,fh_54,Maintenance Dredging of Colachel Fishing Harbour,fishing_harbour,30.88
loc_2659,Aramboli,fh_61,Expansion and Modernization of Thengapattinam Fishing,fishing_harbour,41.03
loc_2659,Aramboli,fh_62,Extension of T-Jetty at Tharuvaikulam,fishing_harbour,92.99
loc_2659,Aramboli,port_10,V.O. Chidambaranar Port,port,92.86
loc_2664,Vellūr,fh_25,Expansion of Muthalapozhy Fishing Harbour,fishing_harbour,6.27
loc_2664,Vellūr,fh_30,Maintenance dredging of existing harbor in Kayamkulam,fishing_harbour,71.49
loc_2664,Vellūr,fh_54,Maintenance Dredging of Colachel Fishing Harbour,fishing_harbour,67.75
loc_2664,Vellūr,fh_61,Expansion and Modernization of Thengapattinam Fishing,fishing_harbour,52.12
loc_2667,Pariyāpuram,fh_27,Upgradation and modernization of Harbour in Ponnani,fishing_harbour,28.29
loc_2667,Pariyāpuram,fh_28,Upgradation and modernization of Harbour in Puthiyappa,fishing_harbour,36.45
loc_2667,Pariyāpuram,fh_29,Upgradation and modernization of Harbour in Koyilandy,fishing_harbour,50.46
loc_2667,Pariyāpuram,fh_31,Maintenance dredging of existing harbor in Chettuva,fishing_harbour,69.63
loc_2667,Pariyāpuram,fh_32,Maintenance dredging of existing harbor in Ponnani,fishing_harbour,28.29
loc_2667,Pariyāpuram,fh_33,Maintenance dredging of existing harbor in Beypore,fishing_harbour,18.14
loc_2667,Pariyāpuram,fh_34,Maintenance dredging of existing harbor in Puthiyappa,fishing_harbour,36.45
loc_2673,Curchorem,fh_20,Maintenance Dredging at Amadalli Fishing Harbour,fishing_harbour,68.51
loc_2673,Curchorem,fh_21,Dredging work at Tadari Fishing Harbour,fishing_harbour,94.11
loc_2673,Curchorem,port_04,Mormugao Port,port,36.45
loc_2674,Chorwād,fh_11,3rd Stage of Mangarol Fishing Harbour,fishing_harbour,55.79
loc_2674,Chorwād,fh_12,Development of Fishery Harbour at Navabandar,fishing_harbour,83.91
loc_2674,Chorwād,fh_13,Development of Fishery harbour at Madhwad,fishing_harbour,24.99
loc_2674,Chorwād,fh_14,Development of Fishery Harbour at Veraval – Phase 2,fishing_harbour,20.24
loc_2674,Chorwād,fh_15,Development of Fishery Harbour Porbandar – Phase 2,fishing_harbour,93.66
loc_2674,Chorwād,fh_16,Development of Fishery Harbour at Sutrapada,fishing_harbour,33.91
loc_2674,Chorwād,fh_46,Development of Smart and Integrated Fishing Harbour at Vanakbara,fishing_harbour,86.3
loc_2680,Ponda,fh_20,Maintenance Dredging at Amadalli Fishing Harbour,fishing_harbour,86.37
loc_2680,Ponda,fh_39,Anandwadi (Fishing Harbour),fishing_harbour,93.46
loc_2680,Ponda,port_04,Mormugao Port,port,22.62
loc_2692,Ariyallur,fh_27,Upgradation and modernization of Harbour in Ponnani,fishing_harbour,35.94
loc_2692,Ariyallur,fh_28,Upgradation and modernization of Harbour in Puthiyappa,fishing_harbour,28.88
loc_2692,Ariyallur,fh_29,Upgradation and modernization of Harbour in Koyilandy,fishing_harbour,42.87
loc_2692,Ariyallur,fh_31,Maintenance dredging of existing harbor in Chettuva,fishing_harbour,77.27
loc_2692,Ariyallur,fh_32,Maintenance dredging of existing harbor in Ponnani,fishing_harbour,35.94
loc_2692,Ariyallur,fh_33,Maintenance dredging of existing harbor in Beypore,fishing_harbour,10.54
loc_2692,Ariyallur,fh_34,Maintenance dredging of existing harbor in Puthiyappa,fishing_harbour,28.88
loc_2706,Kanniyākumāri,fh_54,Maintenance Dredging of Colachel Fishing Harbour,fishing_harbour,33.28
loc_2706,Kanniyākumāri,fh_61,Expansion and Modernization of Thengapattinam Fishing,fishing_harbour,47.68
loc_2710,Triparappu,fh_25,Expansion of Muthalapozhy Fishing Harbour,fishing_harbour,58.1
loc_2710,Triparappu,fh_54,Maintenance Dredging of Colachel Fishing Harbour,fishing_harbour,23.95
loc_2710,Triparappu,fh_61,Expansion and Modernization of Thengapattinam Fishing,fishing_harbour,18.04
loc_2713,Puthencruz,fh_24,"Modernization and up-gradation of Cochin Fishing Harbour at Thoppumpady, Cochin",fishing_harbour,16.26
loc_2713,Puthencruz,fh_30,Maintenance dredging of existing harbor in Kayamkulam,fishing_harbour,89.2
loc_2713,Puthencruz,fh_31,Maintenance dredging of existing harbor in Chettuva,fishing_harbour,62.4
loc_2713,Puthencruz,fh_35,Development of Arthungal Fishing Harbor (Balance work),fishing_harbour,32.87
loc_2713,Puthencruz,port_02,Cochin Port,port,16.28
loc_2721,Panniyannūr,fh_28,Upgradation and modernization of Harbour in Puthiyappa,fishing_harbour,50.91
loc_2721,Panniyannūr,fh_29,Upgradation and modernization of Harbour in Koyilandy,fishing_harbour,36.89
loc_2721,Panniyannūr,fh_33,Maintenance dredging of existing harbor in Beypore,fishing_harbour,69.22
loc_2721,Panniyannūr,fh_34,Maintenance dredging of existing harbor in Puthiyappa,fishing_harbour,50.91
loc_2722,Ādanāttutekkumuri Kizhakku,fh_24,"Modernization and up-gradation of Cochin Fishing Harbour at Thoppumpady, Cochin",fishing_harbour,98.32
loc_2722,Ādanāttutekkumuri Kizhakku,fh_25,Expansion of Muthalapozhy Fishing Harbour,fishing_harbour,60.78
loc_2722,Ādanāttutekkumuri Kizhakku,fh_30,Maintenance dredging of existing harbor in Kayamkulam,fishing_harbour,11.32
loc_2722,Ādanāttutekkumuri Kizhakku,fh_35,Development of Arthungal Fishing Harbor (Balance work),fishing_harbour,70.55
loc_2723,Ankola,fh_20,Maintenance Dredging at Amadalli Fishing Harbour,fishing_harbour,2.86
loc_2723,Ankola,fh_21,Dredging work at Tadari Fishing Harbour,fishing_harbour,24.8
loc_2723,Ankola,port_04,Mormugao Port,port,99.1
loc_2728,Attimarappatti,fh_62,Extension of T-Jetty at Tharuvaikulam,fishing_harbour,9.69
loc_2728,Attimarappatti,port_10,V.O. Chidambaranar Port,port,9.57
loc_2745,Peravurani,fh_45,Development of Smart and Integrated Fishing Harbour at Karaikal,fishing_harbour,98.85
loc_2745,Peravurani,fh_58,Development of Fishing Harbour at Arcottuthurai,fishing_harbour,67.05
loc_2745,Peravurani,fh_60,Development of Fishing Harbour at Vellapallam,fishing_harbour,69.04
loc_2750,Kizhuparamba,fh_27,Upgradation and modernization of Harbour in Ponnani,fishing_harbour,54.64
loc_2750,Kizhuparamba,fh_28,Upgradation and modernization of Harbour in Puthiyappa,fishing_harbour,31.9
loc_2750,Kizhuparamba,fh_29,Upgradation and modernization of Harbour in Koyilandy,fishing_harbour,41.05
loc_2750,Kizhuparamba,fh_31,Maintenance dredging of existing harbor in Chettuva,fishing_harbour,92.66
loc_2750,Kizhuparamba,fh_32,Maintenance dredging of existing harbor in Ponnani,fishing_harbour,54.64
loc_2750,Kizhuparamba,fh_33,Maintenance dredging of existing harbor in Beypore,fishing_harbour,25.12
loc_2750,Kizhuparamba,fh_34,Maintenance dredging of existing harbor in Puthiyappa,fishing_harbour,31.9
loc_2751,Palai,fh_24,"Modernization and up-gradation of Cochin Fishing Harbour at Thoppumpady, Cochin",fishing_harbour,51.31
loc_2751,Palai,fh_30,Maintenance dredging of existing harbor in Kayamkulam,fishing_harbour,62.59
loc_2751,Palai,fh_35,Development of Arthungal Fishing Harbor (Balance work),fishing_harbour,37.72
loc_2751,Palai,port_02,Cochin Port,port,53.84
loc_2753,Marakkanam,fh_49,Construction of Fishing Harbour at Thengaithittu,fishing_harbour,35.09
loc_2753,Marakkanam,fh_50,Upgradation of Puducherry Fishing Harbour,fishing_harbour,31.59
loc_2753,Marakkanam,fh_52,Up-gradation of Pazhayar Fishing Harbour,fishing_harbour,94.3
loc_2753,Marakkanam,fh_57,Development of existing Fishing Harbour at Mudhunagar,fishing_harbour,56.11
loc_2753,Marakkanam,fh_59,Construction of Fishing harbour at Azhagankuppam,fishing_harbour,17.18
loc_2757,Nalambūr,fh_53,Modernization and up-gradation of Chennai Fishing Harbour,fishing_harbour,14.05
loc_2757,Nalambūr,fh_56,Construction of Fishing harbour at ThiruvottriyurKuppam,fishing_harbour,19.62
loc_2757,Nalambūr,port_05,Chennai Port,port,13.34
loc_2757,Nalambūr,port_11,Kamarajar Port,port,25.07
loc_2760,Kīl Bhuvanagiri,fh_45,Development of Smart and Integrated Fishing Harbour at Karaikal,fishing_harbour,61.74
loc_2760,Kīl Bhuvanagiri,fh_49,Construction of Fishing Harbour at Thengaithittu,fishing_harbour,54.26
loc_2760,Kīl Bhuvanagiri,fh_50,Upgradation of Puducherry Fishing Harbour,fishing_harbour,57.77
loc_2760,Kīl Bhuvanagiri,fh_52,Up-gradation of Pazhayar Fishing Harbour,fishing_harbour,23.34
loc_2760,Kīl Bhuvanagiri,fh_55,Construction of Fishing harbour at Tharangampadi,fishing_harbour,50.87
loc_2760,Kīl Bhuvanagiri,fh_57,Development of existing Fishing Harbour at Mudhunagar,fishing_harbour,33.23
loc_2760,Kīl Bhuvanagiri,fh_58,Development of Fishing Harbour at Arcottuthurai,fishing_harbour,98.73
loc_2760,Kīl Bhuvanagiri,fh_59,Construction of Fishing harbour at Azhagankuppam,fishing_harbour,72.17
loc_2760,Kīl Bhuvanagiri,fh_60,Development of Fishing Harbour at Vellapallam,fishing_harbour,96.65
loc_2762,Karuvanthuruthy,fh_27,Upgradation and modernization of Harbour in Ponnani,fishing_harbour,46.22
loc_2762,Karuvanthuruthy,fh_28,Upgradation and modernization of Harbour in Puthiyappa,fishing_harbour,18.75
loc_2762,Karuvanthuruthy,fh_29,Upgradation and modernization of Harbour in Koyilandy,fishing_harbour,32.65
loc_2762,Karuvanthuruthy,fh_31,Maintenance dredging of existing harbor in Chettuva,fishing_harbour,87.55
loc_2762,Karuvanthuruthy,fh_32,Maintenance dredging of existing harbor in Ponnani,fishing_harbour,46.22
loc_2762,Karuvanthuruthy,fh_33,Maintenance dredging of existing harbor in Beypore,fishing_harbour,1.39
loc_2762,Karuvanthuruthy,fh_34,Maintenance dredging of existing harbor in Puthiyappa,fishing_harbour,18.75
loc_2764,Sancoale,fh_20,Maintenance Dredging at Amadalli Fishing Harbour,fishing_harbour,88.5
loc_2764,Sancoale,fh_39,Anandwadi (Fishing Harbour),fishing_harbour,88.91
loc_2764,Sancoale,port_04,Mormugao Port,port,11.19
loc_2765,Polichalur,fh_53,Modernization and up-gradation of Chennai Fishing Harbour,fishing_harbour,20.48
loc_2765,Polichalur,fh_56,Construction of Fishing harbour at ThiruvottriyurKuppam,fishing_harbour,28.64
loc_2765,Polichalur,port_05,Chennai Port,port,19.56
loc_2765,Polichalur,port_11,Kamarajar Port,port,35.2
loc_2775,Mulavukad,fh_24,"Modernization and up-gradation of Cochin Fishing Harbour at Thoppumpady, Cochin",fishing_harbour,9.33
loc_2775,Mulavukad,fh_27,Upgradation and modernization of Harbour in Ponnani,fishing_harbour,91.66
loc_2775,Mulavukad,fh_30,Maintenance dredging of existing harbor in Kayamkulam,fishing_harbour,96.26
loc_2775,Mulavukad,fh_31,Maintenance dredging of existing harbor in Chettuva,fishing_harbour,50.36
loc_2775,Mulavukad,fh_32,Maintenance dredging of existing harbor in Ponnani,fishing_harbour,91.66
loc_2775,Mulavukad,fh_35,Development of Arthungal Fishing Harbor (Balance work),fishing_harbour,36.96
loc_2775,Mulavukad,port_02,Cochin Port,port,5.62
loc_2777,Māniyūr,fh_27,Upgradation and modernization of Harbour in Ponnani,fishing_harbour,92.18
loc_2777,Māniyūr,fh_28,Upgradation and modernization of Harbour in Puthiyappa,fishing_harbour,27.61
loc_2777,Māniyūr,fh_29,Upgradation and modernization of Harbour in Koyilandy,fishing_harbour,13.6
loc_2777,Māniyūr,fh_32,Maintenance dredging of existing harbor in Ponnani,fishing_harbour,92.18
loc_2777,Māniyūr,fh_33,Maintenance dredging of existing harbor in Beypore,fishing_harbour,45.93
loc_2777,Māniyūr,fh_34,Maintenance dredging of existing harbor in Puthiyappa,fishing_harbour,27.61
loc_2790,Kalleribhāgam,fh_25,Expansion of Muthalapozhy Fishing Harbour,fishing_harbour,56.06
loc_2790,Kalleribhāgam,fh_30,Maintenance dredging of existing harbor in Kayamkulam,fishing_harbour,15.39
loc_2790,Kalleribhāgam,fh_35,Development of Arthungal Fishing Harbor (Balance work),fishing_harbour,74.66
loc_2791,Muthupet,fh_45,Development of Smart and Integrated Fishing Harbour at Karaikal,fishing_harbour,69.58
loc_2791,Muthupet,fh_55,Construction of Fishing harbour at Tharangampadi,fishing_harbour,80.63
loc_2791,Muthupet,fh_58,Development of Fishing Harbour at Arcottuthurai,fishing_harbour,33.51
loc_2791,Muthupet,fh_60,Development of Fishing Harbour at Vellapallam,fishing_harbour,35.66
loc_2794,Munderi,fh_26,Expansion of Kasaragod Fishing Harbour,fishing_harbour,80.39
loc_2794,Munderi,fh_28,Upgradation and modernization of Harbour in Puthiyappa,fishing_harbour,75.06
loc_2794,Munderi,fh_29,Upgradation and modernization of Harbour in Koyilandy,fishing_harbour,61.16
loc_2794,Munderi,fh_33,Maintenance dredging of existing harbor in Beypore,fishing_harbour,93.4
loc_2794,Munderi,fh_34,Maintenance dredging of existing harbor in Puthiyappa,fishing_harbour,75.06
loc_2796,Kadayal,fh_25,Expansion of Muthalapozhy Fishing Harbour,fishing_harbour,57.51
loc_2796,Kadayal,fh_54,Maintenance Dredging of Colachel Fishing Harbour,fishing_harbour,25.45
loc_2796,Kadayal,fh_61,Expansion and Modernization of Thengapattinam Fishing,fishing_harbour,19.13
loc_2815,Guruvāyūr,fh_24,"Modernization and up-gradation of Cochin Fishing Harbour at Thoppumpady, Cochin",fishing_harbour,78.0
loc_2815,Guruvāyūr,fh_27,Upgradation and modernization of Harbour in Ponnani,fishing_harbour,23.0
loc_2815,Guruvāyūr,fh_28,Upgradation and modernization of Harbour in Puthiyappa,fishing_harbour,87.13
loc_2815,Guruvāyūr,fh_31,Maintenance dredging of existing harbor in Chettuva,fishing_harbour,19.49
loc_2815,Guruvāyūr,fh_32,Maintenance dredging of existing harbor in Ponnani,fishing_harbour,23.0
loc_2815,Guruvāyūr,fh_33,Maintenance dredging of existing harbor in Beypore,fishing_harbour,68.81
loc_2815,Guruvāyūr,fh_34,Maintenance dredging of existing harbor in Puthiyappa,fishing_harbour,87.13
loc_2815,Guruvāyūr,port_02,Cochin Port,port,74.25
loc_2817,Virugambakkam,fh_53,Modernization and up-gradation of Chennai Fishing Harbour,fishing_harbour,12.74
loc_2817,Virugambakkam,fh_56,Construction of Fishing harbour at ThiruvottriyurKuppam,fishing_harbour,20.36
loc_2817,Virugambakkam,port_05,Chennai Port,port,11.85
loc_2817,Virugambakkam,port_11,Kamarajar Port,port,26.89
loc_2821,Padmanābhapuram,fh_25,Expansion of Muthalapozhy Fishing Harbour,fishing_harbour,71.87
loc_2821,Padmanābhapuram,fh_54,Maintenance Dredging of Colachel Fishing Harbour,fishing_harbour,11.01
loc_2821,Padmanābhapuram,fh_61,Expansion and Modernization of Thengapattinam Fishing,fishing_harbour,19.74
loc_2823,Paippad,fh_24,"Modernization and up-gradation of Cochin Fishing Harbour at Thoppumpady, Cochin",fishing_harbour,65.94
loc_2823,Paippad,fh_25,Expansion of Muthalapozhy Fishing Harbour,fishing_harbour,94.17
loc_2823,Paippad,fh_30,Maintenance dredging of existing harbor in Kayamkulam,fishing_harbour,28.75
loc_2823,Paippad,fh_35,Development of Arthungal Fishing Harbor (Balance work),fishing_harbour,39.89
loc_2823,Paippad,port_02,Cochin Port,port,69.52
loc_2826,Bedi,port_12,Deendayal Port,port,55.15
loc_2826,Bedi,port_13,Mundra Port,port,42.51
loc_2830,Kuzhithurai,fh_25,Expansion of Muthalapozhy Fishing Harbour,fishing_harbour,55.1
loc_2830,Kuzhithurai,fh_54,Maintenance Dredging of Colachel Fishing Harbour,fishing_harbour,16.61
loc_2830,Kuzhithurai,fh_61,Expansion and Modernization of Thengapattinam Fishing,fishing_harbour,6.25
loc_2831,Kodamthuruth,fh_24,"Modernization and up-gradation of Cochin Fishing Harbour at Thoppumpady, Cochin",fishing_harbour,14.8
loc_2831,Kodamthuruth,fh_30,Maintenance dredging of existing harbor in Kayamkulam,fishing_harbour,72.36
loc_2831,Kodamthuruth,fh_31,Maintenance dredging of existing harbor in Chettuva,fishing_harbour,73.77
loc_2831,Kodamthuruth,fh_35,Development of Arthungal Fishing Harbor (Balance work),fishing_harbour,13.0
loc_2831,Kodamthuruth,port_02,Cochin Port,port,18.57
loc_2833,Naduvattam,fh_27,Upgradation and modernization of Harbour in Ponnani,fishing_harbour,14.54
loc_2833,Naduvattam,fh_28,Upgradation and modernization of Harbour in Puthiyappa,fishing_harbour,56.67
loc_2833,Naduvattam,fh_29,Upgradation and modernization of Harbour in Koyilandy,fishing_harbour,70.45
loc_2833,Naduvattam,fh_31,Maintenance dredging of existing harbor in Chettuva,fishing_harbour,51.54
loc_2833,Naduvattam,fh_32,Maintenance dredging of existing harbor in Ponnani,fishing_harbour,14.54
loc_2833,Naduvattam,fh_33,Maintenance dredging of existing harbor in Beypore,fishing_harbour,38.46
loc_2833,Naduvattam,fh_34,Maintenance dredging of existing harbor in Puthiyappa,fishing_harbour,56.67
loc_2836,Reethapuram,fh_25,Expansion of Muthalapozhy Fishing Harbour,fishing_harbour,69.19
loc_2836,Reethapuram,fh_54,Maintenance Dredging of Colachel Fishing Harbour,fishing_harbour,0.52
loc_2836,Reethapuram,fh_61,Expansion and Modernization of Thengapattinam Fishing,fishing_harbour,15.15
loc_2837,Kottappally,fh_27,Upgradation and modernization of Harbour in Ponnani,fishing_harbour,98.17
loc_2837,Kottappally,fh_28,Upgradation and modernization of Harbour in Puthiyappa,fishing_harbour,33.65
loc_2837,Kottappally,fh_29,Upgradation and modernization of Harbour in Koyilandy,fishing_harbour,19.66
loc_2837,Kottappally,fh_32,Maintenance dredging of existing harbor in Ponnani,fishing_harbour,98.17
loc_2837,Kottappally,fh_33,Maintenance dredging of existing harbor in Beypore,fishing_harbour,51.82
loc_2837,Kottappally,fh_34,Maintenance dredging of existing harbor in Puthiyappa,fishing_harbour,33.65
loc_2839,Pudupattanam,fh_49,Construction of Fishing Harbour at Thengaithittu,fishing_harbour,76.57
loc_2839,Pudupattanam,fh_50,Upgradation of Puducherry Fishing Harbour,fishing_harbour,73.12
loc_2839,Pudupattanam,fh_53,Modernization and up-gradation of Chennai Fishing Harbour,fishing_harbour,66.68
loc_2839,Pudupattanam,fh_56,Construction of Fishing harbour at ThiruvottriyurKuppam,fishing_harbour,76.1
loc_2839,Pudupattanam,fh_57,Development of existing Fishing Harbour at Mudhunagar,fishing_harbour,97.38
loc_2839,Pudupattanam,fh_59,Construction of Fishing harbour at Azhagankuppam,fishing_harbour,58.81
loc_2839,Pudupattanam,port_05,Chennai Port,port,65.92
loc_2839,Pudupattanam,port_11,Kamarajar Port,port,83.91
loc_2846,Talala,fh_11,3rd Stage of Mangarol Fishing Harbour,fishing_harbour,66.88
loc_2846,Talala,fh_13,Development of Fishery harbour at Madhwad,fishing_harbour,9.45
loc_2846,Talala,fh_14,Development of Fishery Harbour at Veraval – Phase 2,fishing_harbour,23.85
loc_2846,Talala,fh_16,Development of Fishery Harbour at Sutrapada,fishing_harbour,25.5
loc_2846,Talala,fh_46,Development of Smart and Integrated Fishing Harbour at Vanakbara,fishing_harbour,61.34
loc_2854,Perinjanam,fh_24,"Modernization and up-gradation of Cochin Fishing Harbour at Thoppumpady, Cochin",fishing_harbour,44.65
loc_2854,Perinjanam,fh_27,Upgradation and modernization of Harbour in Ponnani,fishing_harbour,56.12
loc_2854,Perinjanam,fh_31,Maintenance dredging of existing harbor in Chettuva,fishing_harbour,15.31
loc_2854,Perinjanam,fh_32,Maintenance dredging of existing harbor in Ponnani,fishing_harbour,56.12
loc_2854,Perinjanam,fh_35,Development of Arthungal Fishing Harbor (Balance work),fishing_harbour,72.41
loc_2854,Perinjanam,port_02,Cochin Port,port,40.89
loc_2861,Chelora,fh_26,Expansion of Kasaragod Fishing Harbour,fishing_harbour,83.15
loc_2861,Chelora,fh_28,Upgradation and modernization of Harbour in Puthiyappa,fishing_harbour,71.82
loc_2861,Chelora,fh_29,Upgradation and modernization of Harbour in Koyilandy,fishing_harbour,57.99
loc_2861,Chelora,fh_33,Maintenance dredging of existing harbor in Beypore,fishing_harbour,90.15
loc_2861,Chelora,fh_34,Maintenance dredging of existing harbor in Puthiyappa,fishing_harbour,71.82
loc_2863,Nāravārikuppam,fh_53,Modernization and up-gradation of Chennai Fishing Harbour,fishing_harbour,16.82
loc_2863,Nāravārikuppam,fh_56,Construction of Fishing harbour at ThiruvottriyurKuppam,fishing_harbour,15.91
loc_2863,Nāravārikuppam,port_05,Chennai Port,port,16.71
loc_2863,Nāravārikuppam,port_11,Kamarajar Port,port,17.66
loc_2864,Marthandam,fh_25,Expansion of Muthalapozhy Fishing Harbour,fishing_harbour,58.4
loc_2864,Marthandam,fh_54,Maintenance Dredging of Colachel Fishing Harbour,fishing_harbour,14.59
loc_2864,Marthandam,fh_61,Expansion and Modernization of Thengapattinam Fishing,fishing_harbour,8.46
loc_2865,Vinnamāla,fh_56,Construction of Fishing harbour at ThiruvottriyurKuppam,fishing_harbour,93.8
loc_2865,Vinnamāla,port_11,Kamarajar Port,port,87.65
loc_2873,Thaikkattussery,fh_24,"Modernization and up-gradation of Cochin Fishing Harbour at Thoppumpady, Cochin",fishing_harbour,19.4
loc_2873,Thaikkattussery,fh_30,Maintenance dredging of existing harbor in Kayamkulam,fishing_harbour,67.96
loc_2873,Thaikkattussery,fh_31,Maintenance dredging of existing harbor in Chettuva,fishing_harbour,78.52
loc_2873,Thaikkattussery,fh_35,Development of Arthungal Fishing Harbor (Balance work),fishing_harbour,9.07
loc_2873,Thaikkattussery,port_02,Cochin Port,port,23.1
loc_2886,Kaikalūr,fh_08,"Construction of Fishing Harbour, Machilipattinam",fishing_harbour,42.27
loc_2886,Kaikalūr,fh_09,"Construction of Fishing Harbour, Nizampattinam",fishing_harbour,94.21
loc_2888,Alībāg,fh_37,Modernisation of Sassoon Dock Fishing Harbour,fishing_harbour,30.61
loc_2888,Alībāg,fh_38,Karanja Fishing Harbour (Revised),fishing_harbour,30.15
loc_2888,Alībāg,fh_40,Construction of Fisheries Fishing Harbour at Jeevana,fishing_harbour,17.43
loc_2888,Alībāg,fh_41,Construction of Fisheries Fishing Harbour at Bharadkhol,fishing_harbour,61.13
loc_2888,Alībāg,fh_42,Construction of Fisheries Fishing Harbour at Harnai,fishing_harbour,94.82
loc_2888,Alībāg,port_00,Mumbai Port,port,31.74
loc_2888,Alībāg,port_01,Jawaharlal Nehru Port (JNPT),port,34.46
loc_2890,Muthukulam,fh_24,"Modernization and up-gradation of Cochin Fishing Harbour at Thoppumpady, Cochin",fishing_harbour,81.97
loc_2890,Muthukulam,fh_25,Expansion of Muthalapozhy Fishing Harbour,fishing_harbour,77.11
loc_2890,Muthukulam,fh_30,Maintenance dredging of existing harbor in Kayamkulam,fishing_harbour,6.07
loc_2890,Muthukulam,fh_35,Development of Arthungal Fishing Harbor (Balance work),fishing_harbour,54.22
loc_2890,Muthukulam,port_02,Cochin Port,port,85.74
loc_2905,Patuvilāyi,fh_26,Expansion of Kasaragod Fishing Harbour,fishing_harbour,91.3
loc_2905,Patuvilāyi,fh_28,Upgradation and modernization of Harbour in Puthiyappa,fishing_harbour,65.1
loc_2905,Patuvilāyi,fh_29,Upgradation and modernization of Harbour in Koyilandy,fishing_harbour,51.09
loc_2905,Patuvilāyi,fh_33,Maintenance dredging of existing harbor in Beypore,fishing_harbour,83.42
loc_2905,Patuvilāyi,fh_34,Maintenance dredging of existing harbor in Puthiyappa,fishing_harbour,65.1
loc_2910,Vadakakarai,fh_24,"Modernization and up-gradation of Cochin Fishing Harbour at Thoppumpady, Cochin",fishing_harbour,27.33
loc_2910,Vadakakarai,fh_27,Upgradation and modernization of Harbour in Ponnani,fishing_harbour,73.4
loc_2910,Vadakakarai,fh_31,Maintenance dredging of existing harbor in Chettuva,fishing_harbour,32.18
loc_2910,Vadakakarai,fh_32,Maintenance dredging of existing harbor in Ponnani,fishing_harbour,73.4
loc_2910,Vadakakarai,fh_35,Development of Arthungal Fishing Harbor (Balance work),fishing_harbour,55.09
loc_2910,Vadakakarai,port_02,Cochin Port,port,23.56
loc_2914,Vasind,fh_37,Modernisation of Sassoon Dock Fishing Harbour,fishing_harbour,70.83
loc_2914,Vasind,fh_38,Karanja Fishing Harbour (Revised),fishing_harbour,64.43
loc_2914,Vasind,fh_44,Development of Fishing Harbour at Satpati,fishing_harbour,70.76
loc_2914,Vasind,port_00,Mumbai Port,port,68.67
loc_2914,Vasind,port_01,Jawaharlal Nehru Port (JNPT),port,60.65
loc_2922,Nellimarla,fh_01,Development of Pudimadaka Fishing Harbour,fishing_harbour,89.99
loc_2922,Nellimarla,fh_04,Modernization and up-gradation of Vishakapatnam Fishing Harbour,fishing_harbour,54.44
loc_2922,Nellimarla,port_06,Visakhapatnam Port,port,53.88
loc_2926,Keevallur,fh_26,Expansion of Kasaragod Fishing Harbour,fishing_harbour,89.18
loc_2926,Keevallur,fh_28,Upgradation and modernization of Harbour in Puthiyappa,fishing_harbour,68.08
loc_2926,Keevallur,fh_29,Upgradation and modernization of Harbour in Koyilandy,fishing_harbour,54.05
loc_2926,Keevallur,fh_33,Maintenance dredging of existing harbor in Beypore,fishing_harbour,86.37
loc_2926,Keevallur,fh_34,Maintenance dredging of existing harbor in Puthiyappa,fishing_harbour,68.08
loc_2934,Pariyāram,fh_26,Expansion of Kasaragod Fishing Harbour,fishing_harbour,61.08
loc_2934,Pariyāram,fh_28,Upgradation and modernization of Harbour in Puthiyappa,fishing_harbour,93.77
loc_2934,Pariyāram,fh_29,Upgradation and modernization of Harbour in Koyilandy,fishing_harbour,80.02
loc_2934,Pariyāram,fh_34,Maintenance dredging of existing harbor in Puthiyappa,fishing_harbour,93.77
loc_2939,Edavilangu,fh_24,"Modernization and up-gradation of Cochin Fishing Harbour at Thoppumpady, Cochin",fishing_harbour,36.16
loc_2939,Edavilangu,fh_27,Upgradation and modernization of Harbour in Ponnani,fishing_harbour,64.53
loc_2939,Edavilangu,fh_31,Maintenance dredging of existing harbor in Chettuva,fishing_harbour,23.39
loc_2939,Edavilangu,fh_32,Maintenance dredging of existing harbor in Ponnani,fishing_harbour,64.53
loc_2939,Edavilangu,fh_35,Development of Arthungal Fishing Harbor (Balance work),fishing_harbour,63.92
loc_2939,Edavilangu,port_02,Cochin Port,port,32.41
loc_2941,Killannur,fh_24,"Modernization and up-gradation of Cochin Fishing Harbour at Thoppumpady, Cochin",fishing_harbour,74.63
loc_2941,Killannur,fh_27,Upgradation and modernization of Harbour in Ponnani,fishing_harbour,36.76
loc_2941,Killannur,fh_28,Upgradation and modernization of Harbour in Puthiyappa,fishing_harbour,95.64
loc_2941,Killannur,fh_31,Maintenance dredging of existing harbor in Chettuva,fishing_harbour,26.37
loc_2941,Killannur,fh_32,Maintenance dredging of existing harbor in Ponnani,fishing_harbour,36.76
loc_2941,Killannur,fh_33,Maintenance dredging of existing harbor in Beypore,fishing_harbour,77.55
loc_2941,Killannur,fh_34,Maintenance dredging of existing harbor in Puthiyappa,fishing_harbour,95.64
loc_2941,Killannur,port_02,Cochin Port,port,70.9
loc_2942,Mundra,port_12,Deendayal Port,port,53.05
loc_2942,Mundra,port_13,Mundra Port,port,11.03
loc_2943,Byndoor,fh_18,Modernisation of Malpe Fishing Harbour,fishing_harbour,57.9
loc_2943,Byndoor,fh_19,Modernisation of Gangoli Fishing Harbour,fishing_harbour,24.61
loc_2943,Byndoor,fh_20,Maintenance Dredging at Amadalli Fishing Harbour,fishing_harbour,97.1
loc_2943,Byndoor,fh_21,Dredging work at Tadari Fishing Harbour,fishing_harbour,71.31
loc_2943,Byndoor,fh_23,Hejmadi Kodi Fishing Harbour,fishing_harbour,86.71
loc_2956,Kotivakkam,fh_53,Modernization and up-gradation of Chennai Fishing Harbour,fishing_harbour,14.09
loc_2956,Kotivakkam,fh_56,Construction of Fishing harbour at ThiruvottriyurKuppam,fishing_harbour,23.56
loc_2956,Kotivakkam,port_05,Chennai Port,port,13.3
loc_2956,Kotivakkam,port_11,Kamarajar Port,port,31.3
loc_2963,Pāttyam,fh_28,Upgradation and modernization of Harbour in Puthiyappa,fishing_harbour,55.97
loc_2963,Pāttyam,fh_29,Upgradation and modernization of Harbour in Koyilandy,fishing_harbour,41.95
loc_2963,Pāttyam,fh_33,Maintenance dredging of existing harbor in Beypore,fishing_harbour,74.27
loc_2963,Pāttyam,fh_34,Maintenance dredging of existing harbor in Puthiyappa,fishing_harbour,55.97
loc_2979,Cheppad,fh_24,"Modernization and up-gradation of Cochin Fishing Harbour at Thoppumpady, Cochin",fishing_harbour,80.47
loc_2979,Cheppad,fh_25,Expansion of Muthalapozhy Fishing Harbour,fishing_harbour,78.19
loc_2979,Cheppad,fh_30,Maintenance dredging of existing harbor in Kayamkulam,fishing_harbour,6.74
loc_2979,Cheppad,fh_35,Development of Arthungal Fishing Harbor (Balance work),fishing_harbour,52.71
loc_2979,Cheppad,port_02,Cochin Port,port,84.24
loc_2988,Powai,fh_37,Modernisation of Sassoon Dock Fishing Harbour,fishing_harbour,23.21
loc_2988,Powai,fh_38,Karanja Fishing Harbour (Revised),fishing_harbour,23.44
loc_2988,Powai,fh_40,Construction of Fisheries Fishing Harbour at Jeevana,fishing_harbour,68.59
loc_2988,Powai,fh_44,Development of Fishing Harbour at Satpati,fishing_harbour,72.18
loc_2988,Powai,port_00,Mumbai Port,port,21.37
loc_2988,Powai,port_01,Jawaharlal Nehru Port (JNPT),port,19.11
loc_2997,Kandalloor,fh_24,"Modernization and up-gradation of Cochin Fishing Harbour at Thoppumpady, Cochin",fishing_harbour,86.74
loc_2997,Kandalloor,fh_25,Expansion of Muthalapozhy Fishing Harbour,fishing_harbour,72.43
loc_2997,Kandalloor,fh_30,Maintenance dredging of existing harbor in Kayamkulam,fishing_harbour,3.19
loc_2997,Kandalloor,fh_35,Development of Arthungal Fishing Harbor (Balance work),fishing_harbour,58.98
loc_2997,Kandalloor,port_02,Cochin Port,port,90.51
loc_3000,Sarigam INA,fh_44,Development of Fishing Harbour at Satpati,fishing_harbour,64.6
loc_3001,Kanjiramkulam,fh_25,Expansion of Muthalapozhy Fishing Harbour,fishing_harbour,40.14
loc_3001,Kanjiramkulam,fh_54,Maintenance Dredging of Colachel Fishing Harbour,fishing_harbour,29.53
loc_3001,Kanjiramkulam,fh_61,Expansion and Modernization of Thengapattinam Fishing,fishing_harbour,13.92
loc_3011,Sankaraperi,fh_62,Extension of T-Jetty at Tharuvaikulam,fishing_harbour,4.36
loc_3011,Sankaraperi,port_10,V.O. Chidambaranar Port,port,12.79
loc_3015,Kolavallúr,fh_28,Upgradation and modernization of Harbour in Puthiyappa,fishing_harbour,49.65
loc_3015,Kolavallúr,fh_29,Upgradation and modernization of Harbour in Koyilandy,fishing_harbour,35.63
loc_3015,Kolavallúr,fh_33,Maintenance dredging of existing harbor in Beypore,fishing_harbour,67.81
loc_3015,Kolavallúr,fh_34,Maintenance dredging of existing harbor in Puthiyappa,fishing_harbour,49.65
loc_3020,Raval,fh_11,3rd Stage of Mangarol Fishing Harbour,fishing_harbour,79.47
loc_3020,Raval,fh_12,Development of Fishery Harbour at Navabandar,fishing_harbour,48.17
loc_3020,Raval,fh_15,Development of Fishery Harbour Porbandar – Phase 2,fishing_harbour,33.74
loc_3020,Raval,port_13,Mundra Port,port,94.51
loc_3023,Kattanam,fh_24,"Modernization and up-gradation of Cochin Fishing Harbour at Thoppumpady, Cochin",fishing_harbour,89.78
loc_3023,Kattanam,fh_25,Expansion of Muthalapozhy Fishing Harbour,fishing_harbour,68.35
loc_3023,Kattanam,fh_30,Maintenance dredging of existing harbor in Kayamkulam,fishing_harbour,6.96
loc_3023,Kattanam,fh_35,Development of Arthungal Fishing Harbor (Balance work),fishing_harbour,62.17
loc_3023,Kattanam,port_02,Cochin Port,port,93.51
loc_3028,Udangudi,fh_54,Maintenance Dredging of Colachel Fishing Harbour,fishing_harbour,90.15
loc_3028,Udangudi,fh_61,Expansion and Modernization of Thengapattinam Fishing,fishing_harbour,98.19
loc_3028,Udangudi,fh_62,Extension of T-Jetty at Tharuvaikulam,fishing_harbour,45.12
loc_3028,Udangudi,port_10,V.O. Chidambaranar Port,port,40.79
loc_3029,Tirumeshi,fh_53,Modernization and up-gradation of Chennai Fishing Harbour,fishing_harbour,26.31
loc_3029,Tirumeshi,fh_56,Construction of Fishing harbour at ThiruvottriyurKuppam,fishing_harbour,31.99
loc_3029,Tirumeshi,port_05,Chennai Port,port,25.52
loc_3029,Tirumeshi,port_11,Kamarajar Port,port,36.74
loc_3031,Verukulambu,fh_25,Expansion of Muthalapozhy Fishing Harbour,fishing_harbour,65.9
loc_3031,Verukulambu,fh_54,Maintenance Dredging of Colachel Fishing Harbour,fishing_harbour,13.7
loc_3031,Verukulambu,fh_61,Expansion and Modernization of Thengapattinam Fishing,fishing_harbour,15.92
loc_3037,Mokēri,fh_28,Upgradation and modernization of Harbour in Puthiyappa,fishing_harbour,54.03
loc_3037,Mokēri,fh_29,Upgradation and modernization of Harbour in Koyilandy,fishing_harbour,40.0
loc_3037,Mokēri,fh_33,Maintenance dredging of existing harbor in Beypore,fishing_harbour,72.33
loc_3037,Mokēri,fh_34,Maintenance dredging of existing harbor in Puthiyappa,fishing_harbour,54.03
loc_3049,Mulakumūd,fh_25,Expansion of Muthalapozhy Fishing Harbour,fishing_harbour,66.78
loc_3049,Mulakumūd,fh_54,Maintenance Dredging of Colachel Fishing Harbour,fishing_harbour,10.57
loc_3049,Mulakumūd,fh_61,Expansion and Modernization of Thengapattinam Fishing,fishing_harbour,15.02
loc_3061,Methukummal,fh_25,Expansion of Muthalapozhy Fishing Harbour,fishing_harbour,52.27
loc_3061,Methukummal,fh_54,Maintenance Dredging of Colachel Fishing Harbour,fishing_harbour,17.81
loc_3061,Methukummal,fh_61,Expansion and Modernization of Thengapattinam Fishing,fishing_harbour,3.06
loc_3066,Singarāyakonda,fh_03,Development of Kothapatnam Fishing Harbour,fishing_harbour,29.07
loc_3066,Singarāyakonda,fh_05,Juvvaladinne Fishing Harbour,fishing_harbour,47.92
loc_3066,Singarāyakonda,fh_07,"Construction of Fishing Harbour, Vodarevu",fishing_harbour,38.66
loc_3066,Singarāyakonda,fh_09,"Construction of Fishing Harbour, Nizampattinam",fishing_harbour,99.91
loc_3067,Punnayūr,fh_24,"Modernization and up-gradation of Cochin Fishing Harbour at Thoppumpady, Cochin",fishing_harbour,85.74
loc_3067,Punnayūr,fh_27,Upgradation and modernization of Harbour in Ponnani,fishing_harbour,14.92
loc_3067,Punnayūr,fh_28,Upgradation and modernization of Harbour in Puthiyappa,fishing_harbour,79.32
loc_3067,Punnayūr,fh_29,Upgradation and modernization of Harbour in Koyilandy,fishing_harbour,93.35
loc_3067,Punnayūr,fh_31,Maintenance dredging of existing harbor in Chettuva,fishing_harbour,26.76
loc_3067,Punnayūr,fh_32,Maintenance dredging of existing harbor in Ponnani,fishing_harbour,14.92
loc_3067,Punnayūr,fh_33,Maintenance dredging of existing harbor in Beypore,fishing_harbour,61.04
loc_3067,Punnayūr,fh_34,Maintenance dredging of existing harbor in Puthiyappa,fishing_harbour,79.32
loc_3067,Punnayūr,port_02,Cochin Port,port,82.0
loc_3072,Kakdwip,fh_63,Modernisation and upgradation of existing fishing harbour at Petuaghat,fishing_harbour,33.0
loc_3072,Kakdwip,fh_64,Modernisation and upgradation of existing fishing harbour at Shankarpur,fishing_harbour,69.48
loc_3072,Kakdwip,fh_65,Modernisation and upgradation of existing fishing harbour at Frasergunj,fishing_harbour,36.19
loc_3072,Kakdwip,fh_66,Modernisation and upgradation of existing fishing harbour at Kakdwip,fishing_harbour,1.17
loc_3072,Kakdwip,port_08,Kolkata Port,port,76.68
loc_3072,Kakdwip,port_09,Syama Prasad Mookerjee Port Haldia,port,21.56
loc_3082,Nimāparha,fh_47,Modernisation of Paradip Fishing Harbour,fishing_harbour,74.03
loc_3082,Nimāparha,fh_48,Development of Stage-II Fishing Harbour at Nuagarh (Astranga),fishing_harbour,35.1
loc_3082,Nimāparha,port_07,Paradip Port,port,76.7
loc_3088,Vakkam,fh_25,Expansion of Muthalapozhy Fishing Harbour,fishing_harbour,9.49
loc_3088,Vakkam,fh_30,Maintenance dredging of existing harbor in Kayamkulam,fishing_harbour,62.45
loc_3088,Vakkam,fh_54,Maintenance Dredging of Colachel Fishing Harbour,fishing_harbour,77.22
loc_3088,Vakkam,fh_61,Expansion and Modernization of Thengapattinam Fishing,fishing_harbour,61.58
loc_3089,Ezhome,fh_26,Expansion of Kasaragod Fishing Harbour,fishing_harbour,61.14
loc_3089,Ezhome,fh_28,Upgradation and modernization of Harbour in Puthiyappa,fishing_harbour,93.39
loc_3089,Ezhome,fh_29,Upgradation and modernization of Harbour in Koyilandy,fishing_harbour,79.85
loc_3089,Ezhome,fh_34,Maintenance dredging of existing harbor in Puthiyappa,fishing_harbour,93.39
loc_3094,Maduraivayal,fh_53,Modernization and up-gradation of Chennai Fishing Harbour,fishing_harbour,14.19
loc_3094,Maduraivayal,fh_56,Construction of Fishing harbour at ThiruvottriyurKuppam,fishing_harbour,20.84
loc_3094,Maduraivayal,port_05,Chennai Port,port,13.37
loc_3094,Maduraivayal,port_11,Kamarajar Port,port,26.8
loc_3096,Kōttayam,fh_26,Expansion of Kasaragod Fishing Harbour,fishing_harbour,96.47
loc_3096,Kōttayam,fh_28,Upgradation and modernization of Harbour in Puthiyappa,fishing_harbour,59.95
loc_3096,Kōttayam,fh_29,Upgradation and modernization of Harbour in Koyilandy,fishing_harbour,45.93
loc_3096,Kōttayam,fh_33,Maintenance dredging of existing harbor in Beypore,fishing_harbour,78.26
loc_3096,Kōttayam,fh_34,Maintenance dredging of existing harbor in Puthiyappa,fishing_harbour,59.95
loc_3100,Kadikkād,fh_24,"Modernization and up-gradation of Cochin Fishing Harbour at Thoppumpady, Cochin",fishing_harbour,88.25
loc_3100,Kadikkād,fh_27,Upgradation and modernization of Harbour in Ponnani,fishing_harbour,12.32
loc_3100,Kadikkād,fh_28,Upgradation and modernization of Harbour in Puthiyappa,fishing_harbour,76.81
loc_3100,Kadikkād,fh_29,Upgradation and modernization of Harbour in Koyilandy,fishing_harbour,90.85
loc_3100,Kadikkād,fh_31,Maintenance dredging of existing harbor in Chettuva,fishing_harbour,29.21
loc_3100,Kadikkād,fh_32,Maintenance dredging of existing harbor in Ponnani,fishing_harbour,12.32
loc_3100,Kadikkād,fh_33,Maintenance dredging of existing harbor in Beypore,fishing_harbour,58.55
loc_3100,Kadikkād,fh_34,Maintenance dredging of existing harbor in Puthiyappa,fishing_harbour,76.81
loc_3100,Kadikkād,port_02,Cochin Port,port,84.52
loc_3103,Honnavar,fh_19,Modernisation of Gangoli Fishing Harbour,fishing_harbour,74.59
loc_3103,Honnavar,fh_20,Maintenance Dredging at Amadalli Fishing Harbour,fishing_harbour,46.77
loc_3103,Honnavar,fh_21,Dredging work at Tadari Fishing Harbour,fishing_harbour,22.15
loc_3105,Jalladiampet,fh_53,Modernization and up-gradation of Chennai Fishing Harbour,fishing_harbour,21.34
loc_3105,Jalladiampet,fh_56,Construction of Fishing harbour at ThiruvottriyurKuppam,fishing_harbour,30.75
loc_3105,Jalladiampet,port_05,Chennai Port,port,20.48
loc_3105,Jalladiampet,port_11,Kamarajar Port,port,38.32
loc_3108,Kallukuttam,fh_25,Expansion of Muthalapozhy Fishing Harbour,fishing_harbour,72.2
loc_3108,Kallukuttam,fh_54,Maintenance Dredging of Colachel Fishing Harbour,fishing_harbour,4.27
loc_3108,Kallukuttam,fh_61,Expansion and Modernization of Thengapattinam Fishing,fishing_harbour,18.25
loc_3116,Karthikappally,fh_24,"Modernization and up-gradation of Cochin Fishing Harbour at Thoppumpady, Cochin",fishing_harbour,77.38
loc_3116,Karthikappally,fh_25,Expansion of Muthalapozhy Fishing Harbour,fishing_harbour,81.6
loc_3116,Karthikappally,fh_30,Maintenance dredging of existing harbor in Kayamkulam,fishing_harbour,10.23
loc_3116,Karthikappally,fh_35,Development of Arthungal Fishing Harbor (Balance work),fishing_harbour,49.62
loc_3116,Karthikappally,port_02,Cochin Port,port,81.15
loc_3119,Tiruvattār,fh_25,Expansion of Muthalapozhy Fishing Harbour,fishing_harbour,61.4
loc_3119,Tiruvattār,fh_54,Maintenance Dredging of Colachel Fishing Harbour,fishing_harbour,16.86
loc_3119,Tiruvattār,fh_61,Expansion and Modernization of Thengapattinam Fishing,fishing_harbour,14.09
loc_3122,Kadachira,fh_26,Expansion of Kasaragod Fishing Harbour,fishing_harbour,89.02
loc_3122,Kadachira,fh_28,Upgradation and modernization of Harbour in Puthiyappa,fishing_harbour,65.64
loc_3122,Kadachira,fh_29,Upgradation and modernization of Harbour in Koyilandy,fishing_harbour,51.92
loc_3122,Kadachira,fh_33,Maintenance dredging of existing harbor in Beypore,fishing_harbour,83.95
loc_3122,Kadachira,fh_34,Maintenance dredging of existing harbor in Puthiyappa,fishing_harbour,65.64
loc_3126,Kunnimangalam,fh_26,Expansion of Kasaragod Fishing Harbour,fishing_harbour,54.71
loc_3126,Kunnimangalam,fh_28,Upgradation and modernization of Harbour in Puthiyappa,fishing_harbour,99.85
loc_3126,Kunnimangalam,fh_29,Upgradation and modernization of Harbour in Koyilandy,fishing_harbour,86.36
loc_3126,Kunnimangalam,fh_34,Maintenance dredging of existing harbor in Puthiyappa,fishing_harbour,99.85
loc_3133,Sriramnagar,fh_04,Modernization and up-gradation of Vishakapatnam Fishing Harbour,fishing_harbour,70.85
loc_3133,Sriramnagar,port_06,Visakhapatnam Port,port,70.33
loc_3133,Sriramnagar,fh_02,Development of Budugatlapalem Fishing Harbour,fishing_harbour,89.5
loc_3134,Gummidipundi,fh_53,Modernization and up-gradation of Chennai Fishing Harbour,fishing_harbour,40.94
loc_3134,Gummidipundi,fh_56,Construction of Fishing harbour at ThiruvottriyurKuppam,fishing_harbour,35.66
loc_3134,Gummidipundi,port_05,Chennai Port,port,41.1
loc_3134,Gummidipundi,port_11,Kamarajar Port,port,31.2
loc_3136,Martūru,fh_24,"Modernization and up-gradation of Cochin Fishing Harbour at Thoppumpady, Cochin",fishing_harbour,31.87
loc_3136,Martūru,fh_27,Upgradation and modernization of Harbour in Ponnani,fishing_harbour,85.86
loc_3136,Martūru,fh_31,Maintenance dredging of existing harbor in Chettuva,fishing_harbour,48.67
loc_3136,Martūru,fh_32,Maintenance dredging of existing harbor in Ponnani,fishing_harbour,85.86
loc_3136,Martūru,fh_35,Development of Arthungal Fishing Harbor (Balance work),fishing_harbour,54.39
loc_3136,Martūru,port_02,Cochin Port,port,29.33
loc_3143,Mālvan,fh_39,Anandwadi (Fishing Harbour),fishing_harbour,0.76
loc_3143,Mālvan,port_04,Mormugao Port,port,81.04
loc_3150,Chhiri,fh_44,Development of Fishing Harbour at Satpati,fishing_harbour,77.02
loc_3154,Solsumba,fh_44,Development of Fishing Harbour at Satpati,fishing_harbour,48.88
loc_3156,Sompeta,fh_02,Development of Budugatlapalem Fishing Harbour,fishing_harbour,46.02
loc_3158,Chanod,fh_44,Development of Fishing Harbour at Satpati,fishing_harbour,73.32
loc_3163,Kammivapettai,fh_45,Development of Smart and Integrated Fishing Harbour at Karaikal,fishing_harbour,93.19
loc_3163,Kammivapettai,fh_49,Construction of Fishing Harbour at Thengaithittu,fishing_harbour,18.24
loc_3163,Kammivapettai,fh_50,Upgradation of Puducherry Fishing Harbour,fishing_harbour,21.72
loc_3163,Kammivapettai,fh_52,Up-gradation of Pazhayar Fishing Harbour,fishing_harbour,45.97
loc_3163,Kammivapettai,fh_55,Construction of Fishing harbour at Tharangampadi,fishing_harbour,81.19
loc_3163,Kammivapettai,fh_57,Development of existing Fishing Harbour at Mudhunagar,fishing_harbour,3.99
loc_3163,Kammivapettai,fh_59,Construction of Fishing harbour at Azhagankuppam,fishing_harbour,36.11
loc_3170,Tiruvankod,fh_25,Expansion of Muthalapozhy Fishing Harbour,fishing_harbour,69.57
loc_3170,Tiruvankod,fh_54,Maintenance Dredging of Colachel Fishing Harbour,fishing_harbour,9.17
loc_3170,Tiruvankod,fh_61,Expansion and Modernization of Thengapattinam Fishing,fishing_harbour,17.06
loc_3180,Kurumathur,fh_26,Expansion of Kasaragod Fishing Harbour,fishing_harbour,68.67
loc_3180,Kurumathur,fh_28,Upgradation and modernization of Harbour in Puthiyappa,fishing_harbour,87.67
loc_3180,Kurumathur,fh_29,Upgradation and modernization of Harbour in Koyilandy,fishing_harbour,73.72
loc_3180,Kurumathur,fh_34,Maintenance dredging of existing harbor in Puthiyappa,fishing_harbour,87.67
loc_3183,Mangattidam,fh_26,Expansion of Kasaragod Fishing Harbour,fishing_harbour,94.63
loc_3183,Mangattidam,fh_28,Upgradation and modernization of Harbour in Puthiyappa,fishing_harbour,61.99
loc_3183,Mangattidam,fh_29,Upgradation and modernization of Harbour in Koyilandy,fishing_harbour,47.96
loc_3183,Mangattidam,fh_33,Maintenance dredging of existing harbor in Beypore,fishing_harbour,80.29
loc_3183,Mangattidam,fh_34,Maintenance dredging of existing harbor in Puthiyappa,fishing_harbour,61.99
loc_3187,Palappallam,fh_25,Expansion of Muthalapozhy Fishing Harbour,fishing_harbour,67.32
loc_3187,Palappallam,fh_54,Maintenance Dredging of Colachel Fishing Harbour,fishing_harbour,3.29
loc_3187,Palappallam,fh_61,Expansion and Modernization of Thengapattinam Fishing,fishing_harbour,13.3
loc_3208,Kannapuram,fh_26,Expansion of Kasaragod Fishing Harbour,fishing_harbour,66.73
loc_3208,Kannapuram,fh_28,Upgradation and modernization of Harbour in Puthiyappa,fishing_harbour,87.81
loc_3208,Kannapuram,fh_29,Upgradation and modernization of Harbour in Koyilandy,fishing_harbour,74.31
loc_3208,Kannapuram,fh_34,Maintenance dredging of existing harbor in Puthiyappa,fishing_harbour,87.81
loc_3214,Khali Kachigam,fh_44,Development of Fishing Harbour at Satpati,fishing_harbour,75.22
loc_3216,Neral,fh_37,Modernisation of Sassoon Dock Fishing Harbour,fishing_harbour,52.51
loc_3216,Neral,fh_38,Karanja Fishing Harbour (Revised),fishing_harbour,40.64
loc_3216,Neral,fh_40,Construction of Fisheries Fishing Harbour at Jeevana,fishing_harbour,71.16
loc_3216,Neral,port_00,Mumbai Port,port,50.51
loc_3216,Neral,port_01,Jawaharlal Nehru Port (JNPT),port,39.46
loc_3224,Vāzhakulam,fh_24,"Modernization and up-gradation of Cochin Fishing Harbour at Thoppumpady, Cochin",fishing_harbour,24.51
loc_3224,Vāzhakulam,fh_27,Upgradation and modernization of Harbour in Ponnani,fishing_harbour,92.32
loc_3224,Vāzhakulam,fh_31,Maintenance dredging of existing harbor in Chettuva,fishing_harbour,53.53
loc_3224,Vāzhakulam,fh_32,Maintenance dredging of existing harbor in Ponnani,fishing_harbour,92.32
loc_3224,Vāzhakulam,fh_35,Development of Arthungal Fishing Harbor (Balance work),fishing_harbour,45.74
loc_3224,Vāzhakulam,port_02,Cochin Port,port,22.54
loc_3225,Fort Gloster,fh_63,Modernisation and upgradation of existing fishing harbour at Petuaghat,fishing_harbour,86.03
loc_3225,Fort Gloster,fh_66,Modernisation and upgradation of existing fishing harbour at Kakdwip,fishing_harbour,69.44
loc_3225,Fort Gloster,port_08,Kolkata Port,port,14.54
loc_3225,Fort Gloster,port_09,Syama Prasad Mookerjee Port Haldia,port,54.26
loc_3235,Chetput,fh_53,Modernization and up-gradation of Chennai Fishing Harbour,fishing_harbour,6.78
loc_3235,Chetput,fh_56,Construction of Fishing harbour at ThiruvottriyurKuppam,fishing_harbour,14.73
loc_3235,Chetput,port_05,Chennai Port,port,5.92
loc_3235,Chetput,port_11,Kamarajar Port,port,21.74
loc_3241,Palugal,fh_25,Expansion of Muthalapozhy Fishing Harbour,fishing_harbour,52.38
loc_3241,Palugal,fh_54,Maintenance Dredging of Colachel Fishing Harbour,fishing_harbour,20.55
loc_3241,Palugal,fh_61,Expansion and Modernization of Thengapattinam Fishing,fishing_harbour,9.09
loc_3247,Trikarpūr North,fh_17,Modernisation and Upgradation of Mangalore Fishing Harbour,fishing_harbour,92.28
loc_3247,Trikarpūr North,fh_22,Kulai Fishing Harbour,fishing_harbour,99.25
loc_3247,Trikarpūr North,fh_26,Expansion of Kasaragod Fishing Harbour,fishing_harbour,44.21
loc_3247,Trikarpūr North,fh_29,Upgradation and modernization of Harbour in Koyilandy,fishing_harbour,97.1
loc_3247,Trikarpūr North,port_03,New Mangalore Port,port,95.46
loc_3250,Pasthal,fh_44,Development of Fishing Harbour at Satpati,fishing_harbour,11.29
loc_3250,Pasthal,port_00,Mumbai Port,port,99.5
loc_3250,Pasthal,port_01,Jawaharlal Nehru Port (JNPT),port,99.48
loc_3258,Palayad,fh_27,Upgradation and modernization of Harbour in Ponnani,fishing_harbour,92.8
loc_3258,Palayad,fh_28,Upgradation and modernization of Harbour in Puthiyappa,fishing_harbour,28.35
loc_3258,Palayad,fh_29,Upgradation and modernization of Harbour in Koyilandy,fishing_harbour,14.53
loc_3258,Palayad,fh_32,Maintenance dredging of existing harbor in Ponnani,fishing_harbour,92.8
loc_3258,Palayad,fh_33,Maintenance dredging of existing harbor in Beypore,fishing_harbour,46.69
loc_3258,Palayad,fh_34,Maintenance dredging of existing harbor in Puthiyappa,fishing_harbour,28.35
loc_3262,Koipādi,fh_17,Modernisation and Upgradation of Mangalore Fishing Harbour,fishing_harbour,37.48
loc_3262,Koipādi,fh_18,Modernisation of Malpe Fishing Harbour,fishing_harbour,88.85
loc_3262,Koipādi,fh_22,Kulai Fishing Harbour,fishing_harbour,44.45
loc_3262,Koipādi,fh_23,Hejmadi Kodi Fishing Harbour,fishing_harbour,59.75
loc_3262,Koipādi,fh_26,Expansion of Kasaragod Fishing Harbour,fishing_harbour,10.76
loc_3262,Koipādi,port_03,New Mangalore Port,port,40.66
loc_3264,Namminikara,fh_24,"Modernization and up-gradation of Cochin Fishing Harbour at Thoppumpady, Cochin",fishing_harbour,55.86
loc_3264,Namminikara,fh_27,Upgradation and modernization of Harbour in Ponnani,fishing_harbour,51.64
loc_3264,Namminikara,fh_31,Maintenance dredging of existing harbor in Chettuva,fishing_harbour,21.28
loc_3264,Namminikara,fh_32,Maintenance dredging of existing harbor in Ponnani,fishing_harbour,51.64
loc_3264,Namminikara,fh_33,Maintenance dredging of existing harbor in Beypore,fishing_harbour,95.32
loc_3264,Namminikara,fh_35,Development of Arthungal Fishing Harbor (Balance work),fishing_harbour,83.06
loc_3264,Namminikara,port_02,Cochin Port,port,52.17
loc_3270,Kunnummal,fh_28,Upgradation and modernization of Harbour in Puthiyappa,fishing_harbour,40.52
loc_3270,Kunnummal,fh_29,Upgradation and modernization of Harbour in Koyilandy,fishing_harbour,27.07
loc_3270,Kunnummal,fh_33,Maintenance dredging of existing harbor in Beypore,fishing_harbour,58.09
loc_3270,Kunnummal,fh_34,Maintenance dredging of existing harbor in Puthiyappa,fishing_harbour,40.52
loc_3271,Kattur,fh_24,"Modernization and up-gradation of Cochin Fishing Harbour at Thoppumpady, Cochin",fishing_harbour,50.55
loc_3271,Kattur,fh_27,Upgradation and modernization of Harbour in Ponnani,fishing_harbour,51.16
loc_3271,Kattur,fh_31,Maintenance dredging of existing harbor in Chettuva,fishing_harbour,12.79
loc_3271,Kattur,fh_32,Maintenance dredging of existing harbor in Ponnani,fishing_harbour,51.16
loc_3271,Kattur,fh_33,Maintenance dredging of existing harbor in Beypore,fishing_harbour,96.8
loc_3271,Kattur,fh_35,Development of Arthungal Fishing Harbor (Balance work),fishing_harbour,78.29
loc_3271,Kattur,port_02,Cochin Port,port,46.78
loc_3275,Patiriyat,fh_26,Expansion of Kasaragod Fishing Harbour,fishing_harbour,92.16
loc_3275,Patiriyat,fh_28,Upgradation and modernization of Harbour in Puthiyappa,fishing_harbour,63.73
loc_3275,Patiriyat,fh_29,Upgradation and modernization of Harbour in Koyilandy,fishing_harbour,49.75
loc_3275,Patiriyat,fh_33,Maintenance dredging of existing harbor in Beypore,fishing_harbour,82.07
loc_3275,Patiriyat,fh_34,Maintenance dredging of existing harbor in Puthiyappa,fishing_harbour,63.73
loc_3277,Bhattiprolu,fh_03,Development of Kothapatnam Fishing Harbour,fishing_harbour,97.08
loc_3277,Bhattiprolu,fh_07,"Construction of Fishing Harbour, Vodarevu",fishing_harbour,89.69
loc_3277,Bhattiprolu,fh_08,"Construction of Fishing Harbour, Machilipattinam",fishing_harbour,38.28
loc_3277,Bhattiprolu,fh_09,"Construction of Fishing Harbour, Nizampattinam",fishing_harbour,26.51
loc_3279,Nalloor,fh_25,Expansion of Muthalapozhy Fishing Harbour,fishing_harbour,58.74
loc_3279,Nalloor,fh_54,Maintenance Dredging of Colachel Fishing Harbour,fishing_harbour,14.34
loc_3279,Nalloor,fh_61,Expansion and Modernization of Thengapattinam Fishing,fishing_harbour,8.65
loc_3281,Mahīshādal,fh_63,Modernisation and upgradation of existing fishing harbour at Petuaghat,fishing_harbour,46.12
loc_3281,Mahīshādal,fh_64,Modernisation and upgradation of existing fishing harbour at Shankarpur,fishing_harbour,70.83
loc_3281,Mahīshādal,fh_65,Modernisation and upgradation of existing fishing harbour at Frasergunj,fishing_harbour,75.35
loc_3281,Mahīshādal,fh_66,Modernisation and upgradation of existing fishing harbour at Kakdwip,fishing_harbour,39.76
loc_3281,Mahīshādal,port_08,Kolkata Port,port,53.69
loc_3281,Mahīshādal,port_09,Syama Prasad Mookerjee Port Haldia,port,19.19
loc_3287,Arukutti,fh_24,"Modernization and up-gradation of Cochin Fishing Harbour at Thoppumpady, Cochin",fishing_harbour,11.24
loc_3287,Arukutti,fh_30,Maintenance dredging of existing harbor in Kayamkulam,fishing_harbour,78.11
loc_3287,Arukutti,fh_31,Maintenance dredging of existing harbor in Chettuva,fishing_harbour,69.23
loc_3287,Arukutti,fh_35,Development of Arthungal Fishing Harbor (Balance work),fishing_harbour,19.68
loc_3287,Arukutti,port_02,Cochin Port,port,14.38
loc_3289,Murudeshwara,fh_18,Modernisation of Malpe Fishing Harbour,fishing_harbour,85.97
loc_3289,Murudeshwara,fh_19,Modernisation of Gangoli Fishing Harbour,fishing_harbour,53.72
loc_3289,Murudeshwara,fh_20,Maintenance Dredging at Amadalli Fishing Harbour,fishing_harbour,67.7
loc_3289,Murudeshwara,fh_21,Dredging work at Tadari Fishing Harbour,fishing_harbour,43.16
loc_3297,Vadlapūdi,fh_05,Juvvaladinne Fishing Harbour,fishing_harbour,60.44
loc_3317,Manalur,fh_24,"Modernization and up-gradation of Cochin Fishing Harbour at Thoppumpady, Cochin",fishing_harbour,65.21
loc_3317,Manalur,fh_27,Upgradation and modernization of Harbour in Ponnani,fishing_harbour,36.14
loc_3317,Manalur,fh_31,Maintenance dredging of existing harbor in Chettuva,fishing_harbour,9.35
loc_3317,Manalur,fh_32,Maintenance dredging of existing harbor in Ponnani,fishing_harbour,36.14
loc_3317,Manalur,fh_33,Maintenance dredging of existing harbor in Beypore,fishing_harbour,81.8
loc_3317,Manalur,fh_35,Development of Arthungal Fishing Harbor (Balance work),fishing_harbour,92.98
loc_3317,Manalur,port_02,Cochin Port,port,61.45
loc_3328,Kothanallur,fh_25,Expansion of Muthalapozhy Fishing Harbour,fishing_harbour,68.31
loc_3328,Kothanallur,fh_54,Maintenance Dredging of Colachel Fishing Harbour,fishing_harbour,12.82
loc_3328,Kothanallur,fh_61,Expansion and Modernization of Thengapattinam Fishing,fishing_harbour,17.56
loc_3335,Vittal,fh_17,Modernisation and Upgradation of Mangalore Fishing Harbour,fishing_harbour,33.85
loc_3335,Vittal,fh_18,Modernisation of Malpe Fishing Harbour,fishing_harbour,78.26
loc_3335,Vittal,fh_22,Kulai Fishing Harbour,fishing_harbour,39.1
loc_3335,Vittal,fh_23,Hejmadi Kodi Fishing Harbour,fishing_harbour,50.96
loc_3335,Vittal,fh_26,Expansion of Kasaragod Fishing Harbour,fishing_harbour,31.57
loc_3335,Vittal,port_03,New Mangalore Port,port,35.94
loc_3336,Koratti,fh_24,"Modernization and up-gradation of Cochin Fishing Harbour at Thoppumpady, Cochin",fishing_harbour,38.31
loc_3336,Koratti,fh_27,Upgradation and modernization of Harbour in Ponnani,fishing_harbour,72.29
loc_3336,Koratti,fh_31,Maintenance dredging of existing harbor in Chettuva,fishing_harbour,35.83
loc_3336,Koratti,fh_32,Maintenance dredging of existing harbor in Ponnani,fishing_harbour,72.29
loc_3336,Koratti,fh_35,Development of Arthungal Fishing Harbor (Balance work),fishing_harbour,64.05
loc_3336,Koratti,port_02,Cochin Port,port,34.94
loc_3359,Kallūr Tekkumuri,fh_24,"Modernization and up-gradation of Cochin Fishing Harbour at Thoppumpady, Cochin",fishing_harbour,34.98
loc_3359,Kallūr Tekkumuri,fh_27,Upgradation and modernization of Harbour in Ponnani,fishing_harbour,72.96
loc_3359,Kallūr Tekkumuri,fh_31,Maintenance dredging of existing harbor in Chettuva,fishing_harbour,35.09
loc_3359,Kallūr Tekkumuri,fh_32,Maintenance dredging of existing harbor in Ponnani,fishing_harbour,72.96
loc_3359,Kallūr Tekkumuri,fh_35,Development of Arthungal Fishing Harbor (Balance work),fishing_harbour,61.19
loc_3359,Kallūr Tekkumuri,port_02,Cochin Port,port,31.52
loc_3360,Dharmapuram,fh_25,Expansion of Muthalapozhy Fishing Harbour,fishing_harbour,85.64
loc_3360,Dharmapuram,fh_54,Maintenance Dredging of Colachel Fishing Harbour,fishing_harbour,16.68
loc_3360,Dharmapuram,fh_61,Expansion and Modernization of Thengapattinam Fishing,fishing_harbour,31.74
loc_3365,Calangute,fh_39,Anandwadi (Fishing Harbour),fishing_harbour,65.0
loc_3365,Calangute,port_04,Mormugao Port,port,15.86
loc_3368,Panoor,fh_28,Upgradation and modernization of Harbour in Puthiyappa,fishing_harbour,51.93
loc_3368,Panoor,fh_29,Upgradation and modernization of Harbour in Koyilandy,fishing_harbour,37.9
loc_3368,Panoor,fh_33,Maintenance dredging of existing harbor in Beypore,fishing_harbour,70.23
loc_3368,Panoor,fh_34,Maintenance dredging of existing harbor in Puthiyappa,fishing_harbour,51.93
loc_3371,Puthūr,fh_24,"Modernization and up-gradation of Cochin Fishing Harbour at Thoppumpady, Cochin",fishing_harbour,61.99
loc_3371,Puthūr,fh_27,Upgradation and modernization of Harbour in Ponnani,fishing_harbour,49.44
loc_3371,Puthūr,fh_31,Maintenance dredging of existing harbor in Chettuva,fishing_harbour,25.12
loc_3371,Puthūr,fh_32,Maintenance dredging of existing harbor in Ponnani,fishing_harbour,49.44
loc_3371,Puthūr,fh_33,Maintenance dredging of existing harbor in Beypore,fishing_harbour,91.59
loc_3371,Puthūr,fh_35,Development of Arthungal Fishing Harbor (Balance work),fishing_harbour,88.92
loc_3371,Puthūr,port_02,Cochin Port,port,58.33
loc_3383,Edakkazhiyūr,fh_24,"Modernization and up-gradation of Cochin Fishing Harbour at Thoppumpady, Cochin",fishing_harbour,82.64
loc_3383,Edakkazhiyūr,fh_27,Upgradation and modernization of Harbour in Ponnani,fishing_harbour,17.91
loc_3383,Edakkazhiyūr,fh_28,Upgradation and modernization of Harbour in Puthiyappa,fishing_harbour,82.43
loc_3383,Edakkazhiyūr,fh_29,Upgradation and modernization of Harbour in Koyilandy,fishing_harbour,96.46
loc_3383,Edakkazhiyūr,fh_31,Maintenance dredging of existing harbor in Chettuva,fishing_harbour,23.59
loc_3383,Edakkazhiyūr,fh_32,Maintenance dredging of existing harbor in Ponnani,fishing_harbour,17.91
loc_3383,Edakkazhiyūr,fh_33,Maintenance dredging of existing harbor in Beypore,fishing_harbour,64.17
loc_3383,Edakkazhiyūr,fh_34,Maintenance dredging of existing harbor in Puthiyappa,fishing_harbour,82.43
loc_3383,Edakkazhiyūr,port_02,Cochin Port,port,78.91
loc_3385,Keezhkulam,fh_25,Expansion of Muthalapozhy Fishing Harbour,fishing_harbour,60.69
loc_3385,Keezhkulam,fh_54,Maintenance Dredging of Colachel Fishing Harbour,fishing_harbour,9.0
loc_3385,Keezhkulam,fh_61,Expansion and Modernization of Thengapattinam Fishing,fishing_harbour,6.78
loc_3393,Mūlki,fh_17,Modernisation and Upgradation of Mangalore Fishing Harbour,fishing_harbour,21.43
loc_3393,Mūlki,fh_18,Modernisation of Malpe Fishing Harbour,fishing_harbour,30.53
loc_3393,Mūlki,fh_19,Modernisation of Gangoli Fishing Harbour,fishing_harbour,63.36
loc_3393,Mūlki,fh_22,Kulai Fishing Harbour,fishing_harbour,14.58
loc_3393,Mūlki,fh_23,Hejmadi Kodi Fishing Harbour,fishing_harbour,1.77
loc_3393,Mūlki,fh_26,Expansion of Kasaragod Fishing Harbour,fishing_harbour,69.08
loc_3393,Mūlki,port_03,New Mangalore Port,port,18.18
loc_3394,Kāttatturai,fh_25,Expansion of Muthalapozhy Fishing Harbour,fishing_harbour,64.79
loc_3394,Kāttatturai,fh_54,Maintenance Dredging of Colachel Fishing Harbour,fishing_harbour,11.99
loc_3394,Kāttatturai,fh_61,Expansion and Modernization of Thengapattinam Fishing,fishing_harbour,13.82
loc_3396,Kulasegaram,fh_25,Expansion of Muthalapozhy Fishing Harbour,fishing_harbour,62.74
loc_3396,Kulasegaram,fh_54,Maintenance Dredging of Colachel Fishing Harbour,fishing_harbour,21.04
loc_3396,Kulasegaram,fh_61,Expansion and Modernization of Thengapattinam Fishing,fishing_harbour,18.71
loc_3398,Nilagiri,fh_51,Chandipur Fishing Harbour,fishing_harbour,26.1
loc_3398,Nilagiri,fh_64,Modernisation and upgradation of existing fishing harbour at Shankarpur,fishing_harbour,84.74
loc_3408,Irivēri,fh_26,Expansion of Kasaragod Fishing Harbour,fishing_harbour,88.84
loc_3408,Irivēri,fh_28,Upgradation and modernization of Harbour in Puthiyappa,fishing_harbour,66.27
loc_3408,Irivēri,fh_29,Upgradation and modernization of Harbour in Koyilandy,fishing_harbour,52.4
loc_3408,Irivēri,fh_33,Maintenance dredging of existing harbor in Beypore,fishing_harbour,84.61
loc_3408,Irivēri,fh_34,Maintenance dredging of existing harbor in Puthiyappa,fishing_harbour,66.27
loc_3415,Taleigao,fh_39,Anandwadi (Fishing Harbour),fishing_harbour,76.32
loc_3415,Taleigao,port_04,Mormugao Port,port,7.32
loc_3421,Kolaccheri,fh_26,Expansion of Kasaragod Fishing Harbour,fishing_harbour,74.44
loc_3421,Kolaccheri,fh_28,Upgradation and modernization of Harbour in Puthiyappa,fishing_harbour,81.03
loc_3421,Kolaccheri,fh_29,Upgradation and modernization of Harbour in Koyilandy,fishing_harbour,67.14
loc_3421,Kolaccheri,fh_33,Maintenance dredging of existing harbor in Beypore,fishing_harbour,99.37
loc_3421,Kolaccheri,fh_34,Maintenance dredging of existing harbor in Puthiyappa,fishing_harbour,81.03
loc_3423,Chālakilakākara,fh_26,Expansion of Kasaragod Fishing Harbour,fishing_harbour,86.82
loc_3423,Chālakilakākara,fh_28,Upgradation and modernization of Harbour in Puthiyappa,fishing_harbour,67.85
loc_3423,Chālakilakākara,fh_29,Upgradation and modernization of Harbour in Koyilandy,fishing_harbour,54.12
loc_3423,Chālakilakākara,fh_33,Maintenance dredging of existing harbor in Beypore,fishing_harbour,86.15
loc_3423,Chālakilakākara,fh_34,Maintenance dredging of existing harbor in Puthiyappa,fishing_harbour,67.85
loc_3428,Mēppādam,fh_24,"Modernization and up-gradation of Cochin Fishing Harbour at Thoppumpady, Cochin",fishing_harbour,71.68
loc_3428,Mēppādam,fh_25,Expansion of Muthalapozhy Fishing Harbour,fishing_harbour,86.46
loc_3428,Mēppādam,fh_30,Maintenance dredging of existing harbor in Kayamkulam,fishing_harbour,16.05
loc_3428,Mēppādam,fh_35,Development of Arthungal Fishing Harbor (Balance work),fishing_harbour,44.02
loc_3428,Mēppādam,port_02,Cochin Port,port,75.42
loc_3429,Madambakkam,fh_53,Modernization and up-gradation of Chennai Fishing Harbour,fishing_harbour,38.09
loc_3429,Madambakkam,fh_56,Construction of Fishing harbour at ThiruvottriyurKuppam,fishing_harbour,46.78
loc_3429,Madambakkam,fh_59,Construction of Fishing harbour at Azhagankuppam,fishing_harbour,91.05
loc_3429,Madambakkam,port_05,Chennai Port,port,37.16
loc_3429,Madambakkam,port_11,Kamarajar Port,port,53.54
loc_3433,Kokōtamangalam South,fh_24,"Modernization and up-gradation of Cochin Fishing Harbour at Thoppumpady, Cochin",fishing_harbour,29.51
loc_3433,Kokōtamangalam South,fh_30,Maintenance dredging of existing harbor in Kayamkulam,fishing_harbour,57.66
loc_3433,Kokōtamangalam South,fh_31,Maintenance dredging of existing harbor in Chettuva,fishing_harbour,88.61
loc_3433,Kokōtamangalam South,fh_35,Development of Arthungal Fishing Harbor (Balance work),fishing_harbour,2.38
loc_3433,Kokōtamangalam South,port_02,Cochin Port,port,33.26
loc_3438,Eravattūr,fh_27,Upgradation and modernization of Harbour in Ponnani,fishing_harbour,92.47
loc_3438,Eravattūr,fh_28,Upgradation and modernization of Harbour in Puthiyappa,fishing_harbour,28.92
loc_3438,Eravattūr,fh_29,Upgradation and modernization of Harbour in Koyilandy,fishing_harbour,16.13
loc_3438,Eravattūr,fh_32,Maintenance dredging of existing harbor in Ponnani,fishing_harbour,92.47
loc_3438,Eravattūr,fh_33,Maintenance dredging of existing harbor in Beypore,fishing_harbour,46.26
loc_3438,Eravattūr,fh_34,Maintenance dredging of existing harbor in Puthiyappa,fishing_harbour,28.92
loc_3441,Varam,fh_26,Expansion of Kasaragod Fishing Harbour,fishing_harbour,81.07
loc_3441,Varam,fh_28,Upgradation and modernization of Harbour in Puthiyappa,fishing_harbour,73.62
loc_3441,Varam,fh_29,Upgradation and modernization of Harbour in Koyilandy,fishing_harbour,59.89
loc_3441,Varam,fh_33,Maintenance dredging of existing harbor in Beypore,fishing_harbour,91.92
loc_3441,Varam,fh_34,Maintenance dredging of existing harbor in Puthiyappa,fishing_harbour,73.62
loc_3443,Bicholim,fh_39,Anandwadi (Fishing Harbour),fishing_harbour,72.69
loc_3443,Bicholim,port_04,Mormugao Port,port,25.45
loc_3445,Valvachatottam,fh_25,Expansion of Muthalapozhy Fishing Harbour,fishing_harbour,63.29
loc_3445,Valvachatottam,fh_54,Maintenance Dredging of Colachel Fishing Harbour,fishing_harbour,11.17
loc_3445,Valvachatottam,fh_61,Expansion and Modernization of Thengapattinam Fishing,fishing_harbour,11.68
loc_3457,Eruvatti,fh_26,Expansion of Kasaragod Fishing Harbour,fishing_harbour,96.95
loc_3457,Eruvatti,fh_28,Upgradation and modernization of Harbour in Puthiyappa,fishing_harbour,58.7
loc_3457,Eruvatti,fh_29,Upgradation and modernization of Harbour in Koyilandy,fishing_harbour,44.72
loc_3457,Eruvatti,fh_33,Maintenance dredging of existing harbor in Beypore,fishing_harbour,77.03
loc_3457,Eruvatti,fh_34,Maintenance dredging of existing harbor in Puthiyappa,fishing_harbour,58.7
loc_3460,Khed,fh_36,Development of Mallet Bunder Fishing Harbour,fishing_harbour,81.7
loc_3460,Khed,fh_40,Construction of Fisheries Fishing Harbour at Jeevana,fishing_harbour,99.9
loc_3460,Khed,fh_41,Construction of Fisheries Fishing Harbour at Bharadkhol,fishing_harbour,65.9
loc_3460,Khed,fh_42,Construction of Fisheries Fishing Harbour at Harnai,fishing_harbour,34.39
loc_3460,Khed,fh_43,Construction of Fisheries Fishing Harbour at Sakhari Nate,fishing_harbour,27.8
loc_3462,Kutiyāna,fh_11,3rd Stage of Mangarol Fishing Harbour,fishing_harbour,18.14
loc_3462,Kutiyāna,fh_12,Development of Fishery Harbour at Navabandar,fishing_harbour,42.13
loc_3462,Kutiyāna,fh_13,Development of Fishery harbour at Madhwad,fishing_harbour,86.58
loc_3462,Kutiyāna,fh_14,Development of Fishery Harbour at Veraval – Phase 2,fishing_harbour,89.86
loc_3462,Kutiyāna,fh_15,Development of Fishery Harbour Porbandar – Phase 2,fishing_harbour,38.8
loc_3466,Vandalūr,fh_53,Modernization and up-gradation of Chennai Fishing Harbour,fishing_harbour,32.36
loc_3466,Vandalūr,fh_56,Construction of Fishing harbour at ThiruvottriyurKuppam,fishing_harbour,41.01
loc_3466,Vandalūr,fh_59,Construction of Fishing harbour at Azhagankuppam,fishing_harbour,96.17
loc_3466,Vandalūr,port_05,Chennai Port,port,31.42
loc_3466,Vandalūr,port_11,Kamarajar Port,port,47.77
loc_3468,Chelamartam,fh_24,"Modernization and up-gradation of Cochin Fishing Harbour at Thoppumpady, Cochin",fishing_harbour,30.81
loc_3468,Chelamartam,fh_27,Upgradation and modernization of Harbour in Ponnani,fishing_harbour,90.96
loc_3468,Chelamartam,fh_31,Maintenance dredging of existing harbor in Chettuva,fishing_harbour,53.63
loc_3468,Chelamartam,fh_32,Maintenance dredging of existing harbor in Ponnani,fishing_harbour,90.96
loc_3468,Chelamartam,fh_35,Development of Arthungal Fishing Harbor (Balance work),fishing_harbour,51.34
loc_3468,Chelamartam,port_02,Cochin Port,port,28.77
loc_3469,Challapalle,fh_08,"Construction of Fishing Harbour, Machilipattinam",fishing_harbour,22.32
loc_3469,Challapalle,fh_09,"Construction of Fishing Harbour, Nizampattinam",fishing_harbour,38.6
loc_3470,Konārka,fh_47,Modernisation of Paradip Fishing Harbour,fishing_harbour,73.42
loc_3470,Konārka,fh_48,Development of Stage-II Fishing Harbour at Nuagarh (Astranga),fishing_harbour,26.26
loc_3470,Konārka,port_07,Paradip Port,port,75.97
loc_3472,Āchāripallam Vāniyakudi,fh_25,Expansion of Muthalapozhy Fishing Harbour,fishing_harbour,81.66
loc_3472,Āchāripallam Vāniyakudi,fh_54,Maintenance Dredging of Colachel Fishing Harbour,fishing_harbour,14.86
loc_3472,Āchāripallam Vāniyakudi,fh_61,Expansion and Modernization of Thengapattinam Fishing,fishing_harbour,28.39
loc_3473,Peralassery,fh_26,Expansion of Kasaragod Fishing Harbour,fishing_harbour,91.54
loc_3473,Peralassery,fh_28,Upgradation and modernization of Harbour in Puthiyappa,fishing_harbour,63.49
loc_3473,Peralassery,fh_29,Upgradation and modernization of Harbour in Koyilandy,fishing_harbour,49.63
loc_3473,Peralassery,fh_33,Maintenance dredging of existing harbor in Beypore,fishing_harbour,81.83
loc_3473,Peralassery,fh_34,Maintenance dredging of existing harbor in Puthiyappa,fishing_harbour,63.49
loc_3478,Pinarāyi,fh_26,Expansion of Kasaragod Fishing Harbour,fishing_harbour,93.93
loc_3478,Pinarāyi,fh_28,Upgradation and modernization of Harbour in Puthiyappa,fishing_harbour,60.85
loc_3478,Pinarāyi,fh_29,Upgradation and modernization of Harbour in Koyilandy,fishing_harbour,47.07
loc_3478,Pinarāyi,fh_33,Maintenance dredging of existing harbor in Beypore,fishing_harbour,79.18
loc_3478,Pinarāyi,fh_34,Maintenance dredging of existing harbor in Puthiyappa,fishing_harbour,60.85
loc_3485,Porathissery,fh_24,"Modernization and up-gradation of Cochin Fishing Harbour at Thoppumpady, Cochin",fishing_harbour,50.2
loc_3485,Porathissery,fh_27,Upgradation and modernization of Harbour in Ponnani,fishing_harbour,52.88
loc_3485,Porathissery,fh_31,Maintenance dredging of existing harbor in Chettuva,fishing_harbour,16.22
loc_3485,Porathissery,fh_32,Maintenance dredging of existing harbor in Ponnani,fishing_harbour,52.88
loc_3485,Porathissery,fh_33,Maintenance dredging of existing harbor in Beypore,fishing_harbour,98.06
loc_3485,Porathissery,fh_35,Development of Arthungal Fishing Harbor (Balance work),fishing_harbour,77.81
loc_3485,Porathissery,port_02,Cochin Port,port,46.44
loc_3487,Āmta,fh_63,Modernisation and upgradation of existing fishing harbour at Petuaghat,fishing_harbour,90.19
loc_3487,Āmta,fh_66,Modernisation and upgradation of existing fishing harbour at Kakdwip,fishing_harbour,80.14
loc_3487,Āmta,port_08,Kolkata Port,port,31.04
loc_3487,Āmta,port_09,Syama Prasad Mookerjee Port Haldia,port,61.75
loc_3490,Valavanur,fh_49,Construction of Fishing Harbour at Thengaithittu,fishing_harbour,25.96
loc_3490,Valavanur,fh_50,Upgradation of Puducherry Fishing Harbour,fishing_harbour,26.96
loc_3490,Valavanur,fh_52,Up-gradation of Pazhayar Fishing Harbour,fishing_harbour,69.41
loc_3490,Valavanur,fh_57,Development of existing Fishing Harbour at Mudhunagar,fishing_harbour,29.54
loc_3490,Valavanur,fh_59,Construction of Fishing harbour at Azhagankuppam,fishing_harbour,35.41
loc_3491,Khapat,fh_11,3rd Stage of Mangarol Fishing Harbour,fishing_harbour,54.54
loc_3491,Khapat,fh_12,Development of Fishery Harbour at Navabandar,fishing_harbour,17.19
loc_3491,Khapat,fh_15,Development of Fishery Harbour Porbandar – Phase 2,fishing_harbour,1.59
loc_3497,Chanaje,fh_37,Modernisation of Sassoon Dock Fishing Harbour,fishing_harbour,14.45
loc_3497,Chanaje,fh_38,Karanja Fishing Harbour (Revised),fishing_harbour,5.42
loc_3497,Chanaje,fh_40,Construction of Fisheries Fishing Harbour at Jeevana,fishing_harbour,40.25
loc_3497,Chanaje,fh_41,Construction of Fisheries Fishing Harbour at Bharadkhol,fishing_harbour,84.72
loc_3497,Chanaje,port_00,Mumbai Port,port,13.65
loc_3497,Chanaje,port_01,Jawaharlal Nehru Port (JNPT),port,9.87
loc_3500,Karingal,fh_25,Expansion of Muthalapozhy Fishing Harbour,fishing_harbour,64.99
loc_3500,Karingal,fh_54,Maintenance Dredging of Colachel Fishing Harbour,fishing_harbour,6.32
loc_3500,Karingal,fh_61,Expansion and Modernization of Thengapattinam Fishing,fishing_harbour,11.28
loc_3515,Cuncolim,fh_20,Maintenance Dredging at Amadalli Fishing Harbour,fishing_harbour,64.24
loc_3515,Cuncolim,fh_21,Dredging work at Tadari Fishing Harbour,fishing_harbour,91.16
loc_3515,Cuncolim,port_04,Mormugao Port,port,32.85
loc_3520,Nazareth,fh_54,Maintenance Dredging of Colachel Fishing Harbour,fishing_harbour,90.03
loc_3520,Nazareth,fh_61,Expansion and Modernization of Thengapattinam Fishing,fishing_harbour,95.68
loc_3520,Nazareth,fh_62,Extension of T-Jetty at Tharuvaikulam,fishing_harbour,34.2
loc_3520,Nazareth,port_10,V.O. Chidambaranar Port,port,32.6
loc_3523,Lālpettai,fh_45,Development of Smart and Integrated Fishing Harbour at Karaikal,fishing_harbour,52.47
loc_3523,Lālpettai,fh_49,Construction of Fishing Harbour at Thengaithittu,fishing_harbour,72.56
loc_3523,Lālpettai,fh_50,Upgradation of Puducherry Fishing Harbour,fishing_harbour,76.05
loc_3523,Lālpettai,fh_52,Up-gradation of Pazhayar Fishing Harbour,fishing_harbour,31.43
loc_3523,Lālpettai,fh_55,Construction of Fishing harbour at Tharangampadi,fishing_harbour,43.99
loc_3523,Lālpettai,fh_57,Development of existing Fishing Harbour at Mudhunagar,fishing_harbour,51.63
loc_3523,Lālpettai,fh_58,Development of Fishing Harbour at Arcottuthurai,fishing_harbour,85.06
loc_3523,Lālpettai,fh_59,Construction of Fishing harbour at Azhagankuppam,fishing_harbour,90.46
loc_3523,Lālpettai,fh_60,Development of Fishing Harbour at Vellapallam,fishing_harbour,83.19
loc_3527,Kōtekāra,fh_17,Modernisation and Upgradation of Mangalore Fishing Harbour,fishing_harbour,13.18
loc_3527,Kōtekāra,fh_18,Modernisation of Malpe Fishing Harbour,fishing_harbour,64.69
loc_3527,Kōtekāra,fh_19,Modernisation of Gangoli Fishing Harbour,fishing_harbour,97.55
loc_3527,Kōtekāra,fh_22,Kulai Fishing Harbour,fishing_harbour,20.16
loc_3527,Kōtekāra,fh_23,Hejmadi Kodi Fishing Harbour,fishing_harbour,35.58
loc_3527,Kōtekāra,fh_26,Expansion of Kasaragod Fishing Harbour,fishing_harbour,34.99
loc_3527,Kōtekāra,port_03,New Mangalore Port,port,16.37
loc_3536,Chendrappini,fh_24,"Modernization and up-gradation of Cochin Fishing Harbour at Thoppumpady, Cochin",fishing_harbour,49.8
loc_3536,Chendrappini,fh_27,Upgradation and modernization of Harbour in Ponnani,fishing_harbour,50.93
loc_3536,Chendrappini,fh_31,Maintenance dredging of existing harbor in Chettuva,fishing_harbour,10.35
loc_3536,Chendrappini,fh_32,Maintenance dredging of existing harbor in Ponnani,fishing_harbour,50.93
loc_3536,Chendrappini,fh_33,Maintenance dredging of existing harbor in Beypore,fishing_harbour,97.01
loc_3536,Chendrappini,fh_35,Development of Arthungal Fishing Harbor (Balance work),fishing_harbour,77.55
loc_3536,Chendrappini,port_02,Cochin Port,port,46.04
loc_3539,Kankauli,fh_36,Development of Mallet Bunder Fishing Harbour,fishing_harbour,91.69
loc_3539,Kankauli,fh_39,Anandwadi (Fishing Harbour),fishing_harbour,34.56
loc_3539,Kankauli,port_04,Mormugao Port,port,95.78
loc_3542,Curti,fh_20,Maintenance Dredging at Amadalli Fishing Harbour,fishing_harbour,87.71
loc_3542,Curti,fh_39,Anandwadi (Fishing Harbour),fishing_harbour,92.41
loc_3542,Curti,port_04,Mormugao Port,port,22.78
loc_3544,Lochapada,fh_02,Development of Budugatlapalem Fishing Harbour,fishing_harbour,93.85
loc_3558,Kadamakudi,fh_24,"Modernization and up-gradation of Cochin Fishing Harbour at Thoppumpady, Cochin",fishing_harbour,15.15
loc_3558,Kadamakudi,fh_27,Upgradation and modernization of Harbour in Ponnani,fishing_harbour,85.74
loc_3558,Kadamakudi,fh_31,Maintenance dredging of existing harbor in Chettuva,fishing_harbour,44.48
loc_3558,Kadamakudi,fh_32,Maintenance dredging of existing harbor in Ponnani,fishing_harbour,85.74
loc_3558,Kadamakudi,fh_35,Development of Arthungal Fishing Harbor (Balance work),fishing_harbour,42.87
loc_3558,Kadamakudi,port_02,Cochin Port,port,11.39
loc_3559,Annāmalainagar,fh_45,Development of Smart and Integrated Fishing Harbour at Karaikal,fishing_harbour,54.63
loc_3559,Annāmalainagar,fh_49,Construction of Fishing Harbour at Thengaithittu,fishing_harbour,56.39
loc_3559,Annāmalainagar,fh_50,Upgradation of Puducherry Fishing Harbour,fishing_harbour,59.87
loc_3559,Annāmalainagar,fh_52,Up-gradation of Pazhayar Fishing Harbour,fishing_harbour,12.89
loc_3559,Annāmalainagar,fh_55,Construction of Fishing harbour at Tharangampadi,fishing_harbour,43.07
loc_3559,Annāmalainagar,fh_57,Development of existing Fishing Harbour at Mudhunagar,fishing_harbour,35.7
loc_3559,Annāmalainagar,fh_58,Development of Fishing Harbour at Arcottuthurai,fishing_harbour,93.42
loc_3559,Annāmalainagar,fh_59,Construction of Fishing harbour at Azhagankuppam,fishing_harbour,74.02
loc_3559,Annāmalainagar,fh_60,Development of Fishing Harbour at Vellapallam,fishing_harbour,91.23
loc_3561,Arumanai,fh_25,Expansion of Muthalapozhy Fishing Harbour,fishing_harbour,57.17
loc_3561,Arumanai,fh_54,Maintenance Dredging of Colachel Fishing Harbour,fishing_harbour,20.8
loc_3561,Arumanai,fh_61,Expansion and Modernization of Thengapattinam Fishing,fishing_harbour,14.1
loc_3566,Madukkūr,fh_45,Development of Smart and Integrated Fishing Harbour at Karaikal,fishing_harbour,68.56
loc_3566,Madukkūr,fh_55,Construction of Fishing harbour at Tharangampadi,fishing_harbour,78.42
loc_3566,Madukkūr,fh_58,Development of Fishing Harbour at Arcottuthurai,fishing_harbour,39.32
loc_3566,Madukkūr,fh_60,Development of Fishing Harbour at Vellapallam,fishing_harbour,40.93
loc_3570,Naroli,fh_44,Development of Fishing Harbour at Satpati,fishing_harbour,66.34
loc_3582,Nallavila,fh_25,Expansion of Muthalapozhy Fishing Harbour,fishing_harbour,76.02
loc_3582,Nallavila,fh_54,Maintenance Dredging of Colachel Fishing Harbour,fishing_harbour,10.77
loc_3582,Nallavila,fh_61,Expansion and Modernization of Thengapattinam Fishing,fishing_harbour,22.94
loc_3585,Kuthalam,fh_45,Development of Smart and Integrated Fishing Harbour at Karaikal,fishing_harbour,34.84
loc_3585,Kuthalam,fh_49,Construction of Fishing Harbour at Thengaithittu,fishing_harbour,96.01
loc_3585,Kuthalam,fh_50,Upgradation of Puducherry Fishing Harbour,fishing_harbour,99.52
loc_3585,Kuthalam,fh_52,Up-gradation of Pazhayar Fishing Harbour,fishing_harbour,43.1
loc_3585,Kuthalam,fh_55,Construction of Fishing harbour at Tharangampadi,fishing_harbour,31.79
loc_3585,Kuthalam,fh_57,Development of existing Fishing Harbour at Mudhunagar,fishing_harbour,74.96
loc_3585,Kuthalam,fh_58,Development of Fishing Harbour at Arcottuthurai,fishing_harbour,60.75
loc_3585,Kuthalam,fh_60,Development of Fishing Harbour at Vellapallam,fishing_harbour,59.06
loc_3586,Cherukunnu,fh_26,Expansion of Kasaragod Fishing Harbour,fishing_harbour,64.71
loc_3586,Cherukunnu,fh_28,Upgradation and modernization of Harbour in Puthiyappa,fishing_harbour,89.87
loc_3586,Cherukunnu,fh_29,Upgradation and modernization of Harbour in Koyilandy,fishing_harbour,76.4
loc_3586,Cherukunnu,fh_34,Maintenance dredging of existing harbor in Puthiyappa,fishing_harbour,89.87
loc_3587,Chengalam,fh_24,"Modernization and up-gradation of Cochin Fishing Harbour at Thoppumpady, Cochin",fishing_harbour,42.94
loc_3587,Chengalam,fh_30,Maintenance dredging of existing harbor in Kayamkulam,fishing_harbour,46.46
loc_3587,Chengalam,fh_35,Development of Arthungal Fishing Harbor (Balance work),fishing_harbour,17.44
loc_3587,Chengalam,port_02,Cochin Port,port,46.55
loc_3589,Chevvoor,fh_24,"Modernization and up-gradation of Cochin Fishing Harbour at Thoppumpady, Cochin",fishing_harbour,59.16
loc_3589,Chevvoor,fh_27,Upgradation and modernization of Harbour in Ponnani,fishing_harbour,46.12
loc_3589,Chevvoor,fh_31,Maintenance dredging of existing harbor in Chettuva,fishing_harbour,16.83
loc_3589,Chevvoor,fh_32,Maintenance dredging of existing harbor in Ponnani,fishing_harbour,46.12
loc_3589,Chevvoor,fh_33,Maintenance dredging of existing harbor in Beypore,fishing_harbour,90.3
loc_3589,Chevvoor,fh_35,Development of Arthungal Fishing Harbor (Balance work),fishing_harbour,86.67
loc_3589,Chevvoor,port_02,Cochin Port,port,55.41
loc_3596,Kandamkunnu,fh_26,Expansion of Kasaragod Fishing Harbour,fishing_harbour,95.07
loc_3596,Kandamkunnu,fh_28,Upgradation and modernization of Harbour in Puthiyappa,fishing_harbour,63.51
loc_3596,Kandamkunnu,fh_29,Upgradation and modernization of Harbour in Koyilandy,fishing_harbour,49.49
loc_3596,Kandamkunnu,fh_33,Maintenance dredging of existing harbor in Beypore,fishing_harbour,81.69
loc_3596,Kandamkunnu,fh_34,Maintenance dredging of existing harbor in Puthiyappa,fishing_harbour,63.51
loc_3597,Kudāl,fh_39,Anandwadi (Fishing Harbour),fishing_harbour,23.98
loc_3597,Kudāl,port_04,Mormugao Port,port,68.09
loc_3602,Kappiyara,fh_25,Expansion of Muthalapozhy Fishing Harbour,fishing_harbour,65.97
loc_3602,Kappiyara,fh_54,Maintenance Dredging of Colachel Fishing Harbour,fishing_harbour,7.52
loc_3602,Kappiyara,fh_61,Expansion and Modernization of Thengapattinam Fishing,fishing_harbour,12.84
loc_3605,Māliya,port_12,Deendayal Port,port,56.81
loc_3612,Boothapandi,fh_25,Expansion of Muthalapozhy Fishing Harbour,fishing_harbour,82.14
loc_3612,Boothapandi,fh_54,Maintenance Dredging of Colachel Fishing Harbour,fishing_harbour,23.59
loc_3612,Boothapandi,fh_61,Expansion and Modernization of Thengapattinam Fishing,fishing_harbour,32.62
loc_3612,Boothapandi,fh_62,Extension of T-Jetty at Tharuvaikulam,fishing_harbour,98.08
loc_3612,Boothapandi,port_10,V.O. Chidambaranar Port,port,98.55
loc_3613,Bharanikāvu Tekku,fh_24,"Modernization and up-gradation of Cochin Fishing Harbour at Thoppumpady, Cochin",fishing_harbour,88.78
loc_3613,Bharanikāvu Tekku,fh_25,Expansion of Muthalapozhy Fishing Harbour,fishing_harbour,69.35
loc_3613,Bharanikāvu Tekku,fh_30,Maintenance dredging of existing harbor in Kayamkulam,fishing_harbour,6.69
loc_3613,Bharanikāvu Tekku,fh_35,Development of Arthungal Fishing Harbor (Balance work),fishing_harbour,61.17
loc_3613,Bharanikāvu Tekku,port_02,Cochin Port,port,92.51
loc_3621,Srivaikuntam,fh_54,Maintenance Dredging of Colachel Fishing Harbour,fishing_harbour,88.38
loc_3621,Srivaikuntam,fh_61,Expansion and Modernization of Thengapattinam Fishing,fishing_harbour,92.45
loc_3621,Srivaikuntam,fh_62,Extension of T-Jetty at Tharuvaikulam,fishing_harbour,32.76
loc_3621,Srivaikuntam,port_10,V.O. Chidambaranar Port,port,33.76
loc_3626,Marattakara,fh_24,"Modernization and up-gradation of Cochin Fishing Harbour at Thoppumpady, Cochin",fishing_harbour,60.43
loc_3626,Marattakara,fh_27,Upgradation and modernization of Harbour in Ponnani,fishing_harbour,48.54
loc_3626,Marattakara,fh_31,Maintenance dredging of existing harbor in Chettuva,fishing_harbour,22.21
loc_3626,Marattakara,fh_32,Maintenance dredging of existing harbor in Ponnani,fishing_harbour,48.54
loc_3626,Marattakara,fh_33,Maintenance dredging of existing harbor in Beypore,fishing_harbour,91.5
loc_3626,Marattakara,fh_35,Development of Arthungal Fishing Harbor (Balance work),fishing_harbour,87.58
loc_3626,Marattakara,port_02,Cochin Port,port,56.73
loc_3627,Vadakkēkkād,fh_24,"Modernization and up-gradation of Cochin Fishing Harbour at Thoppumpady, Cochin",fishing_harbour,86.63
loc_3627,Vadakkēkkād,fh_27,Upgradation and modernization of Harbour in Ponnani,fishing_harbour,14.29
loc_3627,Vadakkēkkād,fh_28,Upgradation and modernization of Harbour in Puthiyappa,fishing_harbour,78.45
loc_3627,Vadakkēkkād,fh_29,Upgradation and modernization of Harbour in Koyilandy,fishing_harbour,92.46
loc_3627,Vadakkēkkād,fh_31,Maintenance dredging of existing harbor in Chettuva,fishing_harbour,27.78
loc_3627,Vadakkēkkād,fh_32,Maintenance dredging of existing harbor in Ponnani,fishing_harbour,14.29
loc_3627,Vadakkēkkād,fh_33,Maintenance dredging of existing harbor in Beypore,fishing_harbour,60.14
loc_3627,Vadakkēkkād,fh_34,Maintenance dredging of existing harbor in Puthiyappa,fishing_harbour,78.45
loc_3627,Vadakkēkkād,port_02,Cochin Port,port,82.89
loc_3631,Jodiya Bandar,port_12,Deendayal Port,port,28.91
loc_3631,Jodiya Bandar,port_13,Mundra Port,port,57.83
loc_3636,Mennānyam,fh_27,Upgradation and modernization of Harbour in Ponnani,fishing_harbour,89.56
loc_3636,Mennānyam,fh_28,Upgradation and modernization of Harbour in Puthiyappa,fishing_harbour,26.54
loc_3636,Mennānyam,fh_29,Upgradation and modernization of Harbour in Koyilandy,fishing_harbour,14.63
loc_3636,Mennānyam,fh_32,Maintenance dredging of existing harbor in Ponnani,fishing_harbour,89.56
loc_3636,Mennānyam,fh_33,Maintenance dredging of existing harbor in Beypore,fishing_harbour,43.48
loc_3636,Mennānyam,fh_34,Maintenance dredging of existing harbor in Puthiyappa,fishing_harbour,26.54
loc_3649,Dāpoli,fh_36,Development of Mallet Bunder Fishing Harbour,fishing_harbour,86.36
loc_3649,Dāpoli,fh_40,Construction of Fisheries Fishing Harbour at Jeevana,fishing_harbour,86.77
loc_3649,Dāpoli,fh_41,Construction of Fisheries Fishing Harbour at Bharadkhol,fishing_harbour,47.33
loc_3649,Dāpoli,fh_42,Construction of Fisheries Fishing Harbour at Harnai,fishing_harbour,12.39
loc_3649,Dāpoli,fh_43,Construction of Fisheries Fishing Harbour at Sakhari Nate,fishing_harbour,5.24
loc_3656,Vadakāncheri,fh_24,"Modernization and up-gradation of Cochin Fishing Harbour at Thoppumpady, Cochin",fishing_harbour,81.26
loc_3656,Vadakāncheri,fh_27,Upgradation and modernization of Harbour in Ponnani,fishing_harbour,36.67
loc_3656,Vadakāncheri,fh_28,Upgradation and modernization of Harbour in Puthiyappa,fishing_harbour,91.85
loc_3656,Vadakāncheri,fh_31,Maintenance dredging of existing harbor in Chettuva,fishing_harbour,33.62
loc_3656,Vadakāncheri,fh_32,Maintenance dredging of existing harbor in Ponnani,fishing_harbour,36.67
loc_3656,Vadakāncheri,fh_33,Maintenance dredging of existing harbor in Beypore,fishing_harbour,74.05
loc_3656,Vadakāncheri,fh_34,Maintenance dredging of existing harbor in Puthiyappa,fishing_harbour,91.85
loc_3656,Vadakāncheri,port_02,Cochin Port,port,77.55
loc_3658,Manaveli,fh_49,Construction of Fishing Harbour at Thengaithittu,fishing_harbour,1.46
loc_3658,Manaveli,fh_50,Upgradation of Puducherry Fishing Harbour,fishing_harbour,4.84
loc_3658,Manaveli,fh_52,Up-gradation of Pazhayar Fishing Harbour,fishing_harbour,60.23
loc_3658,Manaveli,fh_55,Construction of Fishing harbour at Tharangampadi,fishing_harbour,95.83
loc_3658,Manaveli,fh_57,Development of existing Fishing Harbour at Mudhunagar,fishing_harbour,19.78
loc_3658,Manaveli,fh_59,Construction of Fishing harbour at Azhagankuppam,fishing_harbour,19.24
loc_3663,Panangad,fh_24,"Modernization and up-gradation of Cochin Fishing Harbour at Thoppumpady, Cochin",fishing_harbour,39.52
loc_3663,Panangad,fh_27,Upgradation and modernization of Harbour in Ponnani,fishing_harbour,61.42
loc_3663,Panangad,fh_31,Maintenance dredging of existing harbor in Chettuva,fishing_harbour,20.62
loc_3663,Panangad,fh_32,Maintenance dredging of existing harbor in Ponnani,fishing_harbour,61.42
loc_3663,Panangad,fh_35,Development of Arthungal Fishing Harbor (Balance work),fishing_harbour,67.29
loc_3663,Panangad,port_02,Cochin Port,port,35.76
loc_3677,Haripād,fh_24,"Modernization and up-gradation of Cochin Fishing Harbour at Thoppumpady, Cochin",fishing_harbour,74.69
loc_3677,Haripād,fh_25,Expansion of Muthalapozhy Fishing Harbour,fishing_harbour,83.97
loc_3677,Haripād,fh_30,Maintenance dredging of existing harbor in Kayamkulam,fishing_harbour,12.52
loc_3677,Haripād,fh_35,Development of Arthungal Fishing Harbor (Balance work),fishing_harbour,46.92
loc_3677,Haripād,port_02,Cochin Port,port,78.46
loc_3678,Chengala,fh_17,Modernisation and Upgradation of Mangalore Fishing Harbour,fishing_harbour,51.17
loc_3678,Chengala,fh_22,Kulai Fishing Harbour,fishing_harbour,58.07
loc_3678,Chengala,fh_23,Hejmadi Kodi Fishing Harbour,fishing_harbour,73.03
loc_3678,Chengala,fh_26,Expansion of Kasaragod Fishing Harbour,fishing_harbour,6.55
loc_3678,Chengala,port_03,New Mangalore Port,port,54.28
loc_3683,Kalher,fh_37,Modernisation of Sassoon Dock Fishing Harbour,fishing_harbour,41.26
loc_3683,Kalher,fh_38,Karanja Fishing Harbour (Revised),fishing_harbour,38.12
loc_3683,Kalher,fh_40,Construction of Fisheries Fishing Harbour at Jeevana,fishing_harbour,83.57
loc_3683,Kalher,fh_44,Development of Fishing Harbour at Satpati,fishing_harbour,64.15
loc_3683,Kalher,port_00,Mumbai Port,port,39.25
loc_3683,Kalher,port_01,Jawaharlal Nehru Port (JNPT),port,33.75
loc_3685,Ponmana,fh_25,Expansion of Muthalapozhy Fishing Harbour,fishing_harbour,66.16
loc_3685,Ponmana,fh_54,Maintenance Dredging of Colachel Fishing Harbour,fishing_harbour,21.31
loc_3685,Ponmana,fh_61,Expansion and Modernization of Thengapattinam Fishing,fishing_harbour,21.33
loc_3686,Sanjan,fh_44,Development of Fishing Harbour at Satpati,fishing_harbour,53.33
loc_3707,Kanhirode,fh_26,Expansion of Kasaragod Fishing Harbour,fishing_harbour,82.71
loc_3707,Kanhirode,fh_28,Upgradation and modernization of Harbour in Puthiyappa,fishing_harbour,72.99
loc_3707,Kanhirode,fh_29,Upgradation and modernization of Harbour in Koyilandy,fishing_harbour,59.06
loc_3707,Kanhirode,fh_33,Maintenance dredging of existing harbor in Beypore,fishing_harbour,91.34
loc_3707,Kanhirode,fh_34,Maintenance dredging of existing harbor in Puthiyappa,fishing_harbour,72.99
loc_3709,Davorlim,fh_20,Maintenance Dredging at Amadalli Fishing Harbour,fishing_harbour,73.74
loc_3709,Davorlim,port_04,Mormugao Port,port,25.28
loc_3711,Penha de França,fh_39,Anandwadi (Fishing Harbour),fishing_harbour,71.93
loc_3711,Penha de França,port_04,Mormugao Port,port,12.44
loc_3715,Pappinivattom,fh_24,"Modernization and up-gradation of Cochin Fishing Harbour at Thoppumpady, Cochin",fishing_harbour,42.25
loc_3715,Pappinivattom,fh_27,Upgradation and modernization of Harbour in Ponnani,fishing_harbour,58.55
loc_3715,Pappinivattom,fh_31,Maintenance dredging of existing harbor in Chettuva,fishing_harbour,17.69
loc_3715,Pappinivattom,fh_32,Maintenance dredging of existing harbor in Ponnani,fishing_harbour,58.55
loc_3715,Pappinivattom,fh_35,Development of Arthungal Fishing Harbor (Balance work),fishing_harbour,70.02
loc_3715,Pappinivattom,port_02,Cochin Port,port,38.49
loc_3723,Villukuri,fh_25,Expansion of Muthalapozhy Fishing Harbour,fishing_harbour,77.58
loc_3723,Villukuri,fh_54,Maintenance Dredging of Colachel Fishing Harbour,fishing_harbour,14.37
loc_3723,Villukuri,fh_61,Expansion and Modernization of Thengapattinam Fishing,fishing_harbour,25.38
loc_3725,Bāntva,fh_11,3rd Stage of Mangarol Fishing Harbour,fishing_harbour,5.79
loc_3725,Bāntva,fh_12,Development of Fishery Harbour at Navabandar,fishing_harbour,49.24
loc_3725,Bāntva,fh_13,Development of Fishery harbour at Madhwad,fishing_harbour,68.83
loc_3725,Bāntva,fh_14,Development of Fishery Harbour at Veraval – Phase 2,fishing_harbour,72.16
loc_3725,Bāntva,fh_15,Development of Fishery Harbour Porbandar – Phase 2,fishing_harbour,51.04
loc_3725,Bāntva,fh_16,Development of Fishery Harbour at Sutrapada,fishing_harbour,84.34
loc_3726,Chimbel,fh_39,Anandwadi (Fishing Harbour),fishing_harbour,76.53
loc_3726,Chimbel,port_04,Mormugao Port,port,11.95
loc_3728,Srīvardhan,fh_37,Modernisation of Sassoon Dock Fishing Harbour,fishing_harbour,99.14
loc_3728,Srīvardhan,fh_38,Karanja Fishing Harbour (Revised),fishing_harbour,96.33
loc_3728,Srīvardhan,fh_40,Construction of Fisheries Fishing Harbour at Jeevana,fishing_harbour,51.29
loc_3728,Srīvardhan,fh_41,Construction of Fisheries Fishing Harbour at Bharadkhol,fishing_harbour,11.75
loc_3728,Srīvardhan,fh_42,Construction of Fisheries Fishing Harbour at Harnai,fishing_harbour,26.33
loc_3728,Srīvardhan,fh_43,Construction of Fisheries Fishing Harbour at Sakhari Nate,fishing_harbour,33.39
loc_3729,Vilattikulam,fh_62,Extension of T-Jetty at Tharuvaikulam,fishing_harbour,34.84
loc_3729,Vilattikulam,port_10,V.O. Chidambaranar Port,port,41.48
loc_3731,Thekkumkara,fh_24,"Modernization and up-gradation of Cochin Fishing Harbour at Thoppumpady, Cochin",fishing_harbour,39.62
loc_3731,Thekkumkara,fh_27,Upgradation and modernization of Harbour in Ponnani,fishing_harbour,62.48
loc_3731,Thekkumkara,fh_31,Maintenance dredging of existing harbor in Chettuva,fishing_harbour,22.73
loc_3731,Thekkumkara,fh_32,Maintenance dredging of existing harbor in Ponnani,fishing_harbour,62.48
loc_3731,Thekkumkara,fh_35,Development of Arthungal Fishing Harbor (Balance work),fishing_harbour,67.27
loc_3731,Thekkumkara,port_02,Cochin Port,port,35.86
loc_3733,Kudali,fh_26,Expansion of Kasaragod Fishing Harbour,fishing_harbour,83.11
loc_3733,Kudali,fh_28,Upgradation and modernization of Harbour in Puthiyappa,fishing_harbour,72.8
loc_3733,Kudali,fh_29,Upgradation and modernization of Harbour in Koyilandy,fishing_harbour,58.84
loc_3733,Kudali,fh_33,Maintenance dredging of existing harbor in Beypore,fishing_harbour,91.14
loc_3733,Kudali,fh_34,Maintenance dredging of existing harbor in Puthiyappa,fishing_harbour,72.8
loc_3740,Gangolli,fh_17,Modernisation and Upgradation of Mangalore Fishing Harbour,fishing_harbour,84.97
loc_3740,Gangolli,fh_18,Modernisation of Malpe Fishing Harbour,fishing_harbour,33.53
loc_3740,Gangolli,fh_19,Modernisation of Gangoli Fishing Harbour,fishing_harbour,1.0
loc_3740,Gangolli,fh_21,Dredging work at Tadari Fishing Harbour,fishing_harbour,95.56
loc_3740,Gangolli,fh_22,Kulai Fishing Harbour,fishing_harbour,78.02
loc_3740,Gangolli,fh_23,Hejmadi Kodi Fishing Harbour,fishing_harbour,62.32
loc_3740,Gangolli,port_03,New Mangalore Port,port,81.71
loc_3743,Kīlattingal,fh_25,Expansion of Muthalapozhy Fishing Harbour,fishing_harbour,10.4
loc_3743,Kīlattingal,fh_30,Maintenance dredging of existing harbor in Kayamkulam,fishing_harbour,63.05
loc_3743,Kīlattingal,fh_54,Maintenance Dredging of Colachel Fishing Harbour,fishing_harbour,75.98
loc_3743,Kīlattingal,fh_61,Expansion and Modernization of Thengapattinam Fishing,fishing_harbour,60.37
loc_3748,Mahabalipuram,fh_49,Construction of Fishing Harbour at Thengaithittu,fishing_harbour,89.84
loc_3748,Mahabalipuram,fh_50,Upgradation of Puducherry Fishing Harbour,fishing_harbour,86.37
loc_3748,Mahabalipuram,fh_53,Modernization and up-gradation of Chennai Fishing Harbour,fishing_harbour,53.43
loc_3748,Mahabalipuram,fh_56,Construction of Fishing harbour at ThiruvottriyurKuppam,fishing_harbour,62.83
loc_3748,Mahabalipuram,fh_59,Construction of Fishing harbour at Azhagankuppam,fishing_harbour,72.03
loc_3748,Mahabalipuram,port_05,Chennai Port,port,52.69
loc_3748,Mahabalipuram,port_11,Kamarajar Port,port,70.65
loc_3757,Karamuck,fh_24,"Modernization and up-gradation of Cochin Fishing Harbour at Thoppumpady, Cochin",fishing_harbour,64.23
loc_3757,Karamuck,fh_27,Upgradation and modernization of Harbour in Ponnani,fishing_harbour,37.06
loc_3757,Karamuck,fh_31,Maintenance dredging of existing harbor in Chettuva,fishing_harbour,8.64
loc_3757,Karamuck,fh_32,Maintenance dredging of existing harbor in Ponnani,fishing_harbour,37.06
loc_3757,Karamuck,fh_33,Maintenance dredging of existing harbor in Beypore,fishing_harbour,82.76
loc_3757,Karamuck,fh_35,Development of Arthungal Fishing Harbor (Balance work),fishing_harbour,92.0
loc_3757,Karamuck,port_02,Cochin Port,port,60.47
loc_3758,Shrivardhan,fh_37,Modernisation of Sassoon Dock Fishing Harbour,fishing_harbour,98.06
loc_3758,Shrivardhan,fh_38,Karanja Fishing Harbour (Revised),fishing_harbour,95.43
loc_3758,Shrivardhan,fh_40,Construction of Fisheries Fishing Harbour at Jeevana,fishing_harbour,50.25
loc_3758,Shrivardhan,fh_41,Construction of Fisheries Fishing Harbour at Bharadkhol,fishing_harbour,10.03
loc_3758,Shrivardhan,fh_42,Construction of Fisheries Fishing Harbour at Harnai,fishing_harbour,27.58
loc_3758,Shrivardhan,fh_43,Construction of Fisheries Fishing Harbour at Sakhari Nate,fishing_harbour,34.75
loc_3758,Shrivardhan,port_00,Mumbai Port,port,99.09
loc_3758,Shrivardhan,port_01,Jawaharlal Nehru Port (JNPT),port,99.87
loc_3759,Saligram,fh_17,Modernisation and Upgradation of Mangalore Fishing Harbour,fishing_harbour,67.68
loc_3759,Saligram,fh_18,Modernisation of Malpe Fishing Harbour,fishing_harbour,16.61
loc_3759,Saligram,fh_19,Modernisation of Gangoli Fishing Harbour,fishing_harbour,17.08
loc_3759,Saligram,fh_22,Kulai Fishing Harbour,fishing_harbour,60.74
loc_3759,Saligram,fh_23,Hejmadi Kodi Fishing Harbour,fishing_harbour,45.03
loc_3759,Saligram,port_03,New Mangalore Port,port,64.42
loc_3763,Kizhariyūr,fh_27,Upgradation and modernization of Harbour in Ponnani,fishing_harbour,85.42
loc_3763,Kizhariyūr,fh_28,Upgradation and modernization of Harbour in Puthiyappa,fishing_harbour,20.84
loc_3763,Kizhariyūr,fh_29,Upgradation and modernization of Harbour in Koyilandy,fishing_harbour,6.81
loc_3763,Kizhariyūr,fh_32,Maintenance dredging of existing harbor in Ponnani,fishing_harbour,85.42
loc_3763,Kizhariyūr,fh_33,Maintenance dredging of existing harbor in Beypore,fishing_harbour,39.12
loc_3763,Kizhariyūr,fh_34,Maintenance dredging of existing harbor in Puthiyappa,fishing_harbour,20.84
loc_3771,Ālūr,fh_25,Expansion of Muthalapozhy Fishing Harbour,fishing_harbour,78.6
loc_3771,Ālūr,fh_54,Maintenance Dredging of Colachel Fishing Harbour,fishing_harbour,12.66
loc_3771,Ālūr,fh_61,Expansion and Modernization of Thengapattinam Fishing,fishing_harbour,25.48
loc_3781,Vagator,fh_39,Anandwadi (Fishing Harbour),fishing_harbour,59.23
loc_3781,Vagator,port_04,Mormugao Port,port,21.89
loc_3783,Chingoli,fh_24,"Modernization and up-gradation of Cochin Fishing Harbour at Thoppumpady, Cochin",fishing_harbour,78.16
loc_3783,Chingoli,fh_25,Expansion of Muthalapozhy Fishing Harbour,fishing_harbour,80.8
loc_3783,Chingoli,fh_30,Maintenance dredging of existing harbor in Kayamkulam,fishing_harbour,9.43
loc_3783,Chingoli,fh_35,Development of Arthungal Fishing Harbor (Balance work),fishing_harbour,50.41
loc_3783,Chingoli,port_02,Cochin Port,port,81.93
loc_3784,Perole,fh_17,Modernisation and Upgradation of Mangalore Fishing Harbour,fishing_harbour,79.42
loc_3784,Perole,fh_22,Kulai Fishing Harbour,fishing_harbour,86.38
loc_3784,Perole,fh_26,Expansion of Kasaragod Fishing Harbour,fishing_harbour,31.48
loc_3784,Perole,port_03,New Mangalore Port,port,82.58
loc_3790,Chowwara,fh_24,"Modernization and up-gradation of Cochin Fishing Harbour at Thoppumpady, Cochin",fishing_harbour,25.39
loc_3790,Chowwara,fh_27,Upgradation and modernization of Harbour in Ponnani,fishing_harbour,87.23
loc_3790,Chowwara,fh_31,Maintenance dredging of existing harbor in Chettuva,fishing_harbour,48.39
loc_3790,Chowwara,fh_32,Maintenance dredging of existing harbor in Ponnani,fishing_harbour,87.23
loc_3790,Chowwara,fh_35,Development of Arthungal Fishing Harbor (Balance work),fishing_harbour,48.87
loc_3790,Chowwara,port_02,Cochin Port,port,22.77
loc_3793,Kunnumma,fh_24,"Modernization and up-gradation of Cochin Fishing Harbour at Thoppumpady, Cochin",fishing_harbour,65.66
loc_3793,Kunnumma,fh_25,Expansion of Muthalapozhy Fishing Harbour,fishing_harbour,93.28
loc_3793,Kunnumma,fh_30,Maintenance dredging of existing harbor in Kayamkulam,fishing_harbour,21.83
loc_3793,Kunnumma,fh_35,Development of Arthungal Fishing Harbor (Balance work),fishing_harbour,37.92
loc_3793,Kunnumma,port_02,Cochin Port,port,69.43
loc_3798,Shelar,fh_37,Modernisation of Sassoon Dock Fishing Harbour,fishing_harbour,51.22
loc_3798,Shelar,fh_38,Karanja Fishing Harbour (Revised),fishing_harbour,47.47
loc_3798,Shelar,fh_40,Construction of Fisheries Fishing Harbour at Jeevana,fishing_harbour,92.56
loc_3798,Shelar,fh_44,Development of Fishing Harbour at Satpati,fishing_harbour,60.89
loc_3798,Shelar,port_00,Mumbai Port,port,49.19
loc_3798,Shelar,port_01,Jawaharlal Nehru Port (JNPT),port,43.19
loc_3817,Sayalgudi,fh_62,Extension of T-Jetty at Tharuvaikulam,fishing_harbour,51.43
loc_3817,Sayalgudi,port_10,V.O. Chidambaranar Port,port,53.55
loc_3818,Quepem,fh_20,Maintenance Dredging at Amadalli Fishing Harbour,fishing_harbour,64.17
loc_3818,Quepem,fh_21,Dredging work at Tadari Fishing Harbour,fishing_harbour,90.33
loc_3818,Quepem,port_04,Mormugao Port,port,36.52
loc_3820,Mudukulathur,fh_62,Extension of T-Jetty at Tharuvaikulam,fishing_harbour,71.07
loc_3820,Mudukulathur,port_10,V.O. Chidambaranar Port,port,73.81
loc_3836,Kumārapuram,fh_25,Expansion of Muthalapozhy Fishing Harbour,fishing_harbour,68.69
loc_3836,Kumārapuram,fh_54,Maintenance Dredging of Colachel Fishing Harbour,fishing_harbour,14.74
loc_3836,Kumārapuram,fh_61,Expansion and Modernization of Thengapattinam Fishing,fishing_harbour,18.91
loc_3846,Bhalpara,fh_11,3rd Stage of Mangarol Fishing Harbour,fishing_harbour,72.88
loc_3846,Bhalpara,fh_13,Development of Fishery harbour at Madhwad,fishing_harbour,12.09
loc_3846,Bhalpara,fh_14,Development of Fishery Harbour at Veraval – Phase 2,fishing_harbour,2.33
loc_3846,Bhalpara,fh_16,Development of Fishery Harbour at Sutrapada,fishing_harbour,13.41
loc_3846,Bhalpara,fh_46,Development of Smart and Integrated Fishing Harbour at Vanakbara,fishing_harbour,66.64
loc_3847,Mānantheri,fh_26,Expansion of Kasaragod Fishing Harbour,fishing_harbour,99.52
loc_3847,Mānantheri,fh_28,Upgradation and modernization of Harbour in Puthiyappa,fishing_harbour,59.64
loc_3847,Mānantheri,fh_29,Upgradation and modernization of Harbour in Koyilandy,fishing_harbour,45.65
loc_3847,Mānantheri,fh_33,Maintenance dredging of existing harbor in Beypore,fishing_harbour,77.73
loc_3847,Mānantheri,fh_34,Maintenance dredging of existing harbor in Puthiyappa,fishing_harbour,59.64
loc_3850,Kandānisshēri,fh_24,"Modernization and up-gradation of Cochin Fishing Harbour at Thoppumpady, Cochin",fishing_harbour,77.24
loc_3850,Kandānisshēri,fh_27,Upgradation and modernization of Harbour in Ponnani,fishing_harbour,24.9
loc_3850,Kandānisshēri,fh_28,Upgradation and modernization of Harbour in Puthiyappa,fishing_harbour,88.27
loc_3850,Kandānisshēri,fh_31,Maintenance dredging of existing harbor in Chettuva,fishing_harbour,19.85
loc_3850,Kandānisshēri,fh_32,Maintenance dredging of existing harbor in Ponnani,fishing_harbour,24.9
loc_3850,Kandānisshēri,fh_33,Maintenance dredging of existing harbor in Beypore,fishing_harbour,69.93
loc_3850,Kandānisshēri,fh_34,Maintenance dredging of existing harbor in Puthiyappa,fishing_harbour,88.27
loc_3850,Kandānisshēri,port_02,Cochin Port,port,73.48
loc_3855,Karambakkudi,fh_45,Development of Smart and Integrated Fishing Harbour at Karaikal,fishing_harbour,92.0
loc_3855,Karambakkudi,fh_58,Development of Fishing Harbour at Arcottuthurai,fishing_harbour,67.53
loc_3855,Karambakkudi,fh_60,Development of Fishing Harbour at Vellapallam,fishing_harbour,69.0
loc_3862,Chandāpuram,fh_25,Expansion of Muthalapozhy Fishing Harbour,fishing_harbour,80.91
loc_3862,Chandāpuram,fh_54,Maintenance Dredging of Colachel Fishing Harbour,fishing_harbour,12.84
loc_3862,Chandāpuram,fh_61,Expansion and Modernization of Thengapattinam Fishing,fishing_harbour,27.21
loc_3863,Thazhakara,fh_24,"Modernization and up-gradation of Cochin Fishing Harbour at Thoppumpady, Cochin",fishing_harbour,82.32
loc_3863,Thazhakara,fh_25,Expansion of Muthalapozhy Fishing Harbour,fishing_harbour,75.98
loc_3863,Thazhakara,fh_30,Maintenance dredging of existing harbor in Kayamkulam,fishing_harbour,10.76
loc_3863,Thazhakara,fh_35,Development of Arthungal Fishing Harbor (Balance work),fishing_harbour,54.9
loc_3863,Thazhakara,port_02,Cochin Port,port,86.03
loc_3879,Tengampudūr,fh_25,Expansion of Muthalapozhy Fishing Harbour,fishing_harbour,91.98
loc_3879,Tengampudūr,fh_54,Maintenance Dredging of Colachel Fishing Harbour,fishing_harbour,23.97
loc_3879,Tengampudūr,fh_61,Expansion and Modernization of Thengapattinam Fishing,fishing_harbour,38.49
loc_3897,Garacharma,port_14,Port Blair Port,port,7.79
loc_3904,Alapakam,fh_53,Modernization and up-gradation of Chennai Fishing Harbour,fishing_harbour,29.86
loc_3904,Alapakam,fh_56,Construction of Fishing harbour at ThiruvottriyurKuppam,fishing_harbour,38.74
loc_3904,Alapakam,fh_59,Construction of Fishing harbour at Azhagankuppam,fishing_harbour,97.19
loc_3904,Alapakam,port_05,Chennai Port,port,28.93
loc_3904,Alapakam,port_11,Kamarajar Port,port,45.73
loc_3905,Brahmakulam,fh_24,"Modernization and up-gradation of Cochin Fishing Harbour at Thoppumpady, Cochin",fishing_harbour,75.69
loc_3905,Brahmakulam,fh_27,Upgradation and modernization of Harbour in Ponnani,fishing_harbour,25.91
loc_3905,Brahmakulam,fh_28,Upgradation and modernization of Harbour in Puthiyappa,fishing_harbour,89.65
loc_3905,Brahmakulam,fh_31,Maintenance dredging of existing harbor in Chettuva,fishing_harbour,17.98
loc_3905,Brahmakulam,fh_32,Maintenance dredging of existing harbor in Ponnani,fishing_harbour,25.91
loc_3905,Brahmakulam,fh_33,Maintenance dredging of existing harbor in Beypore,fishing_harbour,71.3
loc_3905,Brahmakulam,fh_34,Maintenance dredging of existing harbor in Puthiyappa,fishing_harbour,89.65
loc_3905,Brahmakulam,port_02,Cochin Port,port,71.93
loc_3907,Lānja,fh_36,Development of Mallet Bunder Fishing Harbour,fishing_harbour,30.22
loc_3907,Lānja,fh_39,Anandwadi (Fishing Harbour),fishing_harbour,89.46
loc_3910,Chinchani,fh_44,Development of Fishing Harbour at Satpati,fishing_harbour,16.09
loc_3914,Pallikere,fh_17,Modernisation and Upgradation of Mangalore Fishing Harbour,fishing_harbour,59.88
loc_3914,Pallikere,fh_22,Kulai Fishing Harbour,fishing_harbour,66.87
loc_3914,Pallikere,fh_23,Hejmadi Kodi Fishing Harbour,fishing_harbour,82.15
loc_3914,Pallikere,fh_26,Expansion of Kasaragod Fishing Harbour,fishing_harbour,11.77
loc_3914,Pallikere,port_03,New Mangalore Port,port,63.07
loc_3916,Kurumpilavu,fh_24,"Modernization and up-gradation of Cochin Fishing Harbour at Thoppumpady, Cochin",fishing_harbour,54.63
loc_3916,Kurumpilavu,fh_27,Upgradation and modernization of Harbour in Ponnani,fishing_harbour,47.66
loc_3916,Kurumpilavu,fh_31,Maintenance dredging of existing harbor in Chettuva,fishing_harbour,11.88
loc_3916,Kurumpilavu,fh_32,Maintenance dredging of existing harbor in Ponnani,fishing_harbour,47.66
loc_3916,Kurumpilavu,fh_33,Maintenance dredging of existing harbor in Beypore,fishing_harbour,93.02
loc_3916,Kurumpilavu,fh_35,Development of Arthungal Fishing Harbor (Balance work),fishing_harbour,82.35
loc_3916,Kurumpilavu,port_02,Cochin Port,port,50.86
loc_3917,Valayam,fh_28,Upgradation and modernization of Harbour in Puthiyappa,fishing_harbour,46.17
loc_3917,Valayam,fh_29,Upgradation and modernization of Harbour in Koyilandy,fishing_harbour,32.23
loc_3917,Valayam,fh_33,Maintenance dredging of existing harbor in Beypore,fishing_harbour,64.22
loc_3917,Valayam,fh_34,Maintenance dredging of existing harbor in Puthiyappa,fishing_harbour,46.17
loc_3919,Chammanād,fh_17,Modernisation and Upgradation of Mangalore Fishing Harbour,fishing_harbour,50.91
loc_3919,Chammanād,fh_22,Kulai Fishing Harbour,fishing_harbour,57.89
loc_3919,Chammanād,fh_23,Hejmadi Kodi Fishing Harbour,fishing_harbour,73.19
loc_3919,Chammanād,fh_26,Expansion of Kasaragod Fishing Harbour,fishing_harbour,2.89
loc_3919,Chammanād,port_03,New Mangalore Port,port,54.1
loc_3920,Kottavalasa,fh_01,Development of Pudimadaka Fishing Harbour,fishing_harbour,50.5
loc_3920,Kottavalasa,fh_04,Modernization and up-gradation of Vishakapatnam Fishing Harbour,fishing_harbour,24.64
loc_3920,Kottavalasa,port_06,Visakhapatnam Port,port,23.7
loc_3921,Vilavūr,fh_25,Expansion of Muthalapozhy Fishing Harbour,fishing_harbour,68.62
loc_3921,Vilavūr,fh_54,Maintenance Dredging of Colachel Fishing Harbour,fishing_harbour,11.42
loc_3921,Vilavūr,fh_61,Expansion and Modernization of Thengapattinam Fishing,fishing_harbour,17.14
loc_3922,Taloje,fh_37,Modernisation of Sassoon Dock Fishing Harbour,fishing_harbour,33.69
loc_3922,Taloje,fh_38,Karanja Fishing Harbour (Revised),fishing_harbour,24.99
loc_3922,Taloje,fh_40,Construction of Fisheries Fishing Harbour at Jeevana,fishing_harbour,67.48
loc_3922,Taloje,fh_44,Development of Fishing Harbour at Satpati,fishing_harbour,84.03
loc_3922,Taloje,port_00,Mumbai Port,port,31.49
loc_3922,Taloje,port_01,Jawaharlal Nehru Port (JNPT),port,21.69
loc_3946,Rāzole,fh_06,"Construction of Fishing Harbour, Uppada",fishing_harbour,85.75
loc_3946,Rāzole,fh_08,"Construction of Fishing Harbour, Machilipattinam",fishing_harbour,82.52
loc_3948,Sathankulam,fh_54,Maintenance Dredging of Colachel Fishing Harbour,fishing_harbour,78.59
loc_3948,Sathankulam,fh_61,Expansion and Modernization of Thengapattinam Fishing,fishing_harbour,85.9
loc_3948,Sathankulam,fh_62,Extension of T-Jetty at Tharuvaikulam,fishing_harbour,48.89
loc_3948,Sathankulam,port_10,V.O. Chidambaranar Port,port,46.66
loc_3952,Thurayur,fh_27,Upgradation and modernization of Harbour in Ponnani,fishing_harbour,88.9
loc_3952,Thurayur,fh_28,Upgradation and modernization of Harbour in Puthiyappa,fishing_harbour,24.33
loc_3952,Thurayur,fh_29,Upgradation and modernization of Harbour in Koyilandy,fishing_harbour,10.29
loc_3952,Thurayur,fh_32,Maintenance dredging of existing harbor in Ponnani,fishing_harbour,88.9
loc_3952,Thurayur,fh_33,Maintenance dredging of existing harbor in Beypore,fishing_harbour,42.6
loc_3952,Thurayur,fh_34,Maintenance dredging of existing harbor in Puthiyappa,fishing_harbour,24.33
loc_3955,Madayikonam,fh_24,"Modernization and up-gradation of Cochin Fishing Harbour at Thoppumpady, Cochin",fishing_harbour,49.34
loc_3955,Madayikonam,fh_27,Upgradation and modernization of Harbour in Ponnani,fishing_harbour,54.82
loc_3955,Madayikonam,fh_31,Maintenance dredging of existing harbor in Chettuva,fishing_harbour,18.87
loc_3955,Madayikonam,fh_32,Maintenance dredging of existing harbor in Ponnani,fishing_harbour,54.82
loc_3955,Madayikonam,fh_33,Maintenance dredging of existing harbor in Beypore,fishing_harbour,99.71
loc_3955,Madayikonam,fh_35,Development of Arthungal Fishing Harbor (Balance work),fishing_harbour,76.82
loc_3955,Madayikonam,port_02,Cochin Port,port,45.6
loc_3969,Tikkanbankad,fh_25,Expansion of Muthalapozhy Fishing Harbour,fishing_harbour,68.67
loc_3969,Tikkanbankad,fh_54,Maintenance Dredging of Colachel Fishing Harbour,fishing_harbour,5.29
loc_3969,Tikkanbankad,fh_61,Expansion and Modernization of Thengapattinam Fishing,fishing_harbour,15.05
loc_3971,Calapor,fh_20,Maintenance Dredging at Amadalli Fishing Harbour,fishing_harbour,99.85
loc_3971,Calapor,fh_39,Anandwadi (Fishing Harbour),fishing_harbour,77.52
loc_3971,Calapor,port_04,Mormugao Port,port,7.64
loc_3975,Pazhanji,fh_24,"Modernization and up-gradation of Cochin Fishing Harbour at Thoppumpady, Cochin",fishing_harbour,87.59
loc_3975,Pazhanji,fh_27,Upgradation and modernization of Harbour in Ponnani,fishing_harbour,16.23
loc_3975,Pazhanji,fh_28,Upgradation and modernization of Harbour in Puthiyappa,fishing_harbour,78.12
loc_3975,Pazhanji,fh_29,Upgradation and modernization of Harbour in Koyilandy,fishing_harbour,92.05
loc_3975,Pazhanji,fh_31,Maintenance dredging of existing harbor in Chettuva,fishing_harbour,29.84
loc_3975,Pazhanji,fh_32,Maintenance dredging of existing harbor in Ponnani,fishing_harbour,16.23
loc_3975,Pazhanji,fh_33,Maintenance dredging of existing harbor in Beypore,fishing_harbour,59.78
loc_3975,Pazhanji,fh_34,Maintenance dredging of existing harbor in Puthiyappa,fishing_harbour,78.12
loc_3975,Pazhanji,port_02,Cochin Port,port,83.82
loc_3976,Orumanayūr,fh_24,"Modernization and up-gradation of Cochin Fishing Harbour at Thoppumpady, Cochin",fishing_harbour,75.9
loc_3976,Orumanayūr,fh_27,Upgradation and modernization of Harbour in Ponnani,fishing_harbour,24.73
loc_3976,Orumanayūr,fh_28,Upgradation and modernization of Harbour in Puthiyappa,fishing_harbour,89.16
loc_3976,Orumanayūr,fh_31,Maintenance dredging of existing harbor in Chettuva,fishing_harbour,17.03
loc_3976,Orumanayūr,fh_32,Maintenance dredging of existing harbor in Ponnani,fishing_harbour,24.73
loc_3976,Orumanayūr,fh_33,Maintenance dredging of existing harbor in Beypore,fishing_harbour,70.87
loc_3976,Orumanayūr,fh_34,Maintenance dredging of existing harbor in Puthiyappa,fishing_harbour,89.16
loc_3976,Orumanayūr,port_02,Cochin Port,port,72.16
loc_3977,Pedappai,fh_53,Modernization and up-gradation of Chennai Fishing Harbour,fishing_harbour,37.75
loc_3977,Pedappai,fh_56,Construction of Fishing harbour at ThiruvottriyurKuppam,fishing_harbour,45.99
loc_3977,Pedappai,fh_59,Construction of Fishing harbour at Azhagankuppam,fishing_harbour,94.16
loc_3977,Pedappai,port_05,Chennai Port,port,36.81
loc_3977,Pedappai,port_11,Kamarajar Port,port,52.35
loc_3985,Kozhukkallur,fh_27,Upgradation and modernization of Harbour in Ponnani,fishing_harbour,86.26
loc_3985,Kozhukkallur,fh_28,Upgradation and modernization of Harbour in Puthiyappa,fishing_harbour,21.92
loc_3985,Kozhukkallur,fh_29,Upgradation and modernization of Harbour in Koyilandy,fishing_harbour,8.34
loc_3985,Kozhukkallur,fh_32,Maintenance dredging of existing harbor in Ponnani,fishing_harbour,86.26
loc_3985,Kozhukkallur,fh_33,Maintenance dredging of existing harbor in Beypore,fishing_harbour,39.9
loc_3985,Kozhukkallur,fh_34,Maintenance dredging of existing harbor in Puthiyappa,fishing_harbour,21.92
loc_3988,Avinissery,fh_24,"Modernization and up-gradation of Cochin Fishing Harbour at Thoppumpady, Cochin",fishing_harbour,60.2
loc_3988,Avinissery,fh_27,Upgradation and modernization of Harbour in Ponnani,fishing_harbour,46.78
loc_3988,Avinissery,fh_31,Maintenance dredging of existing harbor in Chettuva,fishing_harbour,19.41
loc_3988,Avinissery,fh_32,Maintenance dredging of existing harbor in Ponnani,fishing_harbour,46.78
loc_3988,Avinissery,fh_33,Maintenance dredging of existing harbor in Beypore,fishing_harbour,90.36
loc_3988,Avinissery,fh_35,Development of Arthungal Fishing Harbor (Balance work),fishing_harbour,87.56
loc_3988,Avinissery,port_02,Cochin Port,port,56.47
loc_4002,Meppāyyūr,fh_27,Upgradation and modernization of Harbour in Ponnani,fishing_harbour,88.1
loc_4002,Meppāyyūr,fh_28,Upgradation and modernization of Harbour in Puthiyappa,fishing_harbour,24.34
loc_4002,Meppāyyūr,fh_29,Upgradation and modernization of Harbour in Koyilandy,fishing_harbour,11.64
loc_4002,Meppāyyūr,fh_32,Maintenance dredging of existing harbor in Ponnani,fishing_harbour,88.1
loc_4002,Meppāyyūr,fh_33,Maintenance dredging of existing harbor in Beypore,fishing_harbour,41.82
loc_4002,Meppāyyūr,fh_34,Maintenance dredging of existing harbor in Puthiyappa,fishing_harbour,24.34
loc_4029,Irikkūr,fh_26,Expansion of Kasaragod Fishing Harbour,fishing_harbour,83.44
loc_4029,Irikkūr,fh_28,Upgradation and modernization of Harbour in Puthiyappa,fishing_harbour,76.96
loc_4029,Irikkūr,fh_29,Upgradation and modernization of Harbour in Koyilandy,fishing_harbour,62.94
loc_4029,Irikkūr,fh_33,Maintenance dredging of existing harbor in Beypore,fishing_harbour,95.12
loc_4029,Irikkūr,fh_34,Maintenance dredging of existing harbor in Puthiyappa,fishing_harbour,76.96
loc_4039,Solap,fh_63,Modernisation and upgradation of existing fishing harbour at Petuaghat,fishing_harbour,47.57
loc_4039,Solap,fh_64,Modernisation and upgradation of existing fishing harbour at Shankarpur,fishing_harbour,79.45
loc_4039,Solap,fh_65,Modernisation and upgradation of existing fishing harbour at Frasergunj,fishing_harbour,64.0
loc_4039,Solap,fh_66,Modernisation and upgradation of existing fishing harbour at Kakdwip,fishing_harbour,27.64
loc_4039,Solap,port_08,Kolkata Port,port,50.54
loc_4039,Solap,port_09,Syama Prasad Mookerjee Port Haldia,port,14.88
loc_4052,Kannadiparamba,fh_26,Expansion of Kasaragod Fishing Harbour,fishing_harbour,77.01
loc_4052,Kannadiparamba,fh_28,Upgradation and modernization of Harbour in Puthiyappa,fishing_harbour,77.83
loc_4052,Kannadiparamba,fh_29,Upgradation and modernization of Harbour in Koyilandy,fishing_harbour,64.05
loc_4052,Kannadiparamba,fh_33,Maintenance dredging of existing harbor in Beypore,fishing_harbour,96.14
loc_4052,Kannadiparamba,fh_34,Maintenance dredging of existing harbor in Puthiyappa,fishing_harbour,77.83
loc_4055,Vengavasal,fh_53,Modernization and up-gradation of Chennai Fishing Harbour,fishing_harbour,25.53
loc_4055,Vengavasal,fh_56,Construction of Fishing harbour at ThiruvottriyurKuppam,fishing_harbour,34.81
loc_4055,Vengavasal,fh_59,Construction of Fishing harbour at Azhagankuppam,fishing_harbour,99.49
loc_4055,Vengavasal,port_05,Chennai Port,port,24.64
loc_4055,Vengavasal,port_11,Kamarajar Port,port,42.19
loc_4056,Tirupporūr,fh_50,Upgradation of Puducherry Fishing Harbour,fishing_harbour,96.74
loc_4056,Tirupporūr,fh_53,Modernization and up-gradation of Chennai Fishing Harbour,fishing_harbour,42.22
loc_4056,Tirupporūr,fh_56,Construction of Fishing harbour at ThiruvottriyurKuppam,fishing_harbour,51.67
loc_4056,Tirupporūr,fh_59,Construction of Fishing harbour at Azhagankuppam,fishing_harbour,82.33
loc_4056,Tirupporūr,port_05,Chennai Port,port,41.44
loc_4056,Tirupporūr,port_11,Kamarajar Port,port,59.44
loc_4057,Karikād,fh_24,"Modernization and up-gradation of Cochin Fishing Harbour at Thoppumpady, Cochin",fishing_harbour,88.56
loc_4057,Karikād,fh_27,Upgradation and modernization of Harbour in Ponnani,fishing_harbour,16.9
loc_4057,Karikād,fh_28,Upgradation and modernization of Harbour in Puthiyappa,fishing_harbour,77.56
loc_4057,Karikād,fh_29,Upgradation and modernization of Harbour in Koyilandy,fishing_harbour,91.44
loc_4057,Karikād,fh_31,Maintenance dredging of existing harbor in Chettuva,fishing_harbour,31.28
loc_4057,Karikād,fh_32,Maintenance dredging of existing harbor in Ponnani,fishing_harbour,16.9
loc_4057,Karikād,fh_33,Maintenance dredging of existing harbor in Beypore,fishing_harbour,59.25
loc_4057,Karikād,fh_34,Maintenance dredging of existing harbor in Puthiyappa,fishing_harbour,77.56
loc_4057,Karikād,port_02,Cochin Port,port,84.79
loc_4058,Sanquelim,fh_39,Anandwadi (Fishing Harbour),fishing_harbour,79.7
loc_4058,Sanquelim,port_04,Mormugao Port,port,27.81
loc_4065,Kunjatturu,fh_17,Modernisation and Upgradation of Mangalore Fishing Harbour,fishing_harbour,18.55
loc_4065,Kunjatturu,fh_18,Modernisation of Malpe Fishing Harbour,fishing_harbour,70.08
loc_4065,Kunjatturu,fh_22,Kulai Fishing Harbour,fishing_harbour,25.54
loc_4065,Kunjatturu,fh_23,Hejmadi Kodi Fishing Harbour,fishing_harbour,40.97
loc_4065,Kunjatturu,fh_26,Expansion of Kasaragod Fishing Harbour,fishing_harbour,29.61
loc_4065,Kunjatturu,port_03,New Mangalore Port,port,21.75
loc_4070,Killai,fh_45,Development of Smart and Integrated Fishing Harbour at Karaikal,fishing_harbour,59.39
loc_4070,Killai,fh_49,Construction of Fishing Harbour at Thengaithittu,fishing_harbour,50.45
loc_4070,Killai,fh_50,Upgradation of Puducherry Fishing Harbour,fishing_harbour,53.89
loc_4070,Killai,fh_52,Up-gradation of Pazhayar Fishing Harbour,fishing_harbour,13.62
loc_4070,Killai,fh_55,Construction of Fishing harbour at Tharangampadi,fishing_harbour,47.5
loc_4070,Killai,fh_57,Development of existing Fishing Harbour at Mudhunagar,fishing_harbour,30.11
loc_4070,Killai,fh_58,Development of Fishing Harbour at Arcottuthurai,fishing_harbour,98.9
loc_4070,Killai,fh_59,Construction of Fishing harbour at Azhagankuppam,fishing_harbour,67.92
loc_4070,Killai,fh_60,Development of Fishing Harbour at Vellapallam,fishing_harbour,96.66
loc_4074,Mahābaleshwar,fh_36,Development of Mallet Bunder Fishing Harbour,fishing_harbour,64.26
loc_4074,Mahābaleshwar,fh_41,Construction of Fisheries Fishing Harbour at Bharadkhol,fishing_harbour,78.66
loc_4074,Mahābaleshwar,fh_42,Construction of Fisheries Fishing Harbour at Harnai,fishing_harbour,43.75
loc_4074,Mahābaleshwar,fh_43,Construction of Fisheries Fishing Harbour at Sakhari Nate,fishing_harbour,36.11
loc_4079,Tingalāchi,fh_25,Expansion of Muthalapozhy Fishing Harbour,fishing_harbour,72.7
loc_4079,Tingalāchi,fh_54,Maintenance Dredging of Colachel Fishing Harbour,fishing_harbour,6.34
loc_4079,Tingalāchi,fh_61,Expansion and Modernization of Thengapattinam Fishing,fishing_harbour,19.05
loc_4080,Singapperumālkovil,fh_49,Construction of Fishing Harbour at Thengaithittu,fishing_harbour,97.72
loc_4080,Singapperumālkovil,fh_50,Upgradation of Puducherry Fishing Harbour,fishing_harbour,94.23
loc_4080,Singapperumālkovil,fh_53,Modernization and up-gradation of Chennai Fishing Harbour,fishing_harbour,48.54
loc_4080,Singapperumālkovil,fh_56,Construction of Fishing harbour at ThiruvottriyurKuppam,fishing_harbour,57.49
loc_4080,Singapperumālkovil,fh_59,Construction of Fishing harbour at Azhagankuppam,fishing_harbour,80.1
loc_4080,Singapperumālkovil,port_05,Chennai Port,port,47.61
loc_4080,Singapperumālkovil,port_11,Kamarajar Port,port,64.44
loc_4085,Pudu,fh_17,Modernisation and Upgradation of Mangalore Fishing Harbour,fishing_harbour,16.39
loc_4085,Pudu,fh_18,Modernisation of Malpe Fishing Harbour,fishing_harbour,61.04
loc_4085,Pudu,fh_19,Modernisation of Gangoli Fishing Harbour,fishing_harbour,92.48
loc_4085,Pudu,fh_22,Kulai Fishing Harbour,fishing_harbour,20.89
loc_4085,Pudu,fh_23,Hejmadi Kodi Fishing Harbour,fishing_harbour,32.94
loc_4085,Pudu,fh_26,Expansion of Kasaragod Fishing Harbour,fishing_harbour,40.85
loc_4085,Pudu,port_03,New Mangalore Port,port,17.97
loc_4095,Karuvellūr,fh_17,Modernisation and Upgradation of Mangalore Fishing Harbour,fishing_harbour,90.11
loc_4095,Karuvellūr,fh_22,Kulai Fishing Harbour,fishing_harbour,97.05
loc_4095,Karuvellūr,fh_26,Expansion of Kasaragod Fishing Harbour,fishing_harbour,42.24
loc_4095,Karuvellūr,fh_29,Upgradation and modernization of Harbour in Koyilandy,fishing_harbour,98.7
loc_4095,Karuvellūr,port_03,New Mangalore Port,port,93.26
loc_4101,Shaktinagar,fh_11,3rd Stage of Mangarol Fishing Harbour,fishing_harbour,89.29
loc_4101,Shaktinagar,fh_12,Development of Fishery Harbour at Navabandar,fishing_harbour,78.03
loc_4101,Shaktinagar,fh_15,Development of Fishery Harbour Porbandar – Phase 2,fishing_harbour,62.43
loc_4101,Shaktinagar,port_13,Mundra Port,port,60.41
loc_4112,Kureekkad,fh_24,"Modernization and up-gradation of Cochin Fishing Harbour at Thoppumpady, Cochin",fishing_harbour,11.45
loc_4112,Kureekkad,fh_30,Maintenance dredging of existing harbor in Kayamkulam,fishing_harbour,84.5
loc_4112,Kureekkad,fh_31,Maintenance dredging of existing harbor in Chettuva,fishing_harbour,64.47
loc_4112,Kureekkad,fh_35,Development of Arthungal Fishing Harbor (Balance work),fishing_harbour,26.93
loc_4112,Kureekkad,port_02,Cochin Port,port,12.82
loc_4114,Manapakkam,fh_53,Modernization and up-gradation of Chennai Fishing Harbour,fishing_harbour,15.76
loc_4114,Manapakkam,fh_56,Construction of Fishing harbour at ThiruvottriyurKuppam,fishing_harbour,23.92
loc_4114,Manapakkam,port_05,Chennai Port,port,14.83
loc_4114,Manapakkam,port_11,Kamarajar Port,port,30.6
loc_4115,Kumaragiri,fh_62,Extension of T-Jetty at Tharuvaikulam,fishing_harbour,12.74
loc_4115,Kumaragiri,port_10,V.O. Chidambaranar Port,port,15.23
loc_4120,Mandākād,fh_25,Expansion of Muthalapozhy Fishing Harbour,fishing_harbour,73.49
loc_4120,Mandākād,fh_54,Maintenance Dredging of Colachel Fishing Harbour,fishing_harbour,3.87
loc_4120,Mandākād,fh_61,Expansion and Modernization of Thengapattinam Fishing,fishing_harbour,19.44
loc_4131,Peramangalam,fh_24,"Modernization and up-gradation of Cochin Fishing Harbour at Thoppumpady, Cochin",fishing_harbour,72.38
loc_4131,Peramangalam,fh_27,Upgradation and modernization of Harbour in Ponnani,fishing_harbour,34.06
loc_4131,Peramangalam,fh_28,Upgradation and modernization of Harbour in Puthiyappa,fishing_harbour,95.32
loc_4131,Peramangalam,fh_31,Maintenance dredging of existing harbor in Chettuva,fishing_harbour,20.79
loc_4131,Peramangalam,fh_32,Maintenance dredging of existing harbor in Ponnani,fishing_harbour,34.06
loc_4131,Peramangalam,fh_33,Maintenance dredging of existing harbor in Beypore,fishing_harbour,77.06
loc_4131,Peramangalam,fh_34,Maintenance dredging of existing harbor in Puthiyappa,fishing_harbour,95.32
loc_4131,Peramangalam,fh_35,Development of Arthungal Fishing Harbor (Balance work),fishing_harbour,99.99
loc_4131,Peramangalam,port_02,Cochin Port,port,68.62
loc_4134,Kuttyattur,fh_26,Expansion of Kasaragod Fishing Harbour,fishing_harbour,79.98
loc_4134,Kuttyattur,fh_28,Upgradation and modernization of Harbour in Puthiyappa,fishing_harbour,77.34
loc_4134,Kuttyattur,fh_29,Upgradation and modernization of Harbour in Koyilandy,fishing_harbour,63.33
loc_4134,Kuttyattur,fh_33,Maintenance dredging of existing harbor in Beypore,fishing_harbour,95.66
loc_4134,Kuttyattur,fh_34,Maintenance dredging of existing harbor in Puthiyappa,fishing_harbour,77.34
loc_4138,Tirumullaivāsal,fh_45,Development of Smart and Integrated Fishing Harbour at Karaikal,fishing_harbour,35.58
loc_4138,Tirumullaivāsal,fh_49,Construction of Fishing Harbour at Thengaithittu,fishing_harbour,73.42
loc_4138,Tirumullaivāsal,fh_50,Upgradation of Puducherry Fishing Harbour,fishing_harbour,76.73
loc_4138,Tirumullaivāsal,fh_52,Up-gradation of Pazhayar Fishing Harbour,fishing_harbour,12.24
loc_4138,Tirumullaivāsal,fh_55,Construction of Fishing harbour at Tharangampadi,fishing_harbour,23.39
loc_4138,Tirumullaivāsal,fh_57,Development of existing Fishing Harbour at Mudhunagar,fishing_harbour,54.03
loc_4138,Tirumullaivāsal,fh_58,Development of Fishing Harbour at Arcottuthurai,fishing_harbour,76.2
loc_4138,Tirumullaivāsal,fh_59,Construction of Fishing harbour at Azhagankuppam,fishing_harbour,90.19
loc_4138,Tirumullaivāsal,fh_60,Development of Fishing Harbour at Vellapallam,fishing_harbour,73.86
loc_4145,Suchindram,fh_25,Expansion of Muthalapozhy Fishing Harbour,fishing_harbour,90.37
loc_4145,Suchindram,fh_54,Maintenance Dredging of Colachel Fishing Harbour,fishing_harbour,24.06
loc_4145,Suchindram,fh_61,Expansion and Modernization of Thengapattinam Fishing,fishing_harbour,37.58
loc_4151,Veillyāchi,fh_25,Expansion of Muthalapozhy Fishing Harbour,fishing_harbour,78.96
loc_4151,Veillyāchi,fh_54,Maintenance Dredging of Colachel Fishing Harbour,fishing_harbour,10.04
loc_4151,Veillyāchi,fh_61,Expansion and Modernization of Thengapattinam Fishing,fishing_harbour,25.01
loc_4157,Galpadar,port_12,Deendayal Port,port,17.18
loc_4157,Galpadar,port_13,Mundra Port,port,57.46
loc_4159,Urakam,fh_24,"Modernization and up-gradation of Cochin Fishing Harbour at Thoppumpady, Cochin",fishing_harbour,56.27
loc_4159,Urakam,fh_27,Upgradation and modernization of Harbour in Ponnani,fishing_harbour,48.82
loc_4159,Urakam,fh_31,Maintenance dredging of existing harbor in Chettuva,fishing_harbour,17.2
loc_4159,Urakam,fh_32,Maintenance dredging of existing harbor in Ponnani,fishing_harbour,48.82
loc_4159,Urakam,fh_33,Maintenance dredging of existing harbor in Beypore,fishing_harbour,93.18
loc_4159,Urakam,fh_35,Development of Arthungal Fishing Harbor (Balance work),fishing_harbour,83.75
loc_4159,Urakam,port_02,Cochin Port,port,52.53
loc_4167,Trikūr,fh_24,"Modernization and up-gradation of Cochin Fishing Harbour at Thoppumpady, Cochin",fishing_harbour,59.09
loc_4167,Trikūr,fh_27,Upgradation and modernization of Harbour in Ponnani,fishing_harbour,50.86
loc_4167,Trikūr,fh_31,Maintenance dredging of existing harbor in Chettuva,fishing_harbour,23.79
loc_4167,Trikūr,fh_32,Maintenance dredging of existing harbor in Ponnani,fishing_harbour,50.86
loc_4167,Trikūr,fh_33,Maintenance dredging of existing harbor in Beypore,fishing_harbour,93.65
loc_4167,Trikūr,fh_35,Development of Arthungal Fishing Harbor (Balance work),fishing_harbour,86.09
loc_4167,Trikūr,port_02,Cochin Port,port,55.42
loc_4168,Narath,fh_26,Expansion of Kasaragod Fishing Harbour,fishing_harbour,74.07
loc_4168,Narath,fh_28,Upgradation and modernization of Harbour in Puthiyappa,fishing_harbour,80.79
loc_4168,Narath,fh_29,Upgradation and modernization of Harbour in Koyilandy,fishing_harbour,67.01
loc_4168,Narath,fh_33,Maintenance dredging of existing harbor in Beypore,fishing_harbour,99.1
loc_4168,Narath,fh_34,Maintenance dredging of existing harbor in Puthiyappa,fishing_harbour,80.79
loc_4171,Puttalam,fh_25,Expansion of Muthalapozhy Fishing Harbour,fishing_harbour,93.69
loc_4171,Puttalam,fh_54,Maintenance Dredging of Colachel Fishing Harbour,fishing_harbour,25.26
loc_4171,Puttalam,fh_61,Expansion and Modernization of Thengapattinam Fishing,fishing_harbour,40.04
loc_4181,Dadra,fh_44,Development of Fishing Harbour at Satpati,fishing_harbour,72.61
loc_4184,Edakkode,fh_25,Expansion of Muthalapozhy Fishing Harbour,fishing_harbour,11.96
loc_4184,Edakkode,fh_30,Maintenance dredging of existing harbor in Kayamkulam,fishing_harbour,67.65
loc_4184,Edakkode,fh_54,Maintenance Dredging of Colachel Fishing Harbour,fishing_harbour,70.84
loc_4184,Edakkode,fh_61,Expansion and Modernization of Thengapattinam Fishing,fishing_harbour,55.32
loc_4193,Vallachira,fh_24,"Modernization and up-gradation of Cochin Fishing Harbour at Thoppumpady, Cochin",fishing_harbour,56.72
loc_4193,Vallachira,fh_27,Upgradation and modernization of Harbour in Ponnani,fishing_harbour,49.13
loc_4193,Vallachira,fh_31,Maintenance dredging of existing harbor in Chettuva,fishing_harbour,18.39
loc_4193,Vallachira,fh_32,Maintenance dredging of existing harbor in Ponnani,fishing_harbour,49.13
loc_4193,Vallachira,fh_33,Maintenance dredging of existing harbor in Beypore,fishing_harbour,93.24
loc_4193,Vallachira,fh_35,Development of Arthungal Fishing Harbor (Balance work),fishing_harbour,84.13
loc_4193,Vallachira,port_02,Cochin Port,port,52.99
loc_4203,Edattirutti,fh_24,"Modernization and up-gradation of Cochin Fishing Harbour at Thoppumpady, Cochin",fishing_harbour,49.4
loc_4203,Edattirutti,fh_27,Upgradation and modernization of Harbour in Ponnani,fishing_harbour,52.42
loc_4203,Edattirutti,fh_31,Maintenance dredging of existing harbor in Chettuva,fishing_harbour,13.91
loc_4203,Edattirutti,fh_32,Maintenance dredging of existing harbor in Ponnani,fishing_harbour,52.42
loc_4203,Edattirutti,fh_33,Maintenance dredging of existing harbor in Beypore,fishing_harbour,98.03
loc_4203,Edattirutti,fh_35,Development of Arthungal Fishing Harbor (Balance work),fishing_harbour,77.13
loc_4203,Edattirutti,port_02,Cochin Port,port,45.63
loc_4204,Neyyūr,fh_25,Expansion of Muthalapozhy Fishing Harbour,fishing_harbour,72.9
loc_4204,Neyyūr,fh_54,Maintenance Dredging of Colachel Fishing Harbour,fishing_harbour,6.26
loc_4204,Neyyūr,fh_61,Expansion and Modernization of Thengapattinam Fishing,fishing_harbour,19.21
loc_4205,Katavallūr,fh_24,"Modernization and up-gradation of Cochin Fishing Harbour at Thoppumpady, Cochin",fishing_harbour,90.21
loc_4205,Katavallūr,fh_27,Upgradation and modernization of Harbour in Ponnani,fishing_harbour,16.34
loc_4205,Katavallūr,fh_28,Upgradation and modernization of Harbour in Puthiyappa,fishing_harbour,76.1
loc_4205,Katavallūr,fh_29,Upgradation and modernization of Harbour in Koyilandy,fishing_harbour,89.95
loc_4205,Katavallūr,fh_31,Maintenance dredging of existing harbor in Chettuva,fishing_harbour,33.03
loc_4205,Katavallūr,fh_32,Maintenance dredging of existing harbor in Ponnani,fishing_harbour,16.34
loc_4205,Katavallūr,fh_33,Maintenance dredging of existing harbor in Beypore,fishing_harbour,57.8
loc_4205,Katavallūr,fh_34,Maintenance dredging of existing harbor in Puthiyappa,fishing_harbour,76.1
loc_4205,Katavallūr,port_02,Cochin Port,port,86.44
loc_4206,Serula,fh_39,Anandwadi (Fishing Harbour),fishing_harbour,69.57
loc_4206,Serula,port_04,Mormugao Port,port,15.95
loc_4207,Karivali,fh_37,Modernisation of Sassoon Dock Fishing Harbour,fishing_harbour,46.76
loc_4207,Karivali,fh_38,Karanja Fishing Harbour (Revised),fishing_harbour,43.44
loc_4207,Karivali,fh_40,Construction of Fisheries Fishing Harbour at Jeevana,fishing_harbour,88.77
loc_4207,Karivali,fh_44,Development of Fishing Harbour at Satpati,fishing_harbour,61.52
loc_4207,Karivali,port_00,Mumbai Port,port,44.76
loc_4207,Karivali,port_01,Jawaharlal Nehru Port (JNPT),port,39.11
loc_4210,Curtorim,fh_20,Maintenance Dredging at Amadalli Fishing Harbour,fishing_harbour,72.84
loc_4210,Curtorim,fh_21,Dredging work at Tadari Fishing Harbour,fishing_harbour,99.24
loc_4210,Curtorim,port_04,Mormugao Port,port,27.64
loc_4215,Thirumittacode-II,fh_24,"Modernization and up-gradation of Cochin Fishing Harbour at Thoppumpady, Cochin",fishing_harbour,89.95
loc_4215,Thirumittacode-II,fh_27,Upgradation and modernization of Harbour in Ponnani,fishing_harbour,25.56
loc_4215,Thirumittacode-II,fh_28,Upgradation and modernization of Harbour in Puthiyappa,fishing_harbour,79.92
loc_4215,Thirumittacode-II,fh_29,Upgradation and modernization of Harbour in Koyilandy,fishing_harbour,93.43
loc_4215,Thirumittacode-II,fh_31,Maintenance dredging of existing harbor in Chettuva,fishing_harbour,36.37
loc_4215,Thirumittacode-II,fh_32,Maintenance dredging of existing harbor in Ponnani,fishing_harbour,25.56
loc_4215,Thirumittacode-II,fh_33,Maintenance dredging of existing harbor in Beypore,fishing_harbour,61.98
loc_4215,Thirumittacode-II,fh_34,Maintenance dredging of existing harbor in Puthiyappa,fishing_harbour,79.92
loc_4215,Thirumittacode-II,port_02,Cochin Port,port,86.19
loc_4220,Raghudebbati,fh_63,Modernisation and upgradation of existing fishing harbour at Petuaghat,fishing_harbour,88.68
loc_4220,Raghudebbati,fh_66,Modernisation and upgradation of existing fishing harbour at Kakdwip,fishing_harbour,71.8
loc_4220,Raghudebbati,port_08,Kolkata Port,port,12.48
loc_4220,Raghudebbati,port_09,Syama Prasad Mookerjee Port Haldia,port,56.85
loc_4221,Pratapsasan,fh_47,Modernisation of Paradip Fishing Harbour,fishing_harbour,84.56
loc_4221,Pratapsasan,fh_48,Development of Stage-II Fishing Harbour at Nuagarh (Astranga),fishing_harbour,53.98
loc_4221,Pratapsasan,port_07,Paradip Port,port,87.16
loc_4222,Bandora,fh_20,Maintenance Dredging at Amadalli Fishing Harbour,fishing_harbour,88.13
loc_4222,Bandora,fh_39,Anandwadi (Fishing Harbour),fishing_harbour,90.81
loc_4222,Bandora,port_04,Mormugao Port,port,18.97
loc_4223,Elavalli,fh_24,"Modernization and up-gradation of Cochin Fishing Harbour at Thoppumpady, Cochin",fishing_harbour,73.38
loc_4223,Elavalli,fh_27,Upgradation and modernization of Harbour in Ponnani,fishing_harbour,28.72
loc_4223,Elavalli,fh_28,Upgradation and modernization of Harbour in Puthiyappa,fishing_harbour,92.19
loc_4223,Elavalli,fh_31,Maintenance dredging of existing harbor in Chettuva,fishing_harbour,16.59
loc_4223,Elavalli,fh_32,Maintenance dredging of existing harbor in Ponnani,fishing_harbour,28.72
loc_4223,Elavalli,fh_33,Maintenance dredging of existing harbor in Beypore,fishing_harbour,73.85
loc_4223,Elavalli,fh_34,Maintenance dredging of existing harbor in Puthiyappa,fishing_harbour,92.19
loc_4223,Elavalli,port_02,Cochin Port,port,69.61
loc_4227,Bāre,fh_17,Modernisation and Upgradation of Mangalore Fishing Harbour,fishing_harbour,55.94
loc_4227,Bāre,fh_22,Kulai Fishing Harbour,fishing_harbour,62.9
loc_4227,Bāre,fh_23,Hejmadi Kodi Fishing Harbour,fishing_harbour,78.08
loc_4227,Bāre,fh_26,Expansion of Kasaragod Fishing Harbour,fishing_harbour,8.24
loc_4227,Bāre,port_03,New Mangalore Port,port,59.1
loc_4229,Talaināyar Agrahāram,fh_45,Development of Smart and Integrated Fishing Harbour at Karaikal,fishing_harbour,40.55
loc_4229,Talaināyar Agrahāram,fh_52,Up-gradation of Pazhayar Fishing Harbour,fishing_harbour,88.0
loc_4229,Talaināyar Agrahāram,fh_55,Construction of Fishing harbour at Tharangampadi,fishing_harbour,52.79
loc_4229,Talaināyar Agrahāram,fh_58,Development of Fishing Harbour at Arcottuthurai,fishing_harbour,2.44
loc_4229,Talaināyar Agrahāram,fh_60,Development of Fishing Harbour at Vellapallam,fishing_harbour,2.47
loc_4230,Reliance Complex,fh_11,3rd Stage of Mangarol Fishing Harbour,fishing_harbour,95.5
loc_4230,Reliance Complex,fh_12,Development of Fishery Harbour at Navabandar,fishing_harbour,97.58
loc_4230,Reliance Complex,fh_15,Development of Fishery Harbour Porbandar – Phase 2,fishing_harbour,82.38
loc_4230,Reliance Complex,port_12,Deendayal Port,port,78.85
loc_4230,Reliance Complex,port_13,Mundra Port,port,46.29
loc_4231,Sawyerpuram,fh_62,Extension of T-Jetty at Tharuvaikulam,fishing_harbour,19.76
loc_4231,Sawyerpuram,port_10,V.O. Chidambaranar Port,port,19.95
loc_4232,Mangalapādi,fh_17,Modernisation and Upgradation of Mangalore Fishing Harbour,fishing_harbour,27.53
loc_4232,Mangalapādi,fh_18,Modernisation of Malpe Fishing Harbour,fishing_harbour,79.11
loc_4232,Mangalapādi,fh_22,Kulai Fishing Harbour,fishing_harbour,34.53
loc_4232,Mangalapādi,fh_23,Hejmadi Kodi Fishing Harbour,fishing_harbour,50.0
loc_4232,Mangalapādi,fh_26,Expansion of Kasaragod Fishing Harbour,fishing_harbour,20.65
loc_4232,Mangalapādi,port_03,New Mangalore Port,port,30.75
loc_4247,Kadaiya,fh_44,Development of Fishing Harbour at Satpati,fishing_harbour,83.68
loc_4249,Temanūr,fh_25,Expansion of Muthalapozhy Fishing Harbour,fishing_harbour,59.86
loc_4249,Temanūr,fh_54,Maintenance Dredging of Colachel Fishing Harbour,fishing_harbour,16.97
loc_4249,Temanūr,fh_61,Expansion and Modernization of Thengapattinam Fishing,fishing_harbour,12.69
loc_4256,Madhūru,fh_17,Modernisation and Upgradation of Mangalore Fishing Harbour,fishing_harbour,45.05
loc_4256,Madhūru,fh_18,Modernisation of Malpe Fishing Harbour,fishing_harbour,96.15
loc_4256,Madhūru,fh_22,Kulai Fishing Harbour,fishing_harbour,51.99
loc_4256,Madhūru,fh_23,Hejmadi Kodi Fishing Harbour,fishing_harbour,67.1
loc_4256,Madhūru,fh_26,Expansion of Kasaragod Fishing Harbour,fishing_harbour,4.94
loc_4256,Madhūru,port_03,New Mangalore Port,port,48.19
loc_4258,Maniyur,fh_26,Expansion of Kasaragod Fishing Harbour,fishing_harbour,78.61
loc_4258,Maniyur,fh_28,Upgradation and modernization of Harbour in Puthiyappa,fishing_harbour,77.22
loc_4258,Maniyur,fh_29,Upgradation and modernization of Harbour in Koyilandy,fishing_harbour,63.28
loc_4258,Maniyur,fh_33,Maintenance dredging of existing harbor in Beypore,fishing_harbour,95.56
loc_4258,Maniyur,fh_34,Maintenance dredging of existing harbor in Puthiyappa,fishing_harbour,77.22
loc_4260,Murud,fh_37,Modernisation of Sassoon Dock Fishing Harbour,fishing_harbour,67.26
loc_4260,Murud,fh_38,Karanja Fishing Harbour (Revised),fishing_harbour,64.71
loc_4260,Murud,fh_40,Construction of Fisheries Fishing Harbour at Jeevana,fishing_harbour,19.4
loc_4260,Murud,fh_41,Construction of Fisheries Fishing Harbour at Bharadkhol,fishing_harbour,25.76
loc_4260,Murud,fh_42,Construction of Fisheries Fishing Harbour at Harnai,fishing_harbour,58.1
loc_4260,Murud,fh_43,Construction of Fisheries Fishing Harbour at Sakhari Nate,fishing_harbour,64.85
loc_4260,Murud,port_00,Mumbai Port,port,68.26
loc_4260,Murud,port_01,Jawaharlal Nehru Port (JNPT),port,69.16
loc_4263,Pullur,fh_24,"Modernization and up-gradation of Cochin Fishing Harbour at Thoppumpady, Cochin",fishing_harbour,46.23
loc_4263,Pullur,fh_27,Upgradation and modernization of Harbour in Ponnani,fishing_harbour,58.43
loc_4263,Pullur,fh_31,Maintenance dredging of existing harbor in Chettuva,fishing_harbour,21.83
loc_4263,Pullur,fh_32,Maintenance dredging of existing harbor in Ponnani,fishing_harbour,58.43
loc_4263,Pullur,fh_35,Development of Arthungal Fishing Harbor (Balance work),fishing_harbour,73.58
loc_4263,Pullur,port_02,Cochin Port,port,42.52
loc_4265,Lakshmīnārāyanapuram,fh_49,Construction of Fishing Harbour at Thengaithittu,fishing_harbour,31.22
loc_4265,Lakshmīnārāyanapuram,fh_50,Upgradation of Puducherry Fishing Harbour,fishing_harbour,33.61
loc_4265,Lakshmīnārāyanapuram,fh_52,Up-gradation of Pazhayar Fishing Harbour,fishing_harbour,58.05
loc_4265,Lakshmīnārāyanapuram,fh_55,Construction of Fishing harbour at Tharangampadi,fishing_harbour,90.55
loc_4265,Lakshmīnārāyanapuram,fh_57,Development of existing Fishing Harbour at Mudhunagar,fishing_harbour,23.64
loc_4265,Lakshmīnārāyanapuram,fh_59,Construction of Fishing harbour at Azhagankuppam,fishing_harbour,45.53
loc_4267,Pondūru,fh_04,Modernization and up-gradation of Vishakapatnam Fishing Harbour,fishing_harbour,88.39
loc_4267,Pondūru,port_06,Visakhapatnam Port,port,88.05
loc_4267,Pondūru,fh_02,Development of Budugatlapalem Fishing Harbour,fishing_harbour,65.25
loc_4270,Vangani,fh_37,Modernisation of Sassoon Dock Fishing Harbour,fishing_harbour,52.72
loc_4270,Vangani,fh_38,Karanja Fishing Harbour (Revised),fishing_harbour,41.75
loc_4270,Vangani,fh_40,Construction of Fisheries Fishing Harbour at Jeevana,fishing_harbour,76.37
loc_4270,Vangani,fh_44,Development of Fishing Harbour at Satpati,fishing_harbour,95.99
loc_4270,Vangani,port_00,Mumbai Port,port,50.6
loc_4270,Vangani,port_01,Jawaharlal Nehru Port (JNPT),port,39.78
loc_4273,Nannilam,fh_45,Development of Smart and Integrated Fishing Harbour at Karaikal,fishing_harbour,25.45
loc_4273,Nannilam,fh_52,Up-gradation of Pazhayar Fishing Harbour,fishing_harbour,58.01
loc_4273,Nannilam,fh_55,Construction of Fishing harbour at Tharangampadi,fishing_harbour,31.04
loc_4273,Nannilam,fh_57,Development of existing Fishing Harbour at Mudhunagar,fishing_harbour,94.89
loc_4273,Nannilam,fh_58,Development of Fishing Harbour at Arcottuthurai,fishing_harbour,38.64
loc_4273,Nannilam,fh_60,Development of Fishing Harbour at Vellapallam,fishing_harbour,37.07
loc_4275,Puthukkad,fh_24,"Modernization and up-gradation of Cochin Fishing Harbour at Thoppumpady, Cochin",fishing_harbour,54.23
loc_4275,Puthukkad,fh_27,Upgradation and modernization of Harbour in Ponnani,fishing_harbour,54.01
loc_4275,Puthukkad,fh_31,Maintenance dredging of existing harbor in Chettuva,fishing_harbour,22.98
loc_4275,Puthukkad,fh_32,Maintenance dredging of existing harbor in Ponnani,fishing_harbour,54.01
loc_4275,Puthukkad,fh_33,Maintenance dredging of existing harbor in Beypore,fishing_harbour,97.59
loc_4275,Puthukkad,fh_35,Development of Arthungal Fishing Harbor (Balance work),fishing_harbour,81.28
loc_4275,Puthukkad,port_02,Cochin Port,port,50.56
loc_4290,Samarvarni,fh_44,Development of Fishing Harbour at Satpati,fishing_harbour,67.82
loc_4292,Nāgothana,fh_37,Modernisation of Sassoon Dock Fishing Harbour,fishing_harbour,52.87
loc_4292,Nāgothana,fh_38,Karanja Fishing Harbour (Revised),fishing_harbour,45.29
loc_4292,Nāgothana,fh_40,Construction of Fisheries Fishing Harbour at Jeevana,fishing_harbour,22.11
loc_4292,Nāgothana,fh_41,Construction of Fisheries Fishing Harbour at Bharadkhol,fishing_harbour,54.16
loc_4292,Nāgothana,fh_42,Construction of Fisheries Fishing Harbour at Harnai,fishing_harbour,80.45
loc_4292,Nāgothana,fh_43,Construction of Fisheries Fishing Harbour at Sakhari Nate,fishing_harbour,85.87
loc_4292,Nāgothana,port_00,Mumbai Port,port,52.93
loc_4292,Nāgothana,port_01,Jawaharlal Nehru Port (JNPT),port,49.34
loc_4299,Kondūr,fh_45,Development of Smart and Integrated Fishing Harbour at Karaikal,fishing_harbour,93.9
loc_4299,Kondūr,fh_49,Construction of Fishing Harbour at Thengaithittu,fishing_harbour,20.53
loc_4299,Kondūr,fh_50,Upgradation of Puducherry Fishing Harbour,fishing_harbour,23.87
loc_4299,Kondūr,fh_52,Up-gradation of Pazhayar Fishing Harbour,fishing_harbour,47.28
loc_4299,Kondūr,fh_55,Construction of Fishing harbour at Tharangampadi,fishing_harbour,82.05
loc_4299,Kondūr,fh_57,Development of existing Fishing Harbour at Mudhunagar,fishing_harbour,7.13
loc_4299,Kondūr,fh_59,Construction of Fishing harbour at Azhagankuppam,fishing_harbour,38.05
loc_4300,Chūndal,fh_24,"Modernization and up-gradation of Cochin Fishing Harbour at Thoppumpady, Cochin",fishing_harbour,79.58
loc_4300,Chūndal,fh_27,Upgradation and modernization of Harbour in Ponnani,fishing_harbour,24.03
loc_4300,Chūndal,fh_28,Upgradation and modernization of Harbour in Puthiyappa,fishing_harbour,86.41
loc_4300,Chūndal,fh_31,Maintenance dredging of existing harbor in Chettuva,fishing_harbour,22.95
loc_4300,Chūndal,fh_32,Maintenance dredging of existing harbor in Ponnani,fishing_harbour,24.03
loc_4300,Chūndal,fh_33,Maintenance dredging of existing harbor in Beypore,fishing_harbour,68.08
loc_4300,Chūndal,fh_34,Maintenance dredging of existing harbor in Puthiyappa,fishing_harbour,86.41
loc_4300,Chūndal,port_02,Cochin Port,port,75.81
loc_4301,Vengurla,fh_39,Anandwadi (Fishing Harbour),fishing_harbour,28.07
loc_4301,Vengurla,port_04,Mormugao Port,port,53.54
loc_4304,Mayyīl,fh_26,Expansion of Kasaragod Fishing Harbour,fishing_harbour,75.2
loc_4304,Mayyīl,fh_28,Upgradation and modernization of Harbour in Puthiyappa,fishing_harbour,80.9
loc_4304,Mayyīl,fh_29,Upgradation and modernization of Harbour in Koyilandy,fishing_harbour,66.95
loc_4304,Mayyīl,fh_33,Maintenance dredging of existing harbor in Beypore,fishing_harbour,99.24
loc_4304,Mayyīl,fh_34,Maintenance dredging of existing harbor in Puthiyappa,fishing_harbour,80.9
loc_4305,Karunguli,fh_49,Construction of Fishing Harbour at Thengaithittu,fishing_harbour,71.0
loc_4305,Karunguli,fh_50,Upgradation of Puducherry Fishing Harbour,fishing_harbour,67.56
loc_4305,Karunguli,fh_53,Modernization and up-gradation of Chennai Fishing Harbour,fishing_harbour,75.35
loc_4305,Karunguli,fh_56,Construction of Fishing harbour at ThiruvottriyurKuppam,fishing_harbour,84.54
loc_4305,Karunguli,fh_57,Development of existing Fishing Harbour at Mudhunagar,fishing_harbour,91.77
loc_4305,Karunguli,fh_59,Construction of Fishing harbour at Azhagankuppam,fishing_harbour,53.8
loc_4305,Karunguli,port_05,Chennai Port,port,74.45
loc_4305,Karunguli,port_11,Kamarajar Port,port,91.71
loc_4307,Dunetha,fh_44,Development of Fishing Harbour at Satpati,fishing_harbour,79.79
loc_4308,Navelim,fh_39,Anandwadi (Fishing Harbour),fishing_harbour,80.29
loc_4308,Navelim,port_04,Mormugao Port,port,23.63
loc_4314,Kānkon,fh_20,Maintenance Dredging at Amadalli Fishing Harbour,fishing_harbour,46.98
loc_4314,Kānkon,fh_21,Dredging work at Tadari Fishing Harbour,fishing_harbour,74.11
loc_4314,Kānkon,port_04,Mormugao Port,port,49.81
loc_4316,Usgao,fh_20,Maintenance Dredging at Amadalli Fishing Harbour,fishing_harbour,87.92
loc_4316,Usgao,fh_39,Anandwadi (Fishing Harbour),fishing_harbour,94.52
loc_4316,Usgao,port_04,Mormugao Port,port,28.25
loc_4317,Canacona,fh_20,Maintenance Dredging at Amadalli Fishing Harbour,fishing_harbour,43.83
loc_4317,Canacona,fh_21,Dredging work at Tadari Fishing Harbour,fishing_harbour,71.03
loc_4317,Canacona,port_04,Mormugao Port,port,53.02
loc_4323,Chinnasekkadu,fh_53,Modernization and up-gradation of Chennai Fishing Harbour,fishing_harbour,9.14
loc_4323,Chinnasekkadu,fh_56,Construction of Fishing harbour at ThiruvottriyurKuppam,fishing_harbour,7.94
loc_4323,Chinnasekkadu,port_05,Chennai Port,port,9.34
loc_4323,Chinnasekkadu,port_11,Kamarajar Port,port,12.55
loc_4325,Balitha,fh_44,Development of Fishing Harbour at Satpati,fishing_harbour,77.26
loc_4331,Chennithala,fh_24,"Modernization and up-gradation of Cochin Fishing Harbour at Thoppumpady, Cochin",fishing_harbour,77.16
loc_4331,Chennithala,fh_25,Expansion of Muthalapozhy Fishing Harbour,fishing_harbour,80.97
loc_4331,Chennithala,fh_30,Maintenance dredging of existing harbor in Kayamkulam,fishing_harbour,11.39
loc_4331,Chennithala,fh_35,Development of Arthungal Fishing Harbor (Balance work),fishing_harbour,49.54
loc_4331,Chennithala,port_02,Cochin Port,port,80.89
loc_4337,Iringappuram,fh_24,"Modernization and up-gradation of Cochin Fishing Harbour at Thoppumpady, Cochin",fishing_harbour,79.3
loc_4337,Iringappuram,fh_27,Upgradation and modernization of Harbour in Ponnani,fishing_harbour,22.24
loc_4337,Iringappuram,fh_28,Upgradation and modernization of Harbour in Puthiyappa,fishing_harbour,85.97
loc_4337,Iringappuram,fh_29,Upgradation and modernization of Harbour in Koyilandy,fishing_harbour,99.96
loc_4337,Iringappuram,fh_31,Maintenance dredging of existing harbor in Chettuva,fishing_harbour,21.18
loc_4337,Iringappuram,fh_32,Maintenance dredging of existing harbor in Ponnani,fishing_harbour,22.24
loc_4337,Iringappuram,fh_33,Maintenance dredging of existing harbor in Beypore,fishing_harbour,67.63
loc_4337,Iringappuram,fh_34,Maintenance dredging of existing harbor in Puthiyappa,fishing_harbour,85.97
loc_4337,Iringappuram,port_02,Cochin Port,port,75.55
loc_4342,Navelim,fh_20,Maintenance Dredging at Amadalli Fishing Harbour,fishing_harbour,73.64
loc_4342,Navelim,port_04,Mormugao Port,port,24.12
loc_4347,Pāvaratti,fh_24,"Modernization and up-gradation of Cochin Fishing Harbour at Thoppumpady, Cochin",fishing_harbour,74.15
loc_4347,Pāvaratti,fh_27,Upgradation and modernization of Harbour in Ponnani,fishing_harbour,27.02
loc_4347,Pāvaratti,fh_28,Upgradation and modernization of Harbour in Puthiyappa,fishing_harbour,91.06
loc_4347,Pāvaratti,fh_31,Maintenance dredging of existing harbor in Chettuva,fishing_harbour,16.1
loc_4347,Pāvaratti,fh_32,Maintenance dredging of existing harbor in Ponnani,fishing_harbour,27.02
loc_4347,Pāvaratti,fh_33,Maintenance dredging of existing harbor in Beypore,fishing_harbour,72.73
loc_4347,Pāvaratti,fh_34,Maintenance dredging of existing harbor in Puthiyappa,fishing_harbour,91.06
loc_4347,Pāvaratti,port_02,Cochin Port,port,70.39
loc_4350,Parnera,fh_44,Development of Fishing Harbour at Satpati,fishing_harbour,96.56
loc_4354,Bhagdawada,fh_44,Development of Fishing Harbour at Satpati,fishing_harbour,81.92
loc_4358,Mavitāyi,fh_26,Expansion of Kasaragod Fishing Harbour,fishing_harbour,90.38
loc_4358,Mavitāyi,fh_28,Upgradation and modernization of Harbour in Puthiyappa,fishing_harbour,64.65
loc_4358,Mavitāyi,fh_29,Upgradation and modernization of Harbour in Koyilandy,fishing_harbour,50.79
loc_4358,Mavitāyi,fh_33,Maintenance dredging of existing harbor in Beypore,fishing_harbour,82.99
loc_4358,Mavitāyi,fh_34,Maintenance dredging of existing harbor in Puthiyappa,fishing_harbour,64.65
loc_4368,Kuttūr,fh_24,"Modernization and up-gradation of Cochin Fishing Harbour at Thoppumpady, Cochin",fishing_harbour,70.31
loc_4368,Kuttūr,fh_27,Upgradation and modernization of Harbour in Ponnani,fishing_harbour,37.71
loc_4368,Kuttūr,fh_28,Upgradation and modernization of Harbour in Puthiyappa,fishing_harbour,98.43
loc_4368,Kuttūr,fh_31,Maintenance dredging of existing harbor in Chettuva,fishing_harbour,21.7
loc_4368,Kuttūr,fh_32,Maintenance dredging of existing harbor in Ponnani,fishing_harbour,37.71
loc_4368,Kuttūr,fh_33,Maintenance dredging of existing harbor in Beypore,fishing_harbour,80.21
loc_4368,Kuttūr,fh_34,Maintenance dredging of existing harbor in Puthiyappa,fishing_harbour,98.43
loc_4368,Kuttūr,fh_35,Development of Arthungal Fishing Harbor (Balance work),fishing_harbour,97.79
loc_4368,Kuttūr,port_02,Cochin Port,port,66.57
loc_4375,Mullasshēri,fh_24,"Modernization and up-gradation of Cochin Fishing Harbour at Thoppumpady, Cochin",fishing_harbour,70.04
loc_4375,Mullasshēri,fh_27,Upgradation and modernization of Harbour in Ponnani,fishing_harbour,31.35
loc_4375,Mullasshēri,fh_28,Upgradation and modernization of Harbour in Puthiyappa,fishing_harbour,95.28
loc_4375,Mullasshēri,fh_31,Maintenance dredging of existing harbor in Chettuva,fishing_harbour,12.91
loc_4375,Mullasshēri,fh_32,Maintenance dredging of existing harbor in Ponnani,fishing_harbour,31.35
loc_4375,Mullasshēri,fh_33,Maintenance dredging of existing harbor in Beypore,fishing_harbour,76.94
loc_4375,Mullasshēri,fh_34,Maintenance dredging of existing harbor in Puthiyappa,fishing_harbour,95.28
loc_4375,Mullasshēri,fh_35,Development of Arthungal Fishing Harbor (Balance work),fishing_harbour,97.81
loc_4375,Mullasshēri,port_02,Cochin Port,port,66.28
loc_4378,Mashāt,fh_44,Development of Fishing Harbour at Satpati,fishing_harbour,66.77
loc_4381,Elandacheri,fh_53,Modernization and up-gradation of Chennai Fishing Harbour,fishing_harbour,11.53
loc_4381,Elandacheri,fh_56,Construction of Fishing harbour at ThiruvottriyurKuppam,fishing_harbour,6.75
loc_4381,Elandacheri,port_05,Chennai Port,port,11.95
loc_4381,Elandacheri,port_11,Kamarajar Port,port,9.32
loc_4392,Pēragam,fh_24,"Modernization and up-gradation of Cochin Fishing Harbour at Thoppumpady, Cochin",fishing_harbour,79.09
loc_4392,Pēragam,fh_27,Upgradation and modernization of Harbour in Ponnani,fishing_harbour,21.63
loc_4392,Pēragam,fh_28,Upgradation and modernization of Harbour in Puthiyappa,fishing_harbour,85.97
loc_4392,Pēragam,fh_29,Upgradation and modernization of Harbour in Koyilandy,fishing_harbour,99.99
loc_4392,Pēragam,fh_31,Maintenance dredging of existing harbor in Chettuva,fishing_harbour,20.27
loc_4392,Pēragam,fh_32,Maintenance dredging of existing harbor in Ponnani,fishing_harbour,21.63
loc_4392,Pēragam,fh_33,Maintenance dredging of existing harbor in Beypore,fishing_harbour,67.67
loc_4392,Pēragam,fh_34,Maintenance dredging of existing harbor in Puthiyappa,fishing_harbour,85.97
loc_4392,Pēragam,port_02,Cochin Port,port,75.35
loc_4408,Kozhancheri,fh_24,"Modernization and up-gradation of Cochin Fishing Harbour at Thoppumpady, Cochin",fishing_harbour,79.88
loc_4408,Kozhancheri,fh_25,Expansion of Muthalapozhy Fishing Harbour,fishing_harbour,83.86
loc_4408,Kozhancheri,fh_30,Maintenance dredging of existing harbor in Kayamkulam,fishing_harbour,28.97
loc_4408,Kozhancheri,fh_35,Development of Arthungal Fishing Harbor (Balance work),fishing_harbour,54.66
loc_4408,Kozhancheri,port_02,Cochin Port,port,83.35
loc_4414,Etikoppāka,fh_01,Development of Pudimadaka Fishing Harbour,fishing_harbour,24.05
loc_4414,Etikoppāka,fh_04,Modernization and up-gradation of Vishakapatnam Fishing Harbour,fishing_harbour,62.67
loc_4414,Etikoppāka,fh_06,"Construction of Fishing Harbour, Uppada",fishing_harbour,62.65
loc_4414,Etikoppāka,port_06,Visakhapatnam Port,port,62.42
loc_4415,Colva,fh_20,Maintenance Dredging at Amadalli Fishing Harbour,fishing_harbour,77.9
loc_4415,Colva,fh_39,Anandwadi (Fishing Harbour),fishing_harbour,99.39
loc_4415,Colva,port_04,Mormugao Port,port,19.21
loc_4416,Dayapar,fh_10,Development of Smart and Integrated Fishing Harbour at Jakhau,fishing_harbour,48.58
loc_4418,Karumbākkam,fh_49,Construction of Fishing Harbour at Thengaithittu,fishing_harbour,93.92
loc_4418,Karumbākkam,fh_50,Upgradation of Puducherry Fishing Harbour,fishing_harbour,90.41
loc_4418,Karumbākkam,fh_53,Modernization and up-gradation of Chennai Fishing Harbour,fishing_harbour,48.72
loc_4418,Karumbākkam,fh_56,Construction of Fishing harbour at ThiruvottriyurKuppam,fishing_harbour,58.12
loc_4418,Karumbākkam,fh_59,Construction of Fishing harbour at Azhagankuppam,fishing_harbour,76.04
loc_4418,Karumbākkam,port_05,Chennai Port,port,47.86
loc_4418,Karumbākkam,port_11,Kamarajar Port,port,65.62
loc_4421,Cavelossim,fh_20,Maintenance Dredging at Amadalli Fishing Harbour,fishing_harbour,66.65
loc_4421,Cavelossim,fh_21,Dredging work at Tadari Fishing Harbour,fishing_harbour,93.79
loc_4421,Cavelossim,port_04,Mormugao Port,port,30.18
loc_4426,Natathara,fh_24,"Modernization and up-gradation of Cochin Fishing Harbour at Thoppumpady, Cochin",fishing_harbour,64.41
loc_4426,Natathara,fh_27,Upgradation and modernization of Harbour in Ponnani,fishing_harbour,46.2
loc_4426,Natathara,fh_31,Maintenance dredging of existing harbor in Chettuva,fishing_harbour,23.92
loc_4426,Natathara,fh_32,Maintenance dredging of existing harbor in Ponnani,fishing_harbour,46.2
loc_4426,Natathara,fh_33,Maintenance dredging of existing harbor in Beypore,fishing_harbour,88.34
loc_4426,Natathara,fh_35,Development of Arthungal Fishing Harbor (Balance work),fishing_harbour,91.52
loc_4426,Natathara,port_02,Cochin Port,port,60.72
loc_4441,Benaulim,fh_20,Maintenance Dredging at Amadalli Fishing Harbour,fishing_harbour,76.13
loc_4441,Benaulim,port_04,Mormugao Port,port,20.88
loc_4443,Delvāda,fh_13,Development of Fishery harbour at Madhwad,fishing_harbour,64.47
loc_4443,Delvāda,fh_14,Development of Fishery Harbour at Veraval – Phase 2,fishing_harbour,71.65
loc_4443,Delvāda,fh_16,Development of Fishery Harbour at Sutrapada,fishing_harbour,59.19
loc_4443,Delvāda,fh_46,Development of Smart and Integrated Fishing Harbour at Vanakbara,fishing_harbour,9.35
loc_4445,Attūr,fh_25,Expansion of Muthalapozhy Fishing Harbour,fishing_harbour,60.75
loc_4445,Attūr,fh_54,Maintenance Dredging of Colachel Fishing Harbour,fishing_harbour,15.85
loc_4445,Attūr,fh_61,Expansion and Modernization of Thengapattinam Fishing,fishing_harbour,12.55
loc_4448,Parappukkara,fh_24,"Modernization and up-gradation of Cochin Fishing Harbour at Thoppumpady, Cochin",fishing_harbour,52.37
loc_4448,Parappukkara,fh_27,Upgradation and modernization of Harbour in Ponnani,fishing_harbour,53.91
loc_4448,Parappukkara,fh_31,Maintenance dredging of existing harbor in Chettuva,fishing_harbour,20.82
loc_4448,Parappukkara,fh_32,Maintenance dredging of existing harbor in Ponnani,fishing_harbour,53.91
loc_4448,Parappukkara,fh_33,Maintenance dredging of existing harbor in Beypore,fishing_harbour,98.1
loc_4448,Parappukkara,fh_35,Development of Arthungal Fishing Harbor (Balance work),fishing_harbour,79.63
loc_4448,Parappukkara,port_02,Cochin Port,port,48.66
loc_4454,Tamarakutamkudiyiruppu,fh_25,Expansion of Muthalapozhy Fishing Harbour,fishing_harbour,96.12
loc_4454,Tamarakutamkudiyiruppu,fh_54,Maintenance Dredging of Colachel Fishing Harbour,fishing_harbour,28.21
loc_4454,Tamarakutamkudiyiruppu,fh_61,Expansion and Modernization of Thengapattinam Fishing,fishing_harbour,42.72
loc_4457,Udiyāvara,fh_17,Modernisation and Upgradation of Mangalore Fishing Harbour,fishing_harbour,45.61
loc_4457,Udiyāvara,fh_18,Modernisation of Malpe Fishing Harbour,fishing_harbour,6.74
loc_4457,Udiyāvara,fh_19,Modernisation of Gangoli Fishing Harbour,fishing_harbour,39.16
loc_4457,Udiyāvara,fh_22,Kulai Fishing Harbour,fishing_harbour,38.66
loc_4457,Udiyāvara,fh_23,Hejmadi Kodi Fishing Harbour,fishing_harbour,22.95
loc_4457,Udiyāvara,fh_26,Expansion of Kasaragod Fishing Harbour,fishing_harbour,93.3
loc_4457,Udiyāvara,port_03,New Mangalore Port,port,42.35
loc_4459,Kurattissery,fh_24,"Modernization and up-gradation of Cochin Fishing Harbour at Thoppumpady, Cochin",fishing_harbour,73.63
loc_4459,Kurattissery,fh_25,Expansion of Muthalapozhy Fishing Harbour,fishing_harbour,84.57
loc_4459,Kurattissery,fh_30,Maintenance dredging of existing harbor in Kayamkulam,fishing_harbour,15.73
loc_4459,Kurattissery,fh_35,Development of Arthungal Fishing Harbor (Balance work),fishing_harbour,46.16
loc_4459,Kurattissery,port_02,Cochin Port,port,77.34
loc_4462,Kāttakampāla,fh_24,"Modernization and up-gradation of Cochin Fishing Harbour at Thoppumpady, Cochin",fishing_harbour,88.82
loc_4462,Kāttakampāla,fh_27,Upgradation and modernization of Harbour in Ponnani,fishing_harbour,14.11
loc_4462,Kāttakampāla,fh_28,Upgradation and modernization of Harbour in Puthiyappa,fishing_harbour,76.61
loc_4462,Kāttakampāla,fh_29,Upgradation and modernization of Harbour in Koyilandy,fishing_harbour,90.57
loc_4462,Kāttakampāla,fh_31,Maintenance dredging of existing harbor in Chettuva,fishing_harbour,30.62
loc_4462,Kāttakampāla,fh_32,Maintenance dredging of existing harbor in Ponnani,fishing_harbour,14.11
loc_4462,Kāttakampāla,fh_33,Maintenance dredging of existing harbor in Beypore,fishing_harbour,58.27
loc_4462,Kāttakampāla,fh_34,Maintenance dredging of existing harbor in Puthiyappa,fishing_harbour,76.61
loc_4462,Kāttakampāla,port_02,Cochin Port,port,85.06
loc_4476,Gobindapur,fh_63,Modernisation and upgradation of existing fishing harbour at Petuaghat,fishing_harbour,92.76
loc_4476,Gobindapur,fh_66,Modernisation and upgradation of existing fishing harbour at Kakdwip,fishing_harbour,79.81
loc_4476,Gobindapur,port_08,Kolkata Port,port,22.91
loc_4476,Gobindapur,port_09,Syama Prasad Mookerjee Port Haldia,port,62.69
loc_4487,Vadakkumbāgam,fh_24,"Modernization and up-gradation of Cochin Fishing Harbour at Thoppumpady, Cochin",fishing_harbour,28.51
loc_4487,Vadakkumbāgam,fh_27,Upgradation and modernization of Harbour in Ponnani,fishing_harbour,87.82
loc_4487,Vadakkumbāgam,fh_31,Maintenance dredging of existing harbor in Chettuva,fishing_harbour,49.8
loc_4487,Vadakkumbāgam,fh_32,Maintenance dredging of existing harbor in Ponnani,fishing_harbour,87.82
loc_4487,Vadakkumbāgam,fh_35,Development of Arthungal Fishing Harbor (Balance work),fishing_harbour,50.94
loc_4487,Vadakkumbāgam,port_02,Cochin Port,port,26.08
loc_4500,Nachane,fh_36,Development of Mallet Bunder Fishing Harbour,fishing_harbour,4.22
loc_4500,Nachane,fh_42,Construction of Fisheries Fishing Harbour at Harnai,fishing_harbour,96.61
loc_4500,Nachane,fh_43,Construction of Fisheries Fishing Harbour at Sakhari Nate,fishing_harbour,89.88
loc_4512,Chikiti,fh_02,Development of Budugatlapalem Fishing Harbour,fishing_harbour,71.73
loc_4516,Padiyam,fh_24,"Modernization and up-gradation of Cochin Fishing Harbour at Thoppumpady, Cochin",fishing_harbour,60.92
loc_4516,Padiyam,fh_27,Upgradation and modernization of Harbour in Ponnani,fishing_harbour,40.04
loc_4516,Padiyam,fh_31,Maintenance dredging of existing harbor in Chettuva,fishing_harbour,5.94
loc_4516,Padiyam,fh_32,Maintenance dredging of existing harbor in Ponnani,fishing_harbour,40.04
loc_4516,Padiyam,fh_33,Maintenance dredging of existing harbor in Beypore,fishing_harbour,85.95
loc_4516,Padiyam,fh_35,Development of Arthungal Fishing Harbor (Balance work),fishing_harbour,88.68
loc_4516,Padiyam,port_02,Cochin Port,port,57.16
loc_4520,Nadisāl,fh_17,Modernisation and Upgradation of Mangalore Fishing Harbour,fishing_harbour,26.27
loc_4520,Nadisāl,fh_18,Modernisation of Malpe Fishing Harbour,fishing_harbour,25.59
loc_4520,Nadisāl,fh_19,Modernisation of Gangoli Fishing Harbour,fishing_harbour,58.49
loc_4520,Nadisāl,fh_22,Kulai Fishing Harbour,fishing_harbour,19.35
loc_4520,Nadisāl,fh_23,Hejmadi Kodi Fishing Harbour,fishing_harbour,3.64
loc_4520,Nadisāl,fh_26,Expansion of Kasaragod Fishing Harbour,fishing_harbour,74.02
loc_4520,Nadisāl,port_03,New Mangalore Port,port,23.01
loc_4522,Veluthūr,fh_24,"Modernization and up-gradation of Cochin Fishing Harbour at Thoppumpady, Cochin",fishing_harbour,67.99
loc_4522,Veluthūr,fh_27,Upgradation and modernization of Harbour in Ponnani,fishing_harbour,41.06
loc_4522,Veluthūr,fh_31,Maintenance dredging of existing harbor in Chettuva,fishing_harbour,22.31
loc_4522,Veluthūr,fh_32,Maintenance dredging of existing harbor in Ponnani,fishing_harbour,41.06
loc_4522,Veluthūr,fh_33,Maintenance dredging of existing harbor in Beypore,fishing_harbour,83.38
loc_4522,Veluthūr,fh_35,Development of Arthungal Fishing Harbor (Balance work),fishing_harbour,95.34
loc_4522,Veluthūr,port_02,Cochin Port,port,64.26
loc_4526,Velloorkunnam,fh_24,"Modernization and up-gradation of Cochin Fishing Harbour at Thoppumpady, Cochin",fishing_harbour,31.49
loc_4526,Velloorkunnam,fh_30,Maintenance dredging of existing harbor in Kayamkulam,fishing_harbour,91.85
loc_4526,Velloorkunnam,fh_31,Maintenance dredging of existing harbor in Chettuva,fishing_harbour,70.55
loc_4526,Velloorkunnam,fh_35,Development of Arthungal Fishing Harbor (Balance work),fishing_harbour,41.73
loc_4526,Velloorkunnam,port_02,Cochin Port,port,31.54
loc_4527,Vadapādam,fh_24,"Modernization and up-gradation of Cochin Fishing Harbour at Thoppumpady, Cochin",fishing_harbour,37.51
loc_4527,Vadapādam,fh_27,Upgradation and modernization of Harbour in Ponnani,fishing_harbour,66.93
loc_4527,Vadapādam,fh_31,Maintenance dredging of existing harbor in Chettuva,fishing_harbour,28.27
loc_4527,Vadapādam,fh_32,Maintenance dredging of existing harbor in Ponnani,fishing_harbour,66.93
loc_4527,Vadapādam,fh_35,Development of Arthungal Fishing Harbor (Balance work),fishing_harbour,64.69
loc_4527,Vadapādam,port_02,Cochin Port,port,33.83
loc_4533,Tirurāgeswaram,fh_53,Modernization and up-gradation of Chennai Fishing Harbour,fishing_harbour,18.81
loc_4533,Tirurāgeswaram,fh_56,Construction of Fishing harbour at ThiruvottriyurKuppam,fishing_harbour,26.66
loc_4533,Tirurāgeswaram,port_05,Chennai Port,port,17.89
loc_4533,Tirurāgeswaram,port_11,Kamarajar Port,port,33.07
loc_4537,Uppala,fh_17,Modernisation and Upgradation of Mangalore Fishing Harbour,fishing_harbour,25.52
loc_4537,Uppala,fh_18,Modernisation of Malpe Fishing Harbour,fishing_harbour,77.14
loc_4537,Uppala,fh_22,Kulai Fishing Harbour,fishing_harbour,32.54
loc_4537,Uppala,fh_23,Hejmadi Kodi Fishing Harbour,fishing_harbour,48.03
loc_4537,Uppala,fh_26,Expansion of Kasaragod Fishing Harbour,fishing_harbour,22.68
loc_4537,Uppala,port_03,New Mangalore Port,port,28.75
loc_4538,Kōlazhi,fh_24,"Modernization and up-gradation of Cochin Fishing Harbour at Thoppumpady, Cochin",fishing_harbour,71.65
loc_4538,Kōlazhi,fh_27,Upgradation and modernization of Harbour in Ponnani,fishing_harbour,38.45
loc_4538,Kōlazhi,fh_28,Upgradation and modernization of Harbour in Puthiyappa,fishing_harbour,98.2
loc_4538,Kōlazhi,fh_31,Maintenance dredging of existing harbor in Chettuva,fishing_harbour,24.25
loc_4538,Kōlazhi,fh_32,Maintenance dredging of existing harbor in Ponnani,fishing_harbour,38.45
loc_4538,Kōlazhi,fh_33,Maintenance dredging of existing harbor in Beypore,fishing_harbour,80.05
loc_4538,Kōlazhi,fh_34,Maintenance dredging of existing harbor in Puthiyappa,fishing_harbour,98.2
loc_4538,Kōlazhi,fh_35,Development of Arthungal Fishing Harbor (Balance work),fishing_harbour,99.01
loc_4538,Kōlazhi,port_02,Cochin Port,port,67.92
loc_4555,Bandarulanka,fh_06,"Construction of Fishing Harbour, Uppada",fishing_harbour,68.39
loc_4555,Bandarulanka,fh_08,"Construction of Fishing Harbour, Machilipattinam",fishing_harbour,99.39
loc_4566,Azhagiapāndipuram,fh_25,Expansion of Muthalapozhy Fishing Harbour,fishing_harbour,80.25
loc_4566,Azhagiapāndipuram,fh_54,Maintenance Dredging of Colachel Fishing Harbour,fishing_harbour,25.21
loc_4566,Azhagiapāndipuram,fh_61,Expansion and Modernization of Thengapattinam Fishing,fishing_harbour,32.42
loc_4566,Azhagiapāndipuram,fh_62,Extension of T-Jetty at Tharuvaikulam,fishing_harbour,95.88
loc_4566,Azhagiapāndipuram,port_10,V.O. Chidambaranar Port,port,96.64
loc_4570,Kūttāli,fh_27,Upgradation and modernization of Harbour in Ponnani,fishing_harbour,92.41
loc_4570,Kūttāli,fh_28,Upgradation and modernization of Harbour in Puthiyappa,fishing_harbour,29.66
loc_4570,Kūttāli,fh_29,Upgradation and modernization of Harbour in Koyilandy,fishing_harbour,17.73
loc_4570,Kūttāli,fh_32,Maintenance dredging of existing harbor in Ponnani,fishing_harbour,92.41
loc_4570,Kūttāli,fh_33,Maintenance dredging of existing harbor in Beypore,fishing_harbour,46.44
loc_4570,Kūttāli,fh_34,Maintenance dredging of existing harbor in Puthiyappa,fishing_harbour,29.66
loc_4574,Utekhol,fh_37,Modernisation of Sassoon Dock Fishing Harbour,fishing_harbour,89.27
loc_4574,Utekhol,fh_38,Karanja Fishing Harbour (Revised),fishing_harbour,82.13
loc_4574,Utekhol,fh_40,Construction of Fisheries Fishing Harbour at Jeevana,fishing_harbour,47.2
loc_4574,Utekhol,fh_41,Construction of Fisheries Fishing Harbour at Bharadkhol,fishing_harbour,41.92
loc_4574,Utekhol,fh_42,Construction of Fisheries Fishing Harbour at Harnai,fishing_harbour,51.52
loc_4574,Utekhol,fh_43,Construction of Fisheries Fishing Harbour at Sakhari Nate,fishing_harbour,54.93
loc_4574,Utekhol,port_00,Mumbai Port,port,89.49
loc_4574,Utekhol,port_01,Jawaharlal Nehru Port (JNPT),port,86.16
loc_4594,Venkidanga,fh_24,"Modernization and up-gradation of Cochin Fishing Harbour at Thoppumpady, Cochin",fishing_harbour,68.54
loc_4594,Venkidanga,fh_27,Upgradation and modernization of Harbour in Ponnani,fishing_harbour,32.69
loc_4594,Venkidanga,fh_28,Upgradation and modernization of Harbour in Puthiyappa,fishing_harbour,96.73
loc_4594,Venkidanga,fh_31,Maintenance dredging of existing harbor in Chettuva,fishing_harbour,11.39
loc_4594,Venkidanga,fh_32,Maintenance dredging of existing harbor in Ponnani,fishing_harbour,32.69
loc_4594,Venkidanga,fh_33,Maintenance dredging of existing harbor in Beypore,fishing_harbour,78.39
loc_4594,Venkidanga,fh_34,Maintenance dredging of existing harbor in Puthiyappa,fishing_harbour,96.73
loc_4594,Venkidanga,fh_35,Development of Arthungal Fishing Harbor (Balance work),fishing_harbour,96.3
loc_4594,Venkidanga,port_02,Cochin Port,port,64.78
loc_4612,Tirumalarājanpatnam,fh_45,Development of Smart and Integrated Fishing Harbour at Karaikal,fishing_harbour,5.44
loc_4612,Tirumalarājanpatnam,fh_52,Up-gradation of Pazhayar Fishing Harbour,fishing_harbour,53.16
loc_4612,Tirumalarājanpatnam,fh_55,Construction of Fishing harbour at Tharangampadi,fishing_harbour,17.69
loc_4612,Tirumalarājanpatnam,fh_57,Development of existing Fishing Harbour at Mudhunagar,fishing_harbour,94.6
loc_4612,Tirumalarājanpatnam,fh_58,Development of Fishing Harbour at Arcottuthurai,fishing_harbour,35.79
loc_4612,Tirumalarājanpatnam,fh_60,Development of Fishing Harbour at Vellapallam,fishing_harbour,33.37
loc_4613,Antarjal,port_12,Deendayal Port,port,16.87
loc_4613,Antarjal,port_13,Mundra Port,port,51.05
loc_4617,Marungūr,fh_25,Expansion of Muthalapozhy Fishing Harbour,fishing_harbour,92.74
loc_4617,Marungūr,fh_54,Maintenance Dredging of Colachel Fishing Harbour,fishing_harbour,27.93
loc_4617,Marungūr,fh_61,Expansion and Modernization of Thengapattinam Fishing,fishing_harbour,40.73
loc_4617,Marungūr,port_10,V.O. Chidambaranar Port,port,99.86
loc_4646,Poomangalam,fh_24,"Modernization and up-gradation of Cochin Fishing Harbour at Thoppumpady, Cochin",fishing_harbour,43.23
loc_4646,Poomangalam,fh_27,Upgradation and modernization of Harbour in Ponnani,fishing_harbour,58.55
loc_4646,Poomangalam,fh_31,Maintenance dredging of existing harbor in Chettuva,fishing_harbour,18.9
loc_4646,Poomangalam,fh_32,Maintenance dredging of existing harbor in Ponnani,fishing_harbour,58.55
loc_4646,Poomangalam,fh_35,Development of Arthungal Fishing Harbor (Balance work),fishing_harbour,70.94
loc_4646,Poomangalam,port_02,Cochin Port,port,39.46
loc_4653,Velankanni,fh_45,Development of Smart and Integrated Fishing Harbour at Karaikal,fishing_harbour,26.33
loc_4653,Velankanni,fh_52,Up-gradation of Pazhayar Fishing Harbour,fishing_harbour,74.13
loc_4653,Velankanni,fh_55,Construction of Fishing harbour at Tharangampadi,fishing_harbour,38.59
loc_4653,Velankanni,fh_58,Development of Fishing Harbour at Arcottuthurai,fishing_harbour,16.46
loc_4653,Velankanni,fh_60,Development of Fishing Harbour at Vellapallam,fishing_harbour,14.01
loc_4660,Cheyyur,fh_49,Construction of Fishing Harbour at Thengaithittu,fishing_harbour,53.8
loc_4660,Cheyyur,fh_50,Upgradation of Puducherry Fishing Harbour,fishing_harbour,50.29
loc_4660,Cheyyur,fh_53,Modernization and up-gradation of Chennai Fishing Harbour,fishing_harbour,88.42
loc_4660,Cheyyur,fh_56,Construction of Fishing harbour at ThiruvottriyurKuppam,fishing_harbour,97.89
loc_4660,Cheyyur,fh_57,Development of existing Fishing Harbour at Mudhunagar,fishing_harbour,74.82
loc_4660,Cheyyur,fh_59,Construction of Fishing harbour at Azhagankuppam,fishing_harbour,35.89
loc_4660,Cheyyur,port_05,Chennai Port,port,87.6
loc_4661,Chiramanangād,fh_24,"Modernization and up-gradation of Cochin Fishing Harbour at Thoppumpady, Cochin",fishing_harbour,86.18
loc_4661,Chiramanangād,fh_27,Upgradation and modernization of Harbour in Ponnani,fishing_harbour,22.34
loc_4661,Chiramanangād,fh_28,Upgradation and modernization of Harbour in Puthiyappa,fishing_harbour,81.24
loc_4661,Chiramanangād,fh_29,Upgradation and modernization of Harbour in Koyilandy,fishing_harbour,95.0
loc_4661,Chiramanangād,fh_31,Maintenance dredging of existing harbor in Chettuva,fishing_harbour,30.73
loc_4661,Chiramanangād,fh_32,Maintenance dredging of existing harbor in Ponnani,fishing_harbour,22.34
loc_4661,Chiramanangād,fh_33,Maintenance dredging of existing harbor in Beypore,fishing_harbour,63.03
loc_4661,Chiramanangād,fh_34,Maintenance dredging of existing harbor in Puthiyappa,fishing_harbour,81.24
loc_4661,Chiramanangād,port_02,Cochin Port,port,82.41
loc_4662,Kottāram,fh_25,Expansion of Muthalapozhy Fishing Harbour,fishing_harbour,97.82
loc_4662,Kottāram,fh_54,Maintenance Dredging of Colachel Fishing Harbour,fishing_harbour,30.95
loc_4662,Kottāram,fh_61,Expansion and Modernization of Thengapattinam Fishing,fishing_harbour,44.92
loc_4667,Varsoli,fh_37,Modernisation of Sassoon Dock Fishing Harbour,fishing_harbour,28.49
loc_4667,Varsoli,fh_38,Karanja Fishing Harbour (Revised),fishing_harbour,28.38
loc_4667,Varsoli,fh_40,Construction of Fisheries Fishing Harbour at Jeevana,fishing_harbour,19.59
loc_4667,Varsoli,fh_41,Construction of Fisheries Fishing Harbour at Bharadkhol,fishing_harbour,63.21
loc_4667,Varsoli,fh_42,Construction of Fisheries Fishing Harbour at Harnai,fishing_harbour,96.97
loc_4667,Varsoli,port_00,Mumbai Port,port,29.64
loc_4667,Varsoli,port_01,Jawaharlal Nehru Port (JNPT),port,32.65
loc_4668,Attippattu,fh_53,Modernization and up-gradation of Chennai Fishing Harbour,fishing_harbour,19.29
loc_4668,Attippattu,fh_56,Construction of Fishing harbour at ThiruvottriyurKuppam,fishing_harbour,11.2
loc_4668,Attippattu,port_05,Chennai Port,port,19.87
loc_4668,Attippattu,port_11,Kamarajar Port,port,5.89
loc_4677,Anjugramam,fh_54,Maintenance Dredging of Colachel Fishing Harbour,fishing_harbour,36.22
loc_4677,Anjugramam,fh_61,Expansion and Modernization of Thengapattinam Fishing,fishing_harbour,49.14
loc_4677,Anjugramam,fh_62,Extension of T-Jetty at Tharuvaikulam,fishing_harbour,96.42
loc_4677,Anjugramam,port_10,V.O. Chidambaranar Port,port,95.21
loc_4683,Manavālakurichi,fh_25,Expansion of Muthalapozhy Fishing Harbour,fishing_harbour,76.62
loc_4683,Manavālakurichi,fh_54,Maintenance Dredging of Colachel Fishing Harbour,fishing_harbour,7.08
loc_4683,Manavālakurichi,fh_61,Expansion and Modernization of Thengapattinam Fishing,fishing_harbour,22.56
loc_4688,Solim,fh_39,Anandwadi (Fishing Harbour),fishing_harbour,58.81
loc_4688,Solim,port_04,Mormugao Port,port,23.23
loc_4690,Bhimpur,fh_44,Development of Fishing Harbour at Satpati,fishing_harbour,82.83
loc_4692,Rahanal,fh_37,Modernisation of Sassoon Dock Fishing Harbour,fishing_harbour,44.13
loc_4692,Rahanal,fh_38,Karanja Fishing Harbour (Revised),fishing_harbour,40.89
loc_4692,Rahanal,fh_40,Construction of Fisheries Fishing Harbour at Jeevana,fishing_harbour,86.27
loc_4692,Rahanal,fh_44,Development of Fishing Harbour at Satpati,fishing_harbour,62.74
loc_4692,Rahanal,port_00,Mumbai Port,port,42.12
loc_4692,Rahanal,port_01,Jawaharlal Nehru Port (JNPT),port,36.54
loc_4693,Bhuja Bhuja Nellore,fh_05,Juvvaladinne Fishing Harbour,fishing_harbour,46.6
loc_4700,Gudlavalleru,fh_08,"Construction of Fishing Harbour, Machilipattinam",fishing_harbour,20.74
loc_4700,Gudlavalleru,fh_09,"Construction of Fishing Harbour, Nizampattinam",fishing_harbour,65.8
loc_4707,Māyāpur,fh_63,Modernisation and upgradation of existing fishing harbour at Petuaghat,fishing_harbour,74.55
loc_4707,Māyāpur,fh_64,Modernisation and upgradation of existing fishing harbour at Shankarpur,fishing_harbour,99.7
loc_4707,Māyāpur,fh_65,Modernisation and upgradation of existing fishing harbour at Frasergunj,fishing_harbour,96.4
loc_4707,Māyāpur,fh_66,Modernisation and upgradation of existing fishing harbour at Kakdwip,fishing_harbour,60.03
loc_4707,Māyāpur,port_08,Kolkata Port,port,25.57
loc_4707,Māyāpur,port_09,Syama Prasad Mookerjee Port Haldia,port,43.39
loc_4711,Anjūr,fh_24,"Modernization and up-gradation of Cochin Fishing Harbour at Thoppumpady, Cochin",fishing_harbour,74.65
loc_4711,Anjūr,fh_27,Upgradation and modernization of Harbour in Ponnani,fishing_harbour,31.54
loc_4711,Anjūr,fh_28,Upgradation and modernization of Harbour in Puthiyappa,fishing_harbour,92.77
loc_4711,Anjūr,fh_31,Maintenance dredging of existing harbor in Chettuva,fishing_harbour,21.71
loc_4711,Anjūr,fh_32,Maintenance dredging of existing harbor in Ponnani,fishing_harbour,31.54
loc_4711,Anjūr,fh_33,Maintenance dredging of existing harbor in Beypore,fishing_harbour,74.5
loc_4711,Anjūr,fh_34,Maintenance dredging of existing harbor in Puthiyappa,fishing_harbour,92.77
loc_4711,Anjūr,port_02,Cochin Port,port,70.89
loc_4715,Valavilcheleri,fh_26,Expansion of Kasaragod Fishing Harbour,fishing_harbour,75.72
loc_4715,Valavilcheleri,fh_28,Upgradation and modernization of Harbour in Puthiyappa,fishing_harbour,79.27
loc_4715,Valavilcheleri,fh_29,Upgradation and modernization of Harbour in Koyilandy,fishing_harbour,65.45
loc_4715,Valavilcheleri,fh_33,Maintenance dredging of existing harbor in Beypore,fishing_harbour,97.59
loc_4715,Valavilcheleri,fh_34,Maintenance dredging of existing harbor in Puthiyappa,fishing_harbour,79.27
loc_4724,Jāli,fh_18,Modernisation of Malpe Fishing Harbour,fishing_harbour,73.48
loc_4724,Jāli,fh_19,Modernisation of Gangoli Fishing Harbour,fishing_harbour,41.1
loc_4724,Jāli,fh_20,Maintenance Dredging at Amadalli Fishing Harbour,fishing_harbour,80.29
loc_4724,Jāli,fh_21,Dredging work at Tadari Fishing Harbour,fishing_harbour,55.35
loc_4725,Tekkumbāgam,fh_24,"Modernization and up-gradation of Cochin Fishing Harbour at Thoppumpady, Cochin",fishing_harbour,26.84
loc_4725,Tekkumbāgam,fh_27,Upgradation and modernization of Harbour in Ponnani,fishing_harbour,89.44
loc_4725,Tekkumbāgam,fh_31,Maintenance dredging of existing harbor in Chettuva,fishing_harbour,51.08
loc_4725,Tekkumbāgam,fh_32,Maintenance dredging of existing harbor in Ponnani,fishing_harbour,89.44
loc_4725,Tekkumbāgam,fh_35,Development of Arthungal Fishing Harbor (Balance work),fishing_harbour,48.92
loc_4725,Tekkumbāgam,port_02,Cochin Port,port,24.54
loc_4728,Kizhakkumbāgam,fh_24,"Modernization and up-gradation of Cochin Fishing Harbour at Thoppumpady, Cochin",fishing_harbour,29.46
loc_4728,Kizhakkumbāgam,fh_27,Upgradation and modernization of Harbour in Ponnani,fishing_harbour,90.6
loc_4728,Kizhakkumbāgam,fh_31,Maintenance dredging of existing harbor in Chettuva,fishing_harbour,52.92
loc_4728,Kizhakkumbāgam,fh_32,Maintenance dredging of existing harbor in Ponnani,fishing_harbour,90.6
loc_4728,Kizhakkumbāgam,fh_35,Development of Arthungal Fishing Harbor (Balance work),fishing_harbour,50.41
loc_4728,Kizhakkumbāgam,port_02,Cochin Port,port,27.36
loc_4749,Rājāpur,fh_36,Development of Mallet Bunder Fishing Harbour,fishing_harbour,43.66
loc_4749,Rājāpur,fh_39,Anandwadi (Fishing Harbour),fishing_harbour,66.55
loc_4751,Raia,fh_20,Maintenance Dredging at Amadalli Fishing Harbour,fishing_harbour,78.02
loc_4751,Raia,fh_39,Anandwadi (Fishing Harbour),fishing_harbour,99.62
loc_4751,Raia,port_04,Mormugao Port,port,21.3
loc_4764,Puranattukara,fh_24,"Modernization and up-gradation of Cochin Fishing Harbour at Thoppumpady, Cochin",fishing_harbour,69.62
loc_4764,Puranattukara,fh_27,Upgradation and modernization of Harbour in Ponnani,fishing_harbour,34.84
loc_4764,Puranattukara,fh_28,Upgradation and modernization of Harbour in Puthiyappa,fishing_harbour,97.19
loc_4764,Puranattukara,fh_31,Maintenance dredging of existing harbor in Chettuva,fishing_harbour,17.2
loc_4764,Puranattukara,fh_32,Maintenance dredging of existing harbor in Ponnani,fishing_harbour,34.84
loc_4764,Puranattukara,fh_33,Maintenance dredging of existing harbor in Beypore,fishing_harbour,78.88
loc_4764,Puranattukara,fh_34,Maintenance dredging of existing harbor in Puthiyappa,fishing_harbour,97.19
loc_4764,Puranattukara,fh_35,Development of Arthungal Fishing Harbor (Balance work),fishing_harbour,97.3
loc_4764,Puranattukara,port_02,Cochin Port,port,65.85
loc_4772,Kulattūr,fh_62,Extension of T-Jetty at Tharuvaikulam,fishing_harbour,21.18
loc_4772,Kulattūr,port_10,V.O. Chidambaranar Port,port,27.04
loc_4788,Naliya,fh_10,Development of Smart and Integrated Fishing Harbour at Jakhau,fishing_harbour,11.4
loc_4799,Pavuluru,fh_03,Development of Kothapatnam Fishing Harbour,fishing_harbour,45.99
loc_4799,Pavuluru,fh_07,"Construction of Fishing Harbour, Vodarevu",fishing_harbour,33.69
loc_4799,Pavuluru,fh_09,"Construction of Fishing Harbour, Nizampattinam",fishing_harbour,52.17
loc_4803,Mithapur,fh_10,Development of Smart and Integrated Fishing Harbour at Jakhau,fishing_harbour,95.43
loc_4803,Mithapur,port_13,Mundra Port,port,81.51
loc_4807,Ala,fh_24,"Modernization and up-gradation of Cochin Fishing Harbour at Thoppumpady, Cochin",fishing_harbour,37.14
loc_4807,Ala,fh_27,Upgradation and modernization of Harbour in Ponnani,fishing_harbour,63.87
loc_4807,Ala,fh_31,Maintenance dredging of existing harbor in Chettuva,fishing_harbour,23.06
loc_4807,Ala,fh_32,Maintenance dredging of existing harbor in Ponnani,fishing_harbour,63.87
loc_4807,Ala,fh_35,Development of Arthungal Fishing Harbor (Balance work),fishing_harbour,64.9
loc_4807,Ala,port_02,Cochin Port,port,33.37
loc_4810,Poyya,fh_24,"Modernization and up-gradation of Cochin Fishing Harbour at Thoppumpady, Cochin",fishing_harbour,31.17
loc_4810,Poyya,fh_27,Upgradation and modernization of Harbour in Ponnani,fishing_harbour,71.71
loc_4810,Poyya,fh_31,Maintenance dredging of existing harbor in Chettuva,fishing_harbour,31.64
loc_4810,Poyya,fh_32,Maintenance dredging of existing harbor in Ponnani,fishing_harbour,71.71
loc_4810,Poyya,fh_35,Development of Arthungal Fishing Harbor (Balance work),fishing_harbour,58.55
loc_4810,Poyya,port_02,Cochin Port,port,27.45
loc_4811,Daheli,fh_44,Development of Fishing Harbour at Satpati,fishing_harbour,63.51
loc_4813,Keerikkad,fh_24,"Modernization and up-gradation of Cochin Fishing Harbour at Thoppumpady, Cochin",fishing_harbour,86.98
loc_4813,Keerikkad,fh_25,Expansion of Muthalapozhy Fishing Harbour,fishing_harbour,71.87
loc_4813,Keerikkad,fh_30,Maintenance dredging of existing harbor in Kayamkulam,fishing_harbour,1.62
loc_4813,Keerikkad,fh_35,Development of Arthungal Fishing Harbor (Balance work),fishing_harbour,59.21
loc_4813,Keerikkad,port_02,Cochin Port,port,90.74
loc_4821,Sūrappattu,fh_53,Modernization and up-gradation of Chennai Fishing Harbour,fishing_harbour,13.12
loc_4821,Sūrappattu,fh_56,Construction of Fishing harbour at ThiruvottriyurKuppam,fishing_harbour,15.27
loc_4821,Sūrappattu,port_05,Chennai Port,port,12.78
loc_4821,Sūrappattu,port_11,Kamarajar Port,port,19.34
loc_4823,Kadannappalli,fh_26,Expansion of Kasaragod Fishing Harbour,fishing_harbour,54.27
loc_4823,Kadannappalli,fh_29,Upgradation and modernization of Harbour in Koyilandy,fishing_harbour,86.68
loc_4827,Manor,fh_37,Modernisation of Sassoon Dock Fishing Harbour,fishing_harbour,89.83
loc_4827,Manor,fh_38,Karanja Fishing Harbour (Revised),fishing_harbour,90.66
loc_4827,Manor,fh_44,Development of Fishing Harbour at Satpati,fishing_harbour,24.05
loc_4827,Manor,port_00,Mumbai Port,port,88.34
loc_4827,Manor,port_01,Jawaharlal Nehru Port (JNPT),port,86.21
loc_4829,Revadanda,fh_37,Modernisation of Sassoon Dock Fishing Harbour,fishing_harbour,41.96
loc_4829,Revadanda,fh_38,Karanja Fishing Harbour (Revised),fishing_harbour,39.71
loc_4829,Revadanda,fh_40,Construction of Fisheries Fishing Harbour at Jeevana,fishing_harbour,5.98
loc_4829,Revadanda,fh_41,Construction of Fisheries Fishing Harbour at Bharadkhol,fishing_harbour,50.44
loc_4829,Revadanda,fh_42,Construction of Fisheries Fishing Harbour at Harnai,fishing_harbour,83.4
loc_4829,Revadanda,fh_43,Construction of Fisheries Fishing Harbour at Sakhari Nate,fishing_harbour,90.03
loc_4829,Revadanda,port_00,Mumbai Port,port,42.91
loc_4829,Revadanda,port_01,Jawaharlal Nehru Port (JNPT),port,44.15
loc_4834,Vadakkumkara,fh_24,"Modernization and up-gradation of Cochin Fishing Harbour at Thoppumpady, Cochin",fishing_harbour,41.98
loc_4834,Vadakkumkara,fh_27,Upgradation and modernization of Harbour in Ponnani,fishing_harbour,60.67
loc_4834,Vadakkumkara,fh_31,Maintenance dredging of existing harbor in Chettuva,fishing_harbour,21.64
loc_4834,Vadakkumkara,fh_32,Maintenance dredging of existing harbor in Ponnani,fishing_harbour,60.67
loc_4834,Vadakkumkara,fh_35,Development of Arthungal Fishing Harbor (Balance work),fishing_harbour,69.57
loc_4834,Vadakkumkara,port_02,Cochin Port,port,38.22
loc_4838,Manjanādi,fh_17,Modernisation and Upgradation of Mangalore Fishing Harbour,fishing_harbour,15.53
loc_4838,Manjanādi,fh_18,Modernisation of Malpe Fishing Harbour,fishing_harbour,66.62
loc_4838,Manjanādi,fh_19,Modernisation of Gangoli Fishing Harbour,fishing_harbour,99.28
loc_4838,Manjanādi,fh_22,Kulai Fishing Harbour,fishing_harbour,22.38
loc_4838,Manjanādi,fh_23,Hejmadi Kodi Fishing Harbour,fishing_harbour,37.52
loc_4838,Manjanādi,fh_26,Expansion of Kasaragod Fishing Harbour,fishing_harbour,32.99
loc_4838,Manjanādi,port_03,New Mangalore Port,port,18.6
loc_4840,Saravli,fh_37,Modernisation of Sassoon Dock Fishing Harbour,fishing_harbour,95.64
loc_4840,Saravli,fh_38,Karanja Fishing Harbour (Revised),fishing_harbour,98.6
loc_4840,Saravli,fh_44,Development of Fishing Harbour at Satpati,fishing_harbour,9.24
loc_4840,Saravli,port_00,Mumbai Port,port,94.45
loc_4840,Saravli,port_01,Jawaharlal Nehru Port (JNPT),port,94.26
loc_4846,Eraniel,fh_25,Expansion of Muthalapozhy Fishing Harbour,fishing_harbour,73.57
loc_4846,Eraniel,fh_54,Maintenance Dredging of Colachel Fishing Harbour,fishing_harbour,7.94
loc_4846,Eraniel,fh_61,Expansion and Modernization of Thengapattinam Fishing,fishing_harbour,20.17
loc_4851,Acharapākkam,fh_49,Construction of Fishing Harbour at Thengaithittu,fishing_harbour,55.91
loc_4851,Acharapākkam,fh_50,Upgradation of Puducherry Fishing Harbour,fishing_harbour,52.59
loc_4851,Acharapākkam,fh_53,Modernization and up-gradation of Chennai Fishing Harbour,fishing_harbour,92.65
loc_4851,Acharapākkam,fh_57,Development of existing Fishing Harbour at Mudhunagar,fishing_harbour,76.18
loc_4851,Acharapākkam,fh_59,Construction of Fishing harbour at Azhagankuppam,fishing_harbour,39.82
loc_4851,Acharapākkam,port_05,Chennai Port,port,91.75
loc_4866,Prothrapur,port_14,Port Blair Port,port,6.12
loc_4870,Vayilathūr,fh_24,"Modernization and up-gradation of Cochin Fishing Harbour at Thoppumpady, Cochin",fishing_harbour,83.62
loc_4870,Vayilathūr,fh_27,Upgradation and modernization of Harbour in Ponnani,fishing_harbour,17.3
loc_4870,Vayilathūr,fh_28,Upgradation and modernization of Harbour in Puthiyappa,fishing_harbour,81.46
loc_4870,Vayilathūr,fh_29,Upgradation and modernization of Harbour in Koyilandy,fishing_harbour,95.48
loc_4870,Vayilathūr,fh_31,Maintenance dredging of existing harbor in Chettuva,fishing_harbour,24.85
loc_4870,Vayilathūr,fh_32,Maintenance dredging of existing harbor in Ponnani,fishing_harbour,17.3
loc_4870,Vayilathūr,fh_33,Maintenance dredging of existing harbor in Beypore,fishing_harbour,63.15
loc_4870,Vayilathūr,fh_34,Maintenance dredging of existing harbor in Puthiyappa,fishing_harbour,81.46
loc_4870,Vayilathūr,port_02,Cochin Port,port,79.88
loc_4879,Agaram,fh_53,Modernization and up-gradation of Chennai Fishing Harbour,fishing_harbour,7.56
loc_4879,Agaram,fh_56,Construction of Fishing harbour at ThiruvottriyurKuppam,fishing_harbour,12.41
loc_4879,Agaram,port_05,Chennai Port,port,7.09
loc_4879,Agaram,port_11,Kamarajar Port,port,18.5
loc_4889,Kōteshwar,fh_17,Modernisation and Upgradation of Mangalore Fishing Harbour,fishing_harbour,77.82
loc_4889,Kōteshwar,fh_18,Modernisation of Malpe Fishing Harbour,fishing_harbour,26.62
loc_4889,Kōteshwar,fh_19,Modernisation of Gangoli Fishing Harbour,fishing_harbour,6.97
loc_4889,Kōteshwar,fh_22,Kulai Fishing Harbour,fishing_harbour,70.88
loc_4889,Kōteshwar,fh_23,Hejmadi Kodi Fishing Harbour,fishing_harbour,55.16
loc_4889,Kōteshwar,port_03,New Mangalore Port,port,74.55
loc_4890,São José de Areal,fh_20,Maintenance Dredging at Amadalli Fishing Harbour,fishing_harbour,70.99
loc_4890,São José de Areal,fh_21,Dredging work at Tadari Fishing Harbour,fishing_harbour,97.52
loc_4890,São José de Areal,port_04,Mormugao Port,port,28.36
loc_4908,Sikkarayapuram,fh_53,Modernization and up-gradation of Chennai Fishing Harbour,fishing_harbour,22.84
loc_4908,Sikkarayapuram,fh_56,Construction of Fishing harbour at ThiruvottriyurKuppam,fishing_harbour,29.88
loc_4908,Sikkarayapuram,port_05,Chennai Port,port,21.96
loc_4908,Sikkarayapuram,port_11,Kamarajar Port,port,35.66
loc_4918,Chiranellūr,fh_24,"Modernization and up-gradation of Cochin Fishing Harbour at Thoppumpady, Cochin",fishing_harbour,79.37
loc_4918,Chiranellūr,fh_27,Upgradation and modernization of Harbour in Ponnani,fishing_harbour,27.63
loc_4918,Chiranellūr,fh_28,Upgradation and modernization of Harbour in Puthiyappa,fishing_harbour,88.08
loc_4918,Chiranellūr,fh_31,Maintenance dredging of existing harbor in Chettuva,fishing_harbour,25.2
loc_4918,Chiranellūr,fh_32,Maintenance dredging of existing harbor in Ponnani,fishing_harbour,27.63
loc_4918,Chiranellūr,fh_33,Maintenance dredging of existing harbor in Beypore,fishing_harbour,69.84
loc_4918,Chiranellūr,fh_34,Maintenance dredging of existing harbor in Puthiyappa,fishing_harbour,88.08
loc_4918,Chiranellūr,port_02,Cochin Port,port,75.6
loc_4931,Mayilādi,fh_25,Expansion of Muthalapozhy Fishing Harbour,fishing_harbour,93.92
loc_4931,Mayilādi,fh_54,Maintenance Dredging of Colachel Fishing Harbour,fishing_harbour,28.27
loc_4931,Mayilādi,fh_61,Expansion and Modernization of Thengapattinam Fishing,fishing_harbour,41.53
loc_4942,Mākhjan,fh_36,Development of Mallet Bunder Fishing Harbour,fishing_harbour,37.7
loc_4942,Mākhjan,fh_42,Construction of Fisheries Fishing Harbour at Harnai,fishing_harbour,75.07
loc_4942,Mākhjan,fh_43,Construction of Fisheries Fishing Harbour at Sakhari Nate,fishing_harbour,67.48
loc_4945,Arambol,fh_39,Anandwadi (Fishing Harbour),fishing_harbour,48.49
loc_4945,Arambol,port_04,Mormugao Port,port,32.66
loc_4946,vadlamuru,fh_01,Development of Pudimadaka Fishing Harbour,fishing_harbour,95.22
loc_4946,vadlamuru,fh_06,"Construction of Fishing Harbour, Uppada",fishing_harbour,18.61
loc_4948,Rāmamangalam,fh_24,"Modernization and up-gradation of Cochin Fishing Harbour at Thoppumpady, Cochin",fishing_harbour,25.19
loc_4948,Rāmamangalam,fh_30,Maintenance dredging of existing harbor in Kayamkulam,fishing_harbour,83.77
loc_4948,Rāmamangalam,fh_31,Maintenance dredging of existing harbor in Chettuva,fishing_harbour,72.44
loc_4948,Rāmamangalam,fh_35,Development of Arthungal Fishing Harbor (Balance work),fishing_harbour,32.24
loc_4948,Rāmamangalam,port_02,Cochin Port,port,26.22
loc_4962,Chāndbāli,fh_47,Modernisation of Paradip Fishing Harbour,fishing_harbour,57.64
loc_4962,Chāndbāli,fh_48,Development of Stage-II Fishing Harbour at Nuagarh (Astranga),fishing_harbour,98.27
loc_4962,Chāndbāli,fh_51,Chandipur Fishing Harbour,fishing_harbour,82.49
loc_4962,Chāndbāli,port_07,Paradip Port,port,56.65
loc_4963,Kozhukkully,fh_24,"Modernization and up-gradation of Cochin Fishing Harbour at Thoppumpady, Cochin",fishing_harbour,65.71
loc_4963,Kozhukkully,fh_27,Upgradation and modernization of Harbour in Ponnani,fishing_harbour,47.05
loc_4963,Kozhukkully,fh_31,Maintenance dredging of existing harbor in Chettuva,fishing_harbour,26.35
loc_4963,Kozhukkully,fh_32,Maintenance dredging of existing harbor in Ponnani,fishing_harbour,47.05
loc_4963,Kozhukkully,fh_33,Maintenance dredging of existing harbor in Beypore,fishing_harbour,88.44
loc_4963,Kozhukkully,fh_35,Development of Arthungal Fishing Harbor (Balance work),fishing_harbour,92.64
loc_4963,Kozhukkully,port_02,Cochin Port,port,62.05
loc_4966,Puthukkadai,fh_25,Expansion of Muthalapozhy Fishing Harbour,fishing_harbour,56.82
loc_4966,Puthukkadai,fh_54,Maintenance Dredging of Colachel Fishing Harbour,fishing_harbour,13.19
loc_4966,Puthukkadai,fh_61,Expansion and Modernization of Thengapattinam Fishing,fishing_harbour,3.26
loc_4990,Anthicad,fh_24,"Modernization and up-gradation of Cochin Fishing Harbour at Thoppumpady, Cochin",fishing_harbour,60.96
loc_4990,Anthicad,fh_27,Upgradation and modernization of Harbour in Ponnani,fishing_harbour,40.48
loc_4990,Anthicad,fh_31,Maintenance dredging of existing harbor in Chettuva,fishing_harbour,7.96
loc_4990,Anthicad,fh_32,Maintenance dredging of existing harbor in Ponnani,fishing_harbour,40.48
loc_4990,Anthicad,fh_33,Maintenance dredging of existing harbor in Beypore,fishing_harbour,86.13
loc_4990,Anthicad,fh_35,Development of Arthungal Fishing Harbor (Balance work),fishing_harbour,88.73
loc_4990,Anthicad,port_02,Cochin Port,port,57.19
loc_4996,Alūr,fh_24,"Modernization and up-gradation of Cochin Fishing Harbour at Thoppumpady, Cochin",fishing_harbour,77.21
loc_4996,Alūr,fh_27,Upgradation and modernization of Harbour in Ponnani,fishing_harbour,25.97
loc_4996,Alūr,fh_28,Upgradation and modernization of Harbour in Puthiyappa,fishing_harbour,88.7
loc_4996,Alūr,fh_31,Maintenance dredging of existing harbor in Chettuva,fishing_harbour,20.72
loc_4996,Alūr,fh_32,Maintenance dredging of existing harbor in Ponnani,fishing_harbour,25.97
loc_4996,Alūr,fh_33,Maintenance dredging of existing harbor in Beypore,fishing_harbour,70.37
loc_4996,Alūr,fh_34,Maintenance dredging of existing harbor in Puthiyappa,fishing_harbour,88.7
loc_4996,Alūr,port_02,Cochin Port,port,73.44
loc_5003,Gāndhī Nagar,fh_53,Modernization and up-gradation of Chennai Fishing Harbour,fishing_harbour,10.54
loc_5003,Gāndhī Nagar,fh_56,Construction of Fishing harbour at ThiruvottriyurKuppam,fishing_harbour,19.96
loc_5003,Gāndhī Nagar,port_05,Chennai Port,port,9.68
loc_5003,Gāndhī Nagar,port_11,Kamarajar Port,port,27.59
loc_5013,Thanniyam,fh_24,"Modernization and up-gradation of Cochin Fishing Harbour at Thoppumpady, Cochin",fishing_harbour,56.14
loc_5013,Thanniyam,fh_27,Upgradation and modernization of Harbour in Ponnani,fishing_harbour,45.14
loc_5013,Thanniyam,fh_31,Maintenance dredging of existing harbor in Chettuva,fishing_harbour,8.03
loc_5013,Thanniyam,fh_32,Maintenance dredging of existing harbor in Ponnani,fishing_harbour,45.14
loc_5013,Thanniyam,fh_33,Maintenance dredging of existing harbor in Beypore,fishing_harbour,90.91
loc_5013,Thanniyam,fh_35,Development of Arthungal Fishing Harbor (Balance work),fishing_harbour,83.91
loc_5013,Thanniyam,port_02,Cochin Port,port,52.38
loc_5014,Puduvāyal,fh_53,Modernization and up-gradation of Chennai Fishing Harbour,fishing_harbour,31.49
loc_5014,Puduvāyal,fh_56,Construction of Fishing harbour at ThiruvottriyurKuppam,fishing_harbour,26.73
loc_5014,Puduvāyal,port_05,Chennai Port,port,31.64
loc_5014,Puduvāyal,port_11,Kamarajar Port,port,23.29
loc_5016,Kīkāna,fh_17,Modernisation and Upgradation of Mangalore Fishing Harbour,fishing_harbour,62.97
loc_5016,Kīkāna,fh_22,Kulai Fishing Harbour,fishing_harbour,69.95
loc_5016,Kīkāna,fh_23,Hejmadi Kodi Fishing Harbour,fishing_harbour,85.2
loc_5016,Kīkāna,fh_26,Expansion of Kasaragod Fishing Harbour,fishing_harbour,14.89
loc_5016,Kīkāna,port_03,New Mangalore Port,port,66.16
loc_5019,Periyapattinam,fh_62,Extension of T-Jetty at Tharuvaikulam,fishing_harbour,97.68
loc_5019,Periyapattinam,port_10,V.O. Chidambaranar Port,port,96.79
loc_5021,Agastīswaram,fh_25,Expansion of Muthalapozhy Fishing Harbour,fishing_harbour,98.75
loc_5021,Agastīswaram,fh_54,Maintenance Dredging of Colachel Fishing Harbour,fishing_harbour,31.2
loc_5021,Agastīswaram,fh_61,Expansion and Modernization of Thengapattinam Fishing,fishing_harbour,45.54
loc_5025,Bajpe,fh_17,Modernisation and Upgradation of Mangalore Fishing Harbour,fishing_harbour,11.25
loc_5025,Bajpe,fh_18,Modernisation of Malpe Fishing Harbour,fishing_harbour,45.64
loc_5025,Bajpe,fh_19,Modernisation of Gangoli Fishing Harbour,fishing_harbour,77.65
loc_5025,Bajpe,fh_22,Kulai Fishing Harbour,fishing_harbour,9.29
loc_5025,Bajpe,fh_23,Hejmadi Kodi Fishing Harbour,fishing_harbour,17.38
loc_5025,Bajpe,fh_26,Expansion of Kasaragod Fishing Harbour,fishing_harbour,54.65
loc_5025,Bajpe,port_03,New Mangalore Port,port,9.42
loc_5026,Mohpada,fh_37,Modernisation of Sassoon Dock Fishing Harbour,fishing_harbour,37.12
loc_5026,Mohpada,fh_38,Karanja Fishing Harbour (Revised),fishing_harbour,24.45
loc_5026,Mohpada,fh_40,Construction of Fisheries Fishing Harbour at Jeevana,fishing_harbour,51.76
loc_5026,Mohpada,fh_41,Construction of Fisheries Fishing Harbour at Bharadkhol,fishing_harbour,93.1
loc_5026,Mohpada,port_00,Mumbai Port,port,35.49
loc_5026,Mohpada,port_01,Jawaharlal Nehru Port (JNPT),port,25.06
loc_5034,Mhasla,fh_37,Modernisation of Sassoon Dock Fishing Harbour,fishing_harbour,92.37
loc_5034,Mhasla,fh_38,Karanja Fishing Harbour (Revised),fishing_harbour,88.02
loc_5034,Mhasla,fh_40,Construction of Fisheries Fishing Harbour at Jeevana,fishing_harbour,45.05
loc_5034,Mhasla,fh_41,Construction of Fisheries Fishing Harbour at Bharadkhol,fishing_harbour,20.59
loc_5034,Mhasla,fh_42,Construction of Fisheries Fishing Harbour at Harnai,fishing_harbour,34.92
loc_5034,Mhasla,fh_43,Construction of Fisheries Fishing Harbour at Sakhari Nate,fishing_harbour,40.52
loc_5034,Mhasla,port_00,Mumbai Port,port,93.11
loc_5034,Mhasla,port_01,Jawaharlal Nehru Port (JNPT),port,92.39
loc_5036,Pilikōdu,fh_17,Modernisation and Upgradation of Mangalore Fishing Harbour,fishing_harbour,87.2
loc_5036,Pilikōdu,fh_22,Kulai Fishing Harbour,fishing_harbour,94.16
loc_5036,Pilikōdu,fh_26,Expansion of Kasaragod Fishing Harbour,fishing_harbour,39.18
loc_5036,Pilikōdu,port_03,New Mangalore Port,port,90.36
loc_5043,Anjuna,fh_39,Anandwadi (Fishing Harbour),fishing_harbour,60.93
loc_5043,Anjuna,port_04,Mormugao Port,port,20.03
loc_5045,Alagappapuram,fh_25,Expansion of Muthalapozhy Fishing Harbour,fishing_harbour,97.74
loc_5045,Alagappapuram,fh_54,Maintenance Dredging of Colachel Fishing Harbour,fishing_harbour,32.28
loc_5045,Alagappapuram,fh_61,Expansion and Modernization of Thengapattinam Fishing,fishing_harbour,45.54
loc_5045,Alagappapuram,fh_62,Extension of T-Jetty at Tharuvaikulam,fishing_harbour,99.69
loc_5045,Alagappapuram,port_10,V.O. Chidambaranar Port,port,98.69
loc_5053,Vatakemuri,fh_24,"Modernization and up-gradation of Cochin Fishing Harbour at Thoppumpady, Cochin",fishing_harbour,55.68
loc_5053,Vatakemuri,fh_27,Upgradation and modernization of Harbour in Ponnani,fishing_harbour,46.21
loc_5053,Vatakemuri,fh_31,Maintenance dredging of existing harbor in Chettuva,fishing_harbour,10.3
loc_5053,Vatakemuri,fh_32,Maintenance dredging of existing harbor in Ponnani,fishing_harbour,46.21
loc_5053,Vatakemuri,fh_33,Maintenance dredging of existing harbor in Beypore,fishing_harbour,91.72
loc_5053,Vatakemuri,fh_35,Development of Arthungal Fishing Harbor (Balance work),fishing_harbour,83.42
loc_5053,Vatakemuri,port_02,Cochin Port,port,51.91
loc_5054,Enkakād,fh_24,"Modernization and up-gradation of Cochin Fishing Harbour at Thoppumpady, Cochin",fishing_harbour,80.92
loc_5054,Enkakād,fh_27,Upgradation and modernization of Harbour in Ponnani,fishing_harbour,37.74
loc_5054,Enkakād,fh_28,Upgradation and modernization of Harbour in Puthiyappa,fishing_harbour,92.72
loc_5054,Enkakād,fh_31,Maintenance dredging of existing harbor in Chettuva,fishing_harbour,34.01
loc_5054,Enkakād,fh_32,Maintenance dredging of existing harbor in Ponnani,fishing_harbour,37.74
loc_5054,Enkakād,fh_33,Maintenance dredging of existing harbor in Beypore,fishing_harbour,74.94
loc_5054,Enkakād,fh_34,Maintenance dredging of existing harbor in Puthiyappa,fishing_harbour,92.72
loc_5054,Enkakād,port_02,Cochin Port,port,77.23
loc_5071,Talpādi,fh_17,Modernisation and Upgradation of Mangalore Fishing Harbour,fishing_harbour,16.69
loc_5071,Talpādi,fh_18,Modernisation of Malpe Fishing Harbour,fishing_harbour,68.1
loc_5071,Talpādi,fh_22,Kulai Fishing Harbour,fishing_harbour,23.65
loc_5071,Talpādi,fh_23,Hejmadi Kodi Fishing Harbour,fishing_harbour,38.98
loc_5071,Talpādi,fh_26,Expansion of Kasaragod Fishing Harbour,fishing_harbour,31.53
loc_5071,Talpādi,port_03,New Mangalore Port,port,19.85
loc_5084,Eral,fh_54,Maintenance Dredging of Colachel Fishing Harbour,fishing_harbour,98.41
loc_5084,Eral,fh_62,Extension of T-Jetty at Tharuvaikulam,fishing_harbour,25.14
loc_5084,Eral,port_10,V.O. Chidambaranar Port,port,23.67
loc_5100,Ālappākkam,fh_49,Construction of Fishing Harbour at Thengaithittu,fishing_harbour,88.37
loc_5100,Ālappākkam,fh_50,Upgradation of Puducherry Fishing Harbour,fishing_harbour,84.88
loc_5100,Ālappākkam,fh_53,Modernization and up-gradation of Chennai Fishing Harbour,fishing_harbour,56.65
loc_5100,Ālappākkam,fh_56,Construction of Fishing harbour at ThiruvottriyurKuppam,fishing_harbour,65.82
loc_5100,Ālappākkam,fh_59,Construction of Fishing harbour at Azhagankuppam,fishing_harbour,70.73
loc_5100,Ālappākkam,port_05,Chennai Port,port,55.75
loc_5100,Ālappākkam,port_11,Kamarajar Port,port,72.99
loc_5112,Pūkkōd,fh_24,"Modernization and up-gradation of Cochin Fishing Harbour at Thoppumpady, Cochin",fishing_harbour,81.04
loc_5112,Pūkkōd,fh_27,Upgradation and modernization of Harbour in Ponnani,fishing_harbour,20.4
loc_5112,Pūkkōd,fh_28,Upgradation and modernization of Harbour in Puthiyappa,fishing_harbour,84.19
loc_5112,Pūkkōd,fh_29,Upgradation and modernization of Harbour in Koyilandy,fishing_harbour,98.18
loc_5112,Pūkkōd,fh_31,Maintenance dredging of existing harbor in Chettuva,fishing_harbour,22.72
loc_5112,Pūkkōd,fh_32,Maintenance dredging of existing harbor in Ponnani,fishing_harbour,20.4
loc_5112,Pūkkōd,fh_33,Maintenance dredging of existing harbor in Beypore,fishing_harbour,65.85
loc_5112,Pūkkōd,fh_34,Maintenance dredging of existing harbor in Puthiyappa,fishing_harbour,84.19
loc_5112,Pūkkōd,port_02,Cochin Port,port,77.29
loc_5116,Keeramangalam,fh_58,Development of Fishing Harbour at Arcottuthurai,fishing_harbour,77.44
loc_5116,Keeramangalam,fh_60,Development of Fishing Harbour at Vellapallam,fishing_harbour,79.33
loc_5126,Badagabettu,fh_17,Modernisation and Upgradation of Mangalore Fishing Harbour,fishing_harbour,48.25
loc_5126,Badagabettu,fh_18,Modernisation of Malpe Fishing Harbour,fishing_harbour,10.96
loc_5126,Badagabettu,fh_19,Modernisation of Gangoli Fishing Harbour,fishing_harbour,37.51
loc_5126,Badagabettu,fh_22,Kulai Fishing Harbour,fishing_harbour,41.53
loc_5126,Badagabettu,fh_23,Hejmadi Kodi Fishing Harbour,fishing_harbour,26.05
loc_5126,Badagabettu,fh_26,Expansion of Kasaragod Fishing Harbour,fishing_harbour,94.94
loc_5126,Badagabettu,port_03,New Mangalore Port,port,45.02
loc_5127,Chottanikkara,fh_24,"Modernization and up-gradation of Cochin Fishing Harbour at Thoppumpady, Cochin",fishing_harbour,12.19
loc_5127,Chottanikkara,fh_30,Maintenance dredging of existing harbor in Kayamkulam,fishing_harbour,85.11
loc_5127,Chottanikkara,fh_31,Maintenance dredging of existing harbor in Chettuva,fishing_harbour,64.24
loc_5127,Chottanikkara,fh_35,Development of Arthungal Fishing Harbor (Balance work),fishing_harbour,27.76
loc_5127,Chottanikkara,port_02,Cochin Port,port,13.32
loc_5130,Alwa Tirunagari,fh_54,Maintenance Dredging of Colachel Fishing Harbour,fishing_harbour,89.48
loc_5130,Alwa Tirunagari,fh_61,Expansion and Modernization of Thengapattinam Fishing,fishing_harbour,94.15
loc_5130,Alwa Tirunagari,fh_62,Extension of T-Jetty at Tharuvaikulam,fishing_harbour,32.38
loc_5130,Alwa Tirunagari,port_10,V.O. Chidambaranar Port,port,32.37
loc_5131,Nuvem,fh_20,Maintenance Dredging at Amadalli Fishing Harbour,fishing_harbour,80.78
loc_5131,Nuvem,fh_39,Anandwadi (Fishing Harbour),fishing_harbour,96.63
loc_5131,Nuvem,port_04,Mormugao Port,port,17.67
loc_5132,Mandasa,fh_02,Development of Budugatlapalem Fishing Harbour,fishing_harbour,31.57
loc_5141,Dāsiripuram,fh_53,Modernization and up-gradation of Chennai Fishing Harbour,fishing_harbour,29.49
loc_5141,Dāsiripuram,fh_56,Construction of Fishing harbour at ThiruvottriyurKuppam,fishing_harbour,32.88
loc_5141,Dāsiripuram,port_05,Chennai Port,port,28.86
loc_5141,Dāsiripuram,port_11,Kamarajar Port,port,35.95
loc_5144,Tittachcheri,fh_45,Development of Smart and Integrated Fishing Harbour at Karaikal,fishing_harbour,8.05
loc_5144,Tittachcheri,fh_52,Up-gradation of Pazhayar Fishing Harbour,fishing_harbour,53.95
loc_5144,Tittachcheri,fh_55,Construction of Fishing harbour at Tharangampadi,fishing_harbour,19.26
loc_5144,Tittachcheri,fh_57,Development of existing Fishing Harbour at Mudhunagar,fishing_harbour,94.86
loc_5144,Tittachcheri,fh_58,Development of Fishing Harbour at Arcottuthurai,fishing_harbour,34.45
loc_5144,Tittachcheri,fh_60,Development of Fishing Harbour at Vellapallam,fishing_harbour,32.12
loc_5149,Vadakkankulam,fh_25,Expansion of Muthalapozhy Fishing Harbour,fishing_harbour,98.7
loc_5149,Vadakkankulam,fh_54,Maintenance Dredging of Colachel Fishing Harbour,fishing_harbour,40.41
loc_5149,Vadakkankulam,fh_61,Expansion and Modernization of Thengapattinam Fishing,fishing_harbour,50.5
loc_5149,Vadakkankulam,fh_62,Extension of T-Jetty at Tharuvaikulam,fishing_harbour,85.5
loc_5149,Vadakkankulam,port_10,V.O. Chidambaranar Port,port,84.83
loc_5157,Candolim,fh_39,Anandwadi (Fishing Harbour),fishing_harbour,67.91
loc_5157,Candolim,port_04,Mormugao Port,port,12.89
loc_5160,Palidevad,fh_37,Modernisation of Sassoon Dock Fishing Harbour,fishing_harbour,33.18
loc_5160,Palidevad,fh_38,Karanja Fishing Harbour (Revised),fishing_harbour,21.8
loc_5160,Palidevad,fh_40,Construction of Fisheries Fishing Harbour at Jeevana,fishing_harbour,59.66
loc_5160,Palidevad,fh_44,Development of Fishing Harbour at Satpati,fishing_harbour,94.04
loc_5160,Palidevad,port_00,Mumbai Port,port,31.15
loc_5160,Palidevad,port_01,Jawaharlal Nehru Port (JNPT),port,20.13
loc_5165,Paralam,fh_24,"Modernization and up-gradation of Cochin Fishing Harbour at Thoppumpady, Cochin",fishing_harbour,59.41
loc_5165,Paralam,fh_27,Upgradation and modernization of Harbour in Ponnani,fishing_harbour,45.04
loc_5165,Paralam,fh_31,Maintenance dredging of existing harbor in Chettuva,fishing_harbour,15.3
loc_5165,Paralam,fh_32,Maintenance dredging of existing harbor in Ponnani,fishing_harbour,45.04
loc_5165,Paralam,fh_33,Maintenance dredging of existing harbor in Beypore,fishing_harbour,89.5
loc_5165,Paralam,fh_35,Development of Arthungal Fishing Harbor (Balance work),fishing_harbour,87.0
loc_5165,Paralam,port_02,Cochin Port,port,55.65
loc_5169,Pāli,fh_37,Modernisation of Sassoon Dock Fishing Harbour,fishing_harbour,59.25
loc_5169,Pāli,fh_38,Karanja Fishing Harbour (Revised),fishing_harbour,50.33
loc_5169,Pāli,fh_40,Construction of Fisheries Fishing Harbour at Jeevana,fishing_harbour,31.09
loc_5169,Pāli,fh_41,Construction of Fisheries Fishing Harbour at Bharadkhol,fishing_harbour,58.22
loc_5169,Pāli,fh_42,Construction of Fisheries Fishing Harbour at Harnai,fishing_harbour,81.05
loc_5169,Pāli,fh_43,Construction of Fisheries Fishing Harbour at Sakhari Nate,fishing_harbour,85.83
loc_5169,Pāli,port_00,Mumbai Port,port,59.04
loc_5169,Pāli,port_01,Jawaharlal Nehru Port (JNPT),port,54.04
loc_5174,Dābhol,fh_36,Development of Mallet Bunder Fishing Harbour,fishing_harbour,67.89
loc_5174,Dābhol,fh_41,Construction of Fisheries Fishing Harbour at Bharadkhol,fishing_harbour,63.06
loc_5174,Dābhol,fh_42,Construction of Fisheries Fishing Harbour at Harnai,fishing_harbour,27.32
loc_5174,Dābhol,fh_43,Construction of Fisheries Fishing Harbour at Sakhari Nate,fishing_harbour,20.49
loc_5175,Paluvai,fh_24,"Modernization and up-gradation of Cochin Fishing Harbour at Thoppumpady, Cochin",fishing_harbour,75.81
loc_5175,Paluvai,fh_27,Upgradation and modernization of Harbour in Ponnani,fishing_harbour,25.34
loc_5175,Paluvai,fh_28,Upgradation and modernization of Harbour in Puthiyappa,fishing_harbour,89.37
loc_5175,Paluvai,fh_31,Maintenance dredging of existing harbor in Chettuva,fishing_harbour,17.61
loc_5175,Paluvai,fh_32,Maintenance dredging of existing harbor in Ponnani,fishing_harbour,25.34
loc_5175,Paluvai,fh_33,Maintenance dredging of existing harbor in Beypore,fishing_harbour,71.04
loc_5175,Paluvai,fh_34,Maintenance dredging of existing harbor in Puthiyappa,fishing_harbour,89.37
loc_5175,Paluvai,port_02,Cochin Port,port,72.06
loc_5186,Parakād,fh_24,"Modernization and up-gradation of Cochin Fishing Harbour at Thoppumpady, Cochin",fishing_harbour,64.69
loc_5186,Parakād,fh_27,Upgradation and modernization of Harbour in Ponnani,fishing_harbour,38.7
loc_5186,Parakād,fh_31,Maintenance dredging of existing harbor in Chettuva,fishing_harbour,13.63
loc_5186,Parakād,fh_32,Maintenance dredging of existing harbor in Ponnani,fishing_harbour,38.7
loc_5186,Parakād,fh_33,Maintenance dredging of existing harbor in Beypore,fishing_harbour,83.39
loc_5186,Parakād,fh_35,Development of Arthungal Fishing Harbor (Balance work),fishing_harbour,92.39
loc_5186,Parakād,port_02,Cochin Port,port,60.92
loc_5188,Cortalim,fh_20,Maintenance Dredging at Amadalli Fishing Harbour,fishing_harbour,90.68
loc_5188,Cortalim,fh_39,Anandwadi (Fishing Harbour),fishing_harbour,86.9
loc_5188,Cortalim,port_04,Mormugao Port,port,11.23
loc_5193,Balaga,fh_04,Modernization and up-gradation of Vishakapatnam Fishing Harbour,fishing_harbour,94.37
loc_5193,Balaga,port_06,Visakhapatnam Port,port,94.18
loc_5193,Balaga,fh_02,Development of Budugatlapalem Fishing Harbour,fishing_harbour,55.35
loc_5213,Bhilad,fh_44,Development of Fishing Harbour at Satpati,fishing_harbour,64.48
loc_5214,Manamodu,fh_45,Development of Smart and Integrated Fishing Harbour at Karaikal,fishing_harbour,40.72
loc_5214,Manamodu,fh_49,Construction of Fishing Harbour at Thengaithittu,fishing_harbour,81.97
loc_5214,Manamodu,fh_50,Upgradation of Puducherry Fishing Harbour,fishing_harbour,85.47
loc_5214,Manamodu,fh_52,Up-gradation of Pazhayar Fishing Harbour,fishing_harbour,31.67
loc_5214,Manamodu,fh_55,Construction of Fishing harbour at Tharangampadi,fishing_harbour,33.39
loc_5214,Manamodu,fh_57,Development of existing Fishing Harbour at Mudhunagar,fishing_harbour,60.91
loc_5214,Manamodu,fh_58,Development of Fishing Harbour at Arcottuthurai,fishing_harbour,72.76
loc_5214,Manamodu,fh_59,Construction of Fishing harbour at Azhagankuppam,fishing_harbour,99.84
loc_5214,Manamodu,fh_60,Development of Fishing Harbour at Vellapallam,fishing_harbour,70.87
loc_5221,Tāzhakudi,fh_25,Expansion of Muthalapozhy Fishing Harbour,fishing_harbour,84.46
loc_5221,Tāzhakudi,fh_54,Maintenance Dredging of Colachel Fishing Harbour,fishing_harbour,23.19
loc_5221,Tāzhakudi,fh_61,Expansion and Modernization of Thengapattinam Fishing,fishing_harbour,33.75
loc_5221,Tāzhakudi,fh_62,Extension of T-Jetty at Tharuvaikulam,fishing_harbour,99.68
loc_5221,Tāzhakudi,port_10,V.O. Chidambaranar Port,port,99.87
loc_5223,Krushnanandapur,fh_47,Modernisation of Paradip Fishing Harbour,fishing_harbour,45.09
loc_5223,Krushnanandapur,fh_48,Development of Stage-II Fishing Harbour at Nuagarh (Astranga),fishing_harbour,42.73
loc_5223,Krushnanandapur,port_07,Paradip Port,port,47.4
loc_5232,Dandi,fh_37,Modernisation of Sassoon Dock Fishing Harbour,fishing_harbour,97.89
loc_5232,Dandi,fh_44,Development of Fishing Harbour at Satpati,fishing_harbour,11.7
loc_5232,Dandi,port_00,Mumbai Port,port,96.68
loc_5232,Dandi,port_01,Jawaharlal Nehru Port (JNPT),port,96.29
loc_5236,Manjēshvar,fh_17,Modernisation and Upgradation of Mangalore Fishing Harbour,fishing_harbour,22.1
loc_5236,Manjēshvar,fh_18,Modernisation of Malpe Fishing Harbour,fishing_harbour,73.73
loc_5236,Manjēshvar,fh_22,Kulai Fishing Harbour,fishing_harbour,29.11
loc_5236,Manjēshvar,fh_23,Hejmadi Kodi Fishing Harbour,fishing_harbour,44.63
loc_5236,Manjēshvar,fh_26,Expansion of Kasaragod Fishing Harbour,fishing_harbour,26.1
loc_5236,Manjēshvar,port_03,New Mangalore Port,port,25.33
loc_5241,Mogrāl,fh_17,Modernisation and Upgradation of Mangalore Fishing Harbour,fishing_harbour,39.38
loc_5241,Mogrāl,fh_18,Modernisation of Malpe Fishing Harbour,fishing_harbour,90.87
loc_5241,Mogrāl,fh_22,Kulai Fishing Harbour,fishing_harbour,46.38
loc_5241,Mogrāl,fh_23,Hejmadi Kodi Fishing Harbour,fishing_harbour,61.76
loc_5241,Mogrāl,fh_26,Expansion of Kasaragod Fishing Harbour,fishing_harbour,8.77
loc_5241,Mogrāl,port_03,New Mangalore Port,port,42.59
loc_5251,Adaikkakuzhi,fh_25,Expansion of Muthalapozhy Fishing Harbour,fishing_harbour,51.31
loc_5251,Adaikkakuzhi,fh_54,Maintenance Dredging of Colachel Fishing Harbour,fishing_harbour,18.59
loc_5251,Adaikkakuzhi,fh_61,Expansion and Modernization of Thengapattinam Fishing,fishing_harbour,3.24
loc_5257,Kannavam,fh_28,Upgradation and modernization of Harbour in Puthiyappa,fishing_harbour,58.93
loc_5257,Kannavam,fh_29,Upgradation and modernization of Harbour in Koyilandy,fishing_harbour,45.16
loc_5257,Kannavam,fh_33,Maintenance dredging of existing harbor in Beypore,fishing_harbour,76.7
loc_5257,Kannavam,fh_34,Maintenance dredging of existing harbor in Puthiyappa,fishing_harbour,58.93
loc_5258,Ayakod,fh_25,Expansion of Muthalapozhy Fishing Harbour,fishing_harbour,63.68
loc_5258,Ayakod,fh_54,Maintenance Dredging of Colachel Fishing Harbour,fishing_harbour,19.19
loc_5258,Ayakod,fh_61,Expansion and Modernization of Thengapattinam Fishing,fishing_harbour,17.92
loc_5260,Bhuwaneshwar,fh_37,Modernisation of Sassoon Dock Fishing Harbour,fishing_harbour,62.46
loc_5260,Bhuwaneshwar,fh_38,Karanja Fishing Harbour (Revised),fishing_harbour,56.21
loc_5260,Bhuwaneshwar,fh_40,Construction of Fisheries Fishing Harbour at Jeevana,fishing_harbour,21.76
loc_5260,Bhuwaneshwar,fh_41,Construction of Fisheries Fishing Harbour at Bharadkhol,fishing_harbour,42.71
loc_5260,Bhuwaneshwar,fh_42,Construction of Fisheries Fishing Harbour at Harnai,fishing_harbour,68.14
loc_5260,Bhuwaneshwar,fh_43,Construction of Fisheries Fishing Harbour at Sakhari Nate,fishing_harbour,73.63
loc_5260,Bhuwaneshwar,port_00,Mumbai Port,port,62.81
loc_5260,Bhuwaneshwar,port_01,Jawaharlal Nehru Port (JNPT),port,60.43
loc_5263,Munnūru,fh_17,Modernisation and Upgradation of Mangalore Fishing Harbour,fishing_harbour,21.94
loc_5263,Munnūru,fh_18,Modernisation of Malpe Fishing Harbour,fishing_harbour,64.34
loc_5263,Munnūru,fh_19,Modernisation of Gangoli Fishing Harbour,fishing_harbour,95.01
loc_5263,Munnūru,fh_22,Kulai Fishing Harbour,fishing_harbour,26.09
loc_5263,Munnūru,fh_23,Hejmadi Kodi Fishing Harbour,fishing_harbour,37.02
loc_5263,Munnūru,fh_26,Expansion of Kasaragod Fishing Harbour,fishing_harbour,40.33
loc_5263,Munnūru,port_03,New Mangalore Port,port,23.38
loc_5270,Manappakkam,fh_53,Modernization and up-gradation of Chennai Fishing Harbour,fishing_harbour,16.74
loc_5270,Manappakkam,fh_56,Construction of Fishing harbour at ThiruvottriyurKuppam,fishing_harbour,24.88
loc_5270,Manappakkam,port_05,Chennai Port,port,15.81
loc_5270,Manappakkam,port_11,Kamarajar Port,port,31.53
loc_5275,Sethiyathope,fh_45,Development of Smart and Integrated Fishing Harbour at Karaikal,fishing_harbour,66.0
loc_5275,Sethiyathope,fh_49,Construction of Fishing Harbour at Thengaithittu,fishing_harbour,59.71
loc_5275,Sethiyathope,fh_50,Upgradation of Puducherry Fishing Harbour,fishing_harbour,63.14
loc_5275,Sethiyathope,fh_52,Up-gradation of Pazhayar Fishing Harbour,fishing_harbour,33.84
loc_5275,Sethiyathope,fh_55,Construction of Fishing harbour at Tharangampadi,fishing_harbour,56.32
loc_5275,Sethiyathope,fh_57,Development of existing Fishing Harbour at Mudhunagar,fishing_harbour,39.4
loc_5275,Sethiyathope,fh_59,Construction of Fishing harbour at Azhagankuppam,fishing_harbour,77.45
loc_5275,Sethiyathope,fh_60,Development of Fishing Harbour at Vellapallam,fishing_harbour,98.19
loc_5277,Koolimuttam,fh_24,"Modernization and up-gradation of Cochin Fishing Harbour at Thoppumpady, Cochin",fishing_harbour,42.25
loc_5277,Koolimuttam,fh_27,Upgradation and modernization of Harbour in Ponnani,fishing_harbour,58.3
loc_5277,Koolimuttam,fh_31,Maintenance dredging of existing harbor in Chettuva,fishing_harbour,17.02
loc_5277,Koolimuttam,fh_32,Maintenance dredging of existing harbor in Ponnani,fishing_harbour,58.3
loc_5277,Koolimuttam,fh_35,Development of Arthungal Fishing Harbor (Balance work),fishing_harbour,69.97
loc_5277,Koolimuttam,port_02,Cochin Port,port,38.52
loc_5304,Nadaikavu,fh_25,Expansion of Muthalapozhy Fishing Harbour,fishing_harbour,53.05
loc_5304,Nadaikavu,fh_54,Maintenance Dredging of Colachel Fishing Harbour,fishing_harbour,16.73
loc_5304,Nadaikavu,fh_61,Expansion and Modernization of Thengapattinam Fishing,fishing_harbour,1.3
loc_5315,Katpur,fh_46,Development of Smart and Integrated Fishing Harbour at Vanakbara,fishing_harbour,92.14
loc_5319,Nazarathpettai,fh_53,Modernization and up-gradation of Chennai Fishing Harbour,fishing_harbour,24.33
loc_5319,Nazarathpettai,fh_56,Construction of Fishing harbour at ThiruvottriyurKuppam,fishing_harbour,30.36
loc_5319,Nazarathpettai,port_05,Chennai Port,port,23.52
loc_5319,Nazarathpettai,port_11,Kamarajar Port,port,35.42
loc_5323,Ran,fh_12,Development of Fishery Harbour at Navabandar,fishing_harbour,80.33
loc_5323,Ran,fh_15,Development of Fishery Harbour Porbandar – Phase 2,fishing_harbour,66.35
loc_5323,Ran,port_13,Mundra Port,port,74.01
loc_5325,Rees,fh_37,Modernisation of Sassoon Dock Fishing Harbour,fishing_harbour,39.02
loc_5325,Rees,fh_38,Karanja Fishing Harbour (Revised),fishing_harbour,26.35
loc_5325,Rees,fh_40,Construction of Fisheries Fishing Harbour at Jeevana,fishing_harbour,52.36
loc_5325,Rees,fh_41,Construction of Fisheries Fishing Harbour at Bharadkhol,fishing_harbour,93.24
loc_5325,Rees,port_00,Mumbai Port,port,37.4
loc_5325,Rees,port_01,Jawaharlal Nehru Port (JNPT),port,26.99
loc_5328,Midalam,fh_25,Expansion of Muthalapozhy Fishing Harbour,fishing_harbour,67.66
loc_5328,Midalam,fh_54,Maintenance Dredging of Colachel Fishing Harbour,fishing_harbour,4.8
loc_5328,Midalam,fh_61,Expansion and Modernization of Thengapattinam Fishing,fishing_harbour,13.9
loc_5333,Puzhakkal,fh_24,"Modernization and up-gradation of Cochin Fishing Harbour at Thoppumpady, Cochin",fishing_harbour,69.36
loc_5333,Puzhakkal,fh_27,Upgradation and modernization of Harbour in Ponnani,fishing_harbour,36.7
loc_5333,Puzhakkal,fh_28,Upgradation and modernization of Harbour in Puthiyappa,fishing_harbour,98.34
loc_5333,Puzhakkal,fh_31,Maintenance dredging of existing harbor in Chettuva,fishing_harbour,19.11
loc_5333,Puzhakkal,fh_32,Maintenance dredging of existing harbor in Ponnani,fishing_harbour,36.7
loc_5333,Puzhakkal,fh_33,Maintenance dredging of existing harbor in Beypore,fishing_harbour,80.06
loc_5333,Puzhakkal,fh_34,Maintenance dredging of existing harbor in Puthiyappa,fishing_harbour,98.34
loc_5333,Puzhakkal,fh_35,Development of Arthungal Fishing Harbor (Balance work),fishing_harbour,96.95
loc_5333,Puzhakkal,port_02,Cochin Port,port,65.6
loc_5344,Lālam,fh_24,"Modernization and up-gradation of Cochin Fishing Harbour at Thoppumpady, Cochin",fishing_harbour,52.75
loc_5344,Lālam,fh_30,Maintenance dredging of existing harbor in Kayamkulam,fishing_harbour,63.58
loc_5344,Lālam,fh_35,Development of Arthungal Fishing Harbor (Balance work),fishing_harbour,39.57
loc_5344,Lālam,port_02,Cochin Port,port,55.21
loc_5348,Lavachha,fh_44,Development of Fishing Harbour at Satpati,fishing_harbour,70.83
loc_5350,Korukollu,fh_08,"Construction of Fishing Harbour, Machilipattinam",fishing_harbour,37.82
loc_5350,Korukollu,fh_09,"Construction of Fishing Harbour, Nizampattinam",fishing_harbour,92.5
loc_5351,Kattimancode,fh_25,Expansion of Muthalapozhy Fishing Harbour,fishing_harbour,77.72
loc_5351,Kattimancode,fh_54,Maintenance Dredging of Colachel Fishing Harbour,fishing_harbour,11.35
loc_5351,Kattimancode,fh_61,Expansion and Modernization of Thengapattinam Fishing,fishing_harbour,24.41
loc_5352,Nandambakkam,fh_53,Modernization and up-gradation of Chennai Fishing Harbour,fishing_harbour,28.07
loc_5352,Nandambakkam,fh_56,Construction of Fishing harbour at ThiruvottriyurKuppam,fishing_harbour,35.53
loc_5352,Nandambakkam,port_05,Chennai Port,port,27.16
loc_5352,Nandambakkam,port_11,Kamarajar Port,port,41.45
loc_5355,Valpoi,fh_20,Maintenance Dredging at Amadalli Fishing Harbour,fishing_harbour,97.12
loc_5355,Valpoi,fh_39,Anandwadi (Fishing Harbour),fishing_harbour,92.36
loc_5355,Valpoi,port_04,Mormugao Port,port,38.16
loc_5396,Vanmēnād,fh_24,"Modernization and up-gradation of Cochin Fishing Harbour at Thoppumpady, Cochin",fishing_harbour,73.29
loc_5396,Vanmēnād,fh_27,Upgradation and modernization of Harbour in Ponnani,fishing_harbour,27.78
loc_5396,Vanmēnād,fh_28,Upgradation and modernization of Harbour in Puthiyappa,fishing_harbour,91.88
loc_5396,Vanmēnād,fh_31,Maintenance dredging of existing harbor in Chettuva,fishing_harbour,15.2
loc_5396,Vanmēnād,fh_32,Maintenance dredging of existing harbor in Ponnani,fishing_harbour,27.78
loc_5396,Vanmēnād,fh_33,Maintenance dredging of existing harbor in Beypore,fishing_harbour,73.56
loc_5396,Vanmēnād,fh_34,Maintenance dredging of existing harbor in Puthiyappa,fishing_harbour,91.88
loc_5396,Vanmēnād,port_02,Cochin Port,port,69.54
loc_5402,Vavarai,fh_25,Expansion of Muthalapozhy Fishing Harbour,fishing_harbour,54.17
loc_5402,Vavarai,fh_54,Maintenance Dredging of Colachel Fishing Harbour,fishing_harbour,15.81
loc_5402,Vavarai,fh_61,Expansion and Modernization of Thengapattinam Fishing,fishing_harbour,1.86
loc_5407,Rakholi,fh_44,Development of Fishing Harbour at Satpati,fishing_harbour,65.51
loc_5410,Mandrem,fh_39,Anandwadi (Fishing Harbour),fishing_harbour,52.68
loc_5410,Mandrem,port_04,Mormugao Port,port,28.51
loc_5431,Vilavancode,fh_25,Expansion of Muthalapozhy Fishing Harbour,fishing_harbour,56.59
loc_5431,Vilavancode,fh_54,Maintenance Dredging of Colachel Fishing Harbour,fishing_harbour,15.59
loc_5431,Vilavancode,fh_61,Expansion and Modernization of Thengapattinam Fishing,fishing_harbour,7.05
loc_5433,Kilvelur,fh_45,Development of Smart and Integrated Fishing Harbour at Karaikal,fishing_harbour,20.09
loc_5433,Kilvelur,fh_52,Up-gradation of Pazhayar Fishing Harbour,fishing_harbour,65.68
loc_5433,Kilvelur,fh_55,Construction of Fishing harbour at Tharangampadi,fishing_harbour,31.52
loc_5433,Kilvelur,fh_58,Development of Fishing Harbour at Arcottuthurai,fishing_harbour,23.06
loc_5433,Kilvelur,fh_60,Development of Fishing Harbour at Vellapallam,fishing_harbour,20.91
loc_5436,Varadarājampettai,fh_45,Development of Smart and Integrated Fishing Harbour at Karaikal,fishing_harbour,66.76
loc_5436,Varadarājampettai,fh_49,Construction of Fishing Harbour at Thengaithittu,fishing_harbour,74.7
loc_5436,Varadarājampettai,fh_50,Upgradation of Puducherry Fishing Harbour,fishing_harbour,78.05
loc_5436,Varadarājampettai,fh_52,Up-gradation of Pazhayar Fishing Harbour,fishing_harbour,45.94
loc_5436,Varadarājampettai,fh_55,Construction of Fishing harbour at Tharangampadi,fishing_harbour,59.35
loc_5436,Varadarājampettai,fh_57,Development of existing Fishing Harbour at Mudhunagar,fishing_harbour,55.03
loc_5436,Varadarājampettai,fh_58,Development of Fishing Harbour at Arcottuthurai,fishing_harbour,95.54
loc_5436,Varadarājampettai,fh_59,Construction of Fishing harbour at Azhagankuppam,fishing_harbour,92.15
loc_5436,Varadarājampettai,fh_60,Development of Fishing Harbour at Vellapallam,fishing_harbour,93.92
loc_5437,Sorala,fh_02,Development of Budugatlapalem Fishing Harbour,fishing_harbour,73.16
loc_5439,Borim,fh_20,Maintenance Dredging at Amadalli Fishing Harbour,fishing_harbour,83.1
loc_5439,Borim,fh_39,Anandwadi (Fishing Harbour),fishing_harbour,95.72
loc_5439,Borim,port_04,Mormugao Port,port,21.51
loc_5448,Jasai,fh_37,Modernisation of Sassoon Dock Fishing Harbour,fishing_harbour,19.91
loc_5448,Jasai,fh_38,Karanja Fishing Harbour (Revised),fishing_harbour,7.64
loc_5448,Jasai,fh_40,Construction of Fisheries Fishing Harbour at Jeevana,fishing_harbour,48.93
loc_5448,Jasai,fh_41,Construction of Fisheries Fishing Harbour at Bharadkhol,fishing_harbour,93.09
loc_5448,Jasai,fh_44,Development of Fishing Harbour at Satpati,fishing_harbour,95.61
loc_5448,Jasai,port_00,Mumbai Port,port,18.12
loc_5448,Jasai,port_01,Jawaharlal Nehru Port (JNPT),port,7.52
loc_5456,Bed,fh_15,Development of Fishery Harbour Porbandar – Phase 2,fishing_harbour,92.89
loc_5456,Bed,port_12,Deendayal Port,port,68.34
loc_5456,Bed,port_13,Mundra Port,port,39.0
loc_5457,Usuppūr,fh_45,Development of Smart and Integrated Fishing Harbour at Karaikal,fishing_harbour,53.64
loc_5457,Usuppūr,fh_49,Construction of Fishing Harbour at Thengaithittu,fishing_harbour,59.18
loc_5457,Usuppūr,fh_50,Upgradation of Puducherry Fishing Harbour,fishing_harbour,62.68
loc_5457,Usuppūr,fh_52,Up-gradation of Pazhayar Fishing Harbour,fishing_harbour,15.98
loc_5457,Usuppūr,fh_55,Construction of Fishing harbour at Tharangampadi,fishing_harbour,42.5
loc_5457,Usuppūr,fh_57,Development of existing Fishing Harbour at Mudhunagar,fishing_harbour,38.25
loc_5457,Usuppūr,fh_58,Development of Fishing Harbour at Arcottuthurai,fishing_harbour,91.54
loc_5457,Usuppūr,fh_59,Construction of Fishing harbour at Azhagankuppam,fishing_harbour,76.95
loc_5457,Usuppūr,fh_60,Development of Fishing Harbour at Vellapallam,fishing_harbour,89.39
loc_5469,Priol,fh_20,Maintenance Dredging at Amadalli Fishing Harbour,fishing_harbour,88.93
loc_5469,Priol,fh_39,Anandwadi (Fishing Harbour),fishing_harbour,90.2
loc_5469,Priol,port_04,Mormugao Port,port,19.21
loc_5472,Mūdashedde,fh_17,Modernisation and Upgradation of Mangalore Fishing Harbour,fishing_harbour,8.71
loc_5472,Mūdashedde,fh_18,Modernisation of Malpe Fishing Harbour,fishing_harbour,50.68
loc_5472,Mūdashedde,fh_19,Modernisation of Gangoli Fishing Harbour,fishing_harbour,82.81
loc_5472,Mūdashedde,fh_22,Kulai Fishing Harbour,fishing_harbour,10.38
loc_5472,Mūdashedde,fh_23,Hejmadi Kodi Fishing Harbour,fishing_harbour,22.06
loc_5472,Mūdashedde,fh_26,Expansion of Kasaragod Fishing Harbour,fishing_harbour,49.46
loc_5472,Mūdashedde,port_03,New Mangalore Port,port,8.47
loc_5474,Vellookkara,fh_24,"Modernization and up-gradation of Cochin Fishing Harbour at Thoppumpady, Cochin",fishing_harbour,44.12
loc_5474,Vellookkara,fh_27,Upgradation and modernization of Harbour in Ponnani,fishing_harbour,58.7
loc_5474,Vellookkara,fh_31,Maintenance dredging of existing harbor in Chettuva,fishing_harbour,20.18
loc_5474,Vellookkara,fh_32,Maintenance dredging of existing harbor in Ponnani,fishing_harbour,58.7
loc_5474,Vellookkara,fh_35,Development of Arthungal Fishing Harbor (Balance work),fishing_harbour,71.71
loc_5474,Vellookkara,port_02,Cochin Port,port,40.37
loc_5483,Covelong,fh_53,Modernization and up-gradation of Chennai Fishing Harbour,fishing_harbour,34.17
loc_5483,Covelong,fh_56,Construction of Fishing harbour at ThiruvottriyurKuppam,fishing_harbour,43.5
loc_5483,Covelong,fh_59,Construction of Fishing harbour at Azhagankuppam,fishing_harbour,91.25
loc_5483,Covelong,port_05,Chennai Port,port,33.47
loc_5483,Covelong,port_11,Kamarajar Port,port,51.34
loc_5485,Azhikkal,fh_26,Expansion of Kasaragod Fishing Harbour,fishing_harbour,71.02
loc_5485,Azhikkal,fh_28,Upgradation and modernization of Harbour in Puthiyappa,fishing_harbour,83.68
loc_5485,Azhikkal,fh_29,Upgradation and modernization of Harbour in Koyilandy,fishing_harbour,70.32
loc_5485,Azhikkal,fh_34,Maintenance dredging of existing harbor in Puthiyappa,fishing_harbour,83.68
loc_5487,Badāgrāma,fh_17,Modernisation and Upgradation of Mangalore Fishing Harbour,fishing_harbour,33.31
loc_5487,Badāgrāma,fh_18,Modernisation of Malpe Fishing Harbour,fishing_harbour,18.4
loc_5487,Badāgrāma,fh_19,Modernisation of Gangoli Fishing Harbour,fishing_harbour,51.55
loc_5487,Badāgrāma,fh_22,Kulai Fishing Harbour,fishing_harbour,26.32
loc_5487,Badāgrāma,fh_23,Hejmadi Kodi Fishing Harbour,fishing_harbour,10.73
loc_5487,Badāgrāma,fh_26,Expansion of Kasaragod Fishing Harbour,fishing_harbour,81.22
loc_5487,Badāgrāma,port_03,New Mangalore Port,port,30.05
loc_5489,Uduma,fh_17,Modernisation and Upgradation of Mangalore Fishing Harbour,fishing_harbour,55.91
loc_5489,Uduma,fh_22,Kulai Fishing Harbour,fishing_harbour,62.9
loc_5489,Uduma,fh_23,Hejmadi Kodi Fishing Harbour,fishing_harbour,78.23
loc_5489,Uduma,fh_26,Expansion of Kasaragod Fishing Harbour,fishing_harbour,7.76
loc_5489,Uduma,port_03,New Mangalore Port,port,59.11
loc_5494,Kālundri,fh_37,Modernisation of Sassoon Dock Fishing Harbour,fishing_harbour,31.95
loc_5494,Kālundri,fh_38,Karanja Fishing Harbour (Revised),fishing_harbour,20.19
loc_5494,Kālundri,fh_40,Construction of Fisheries Fishing Harbour at Jeevana,fishing_harbour,57.29
loc_5494,Kālundri,fh_44,Development of Fishing Harbour at Satpati,fishing_harbour,95.66
loc_5494,Kālundri,port_00,Mumbai Port,port,29.98
loc_5494,Kālundri,port_01,Jawaharlal Nehru Port (JNPT),port,18.92
loc_5509,Reis Magos,fh_39,Anandwadi (Fishing Harbour),fishing_harbour,71.37
loc_5509,Reis Magos,port_04,Mormugao Port,port,10.95
loc_5512,Peddikuppam,fh_53,Modernization and up-gradation of Chennai Fishing Harbour,fishing_harbour,43.54
loc_5512,Peddikuppam,fh_56,Construction of Fishing harbour at ThiruvottriyurKuppam,fishing_harbour,37.63
loc_5512,Peddikuppam,port_05,Chennai Port,port,43.77
loc_5512,Peddikuppam,port_11,Kamarajar Port,port,32.51
loc_5515,Edakkalathur,fh_24,"Modernization and up-gradation of Cochin Fishing Harbour at Thoppumpady, Cochin",fishing_harbour,75.47
loc_5515,Edakkalathur,fh_27,Upgradation and modernization of Harbour in Ponnani,fishing_harbour,28.85
loc_5515,Edakkalathur,fh_28,Upgradation and modernization of Harbour in Puthiyappa,fishing_harbour,91.01
loc_5515,Edakkalathur,fh_31,Maintenance dredging of existing harbor in Chettuva,fishing_harbour,20.46
loc_5515,Edakkalathur,fh_32,Maintenance dredging of existing harbor in Ponnani,fishing_harbour,28.85
loc_5515,Edakkalathur,fh_33,Maintenance dredging of existing harbor in Beypore,fishing_harbour,72.69
loc_5515,Edakkalathur,fh_34,Maintenance dredging of existing harbor in Puthiyappa,fishing_harbour,91.01
loc_5515,Edakkalathur,port_02,Cochin Port,port,71.7
loc_5522,Pudūr,fh_62,Extension of T-Jetty at Tharuvaikulam,fishing_harbour,16.97
loc_5522,Pudūr,port_10,V.O. Chidambaranar Port,port,24.75
loc_5527,Muzhucode,fh_25,Expansion of Muthalapozhy Fishing Harbour,fishing_harbour,55.94
loc_5527,Muzhucode,fh_54,Maintenance Dredging of Colachel Fishing Harbour,fishing_harbour,20.37
loc_5527,Muzhucode,fh_61,Expansion and Modernization of Thengapattinam Fishing,fishing_harbour,12.52
loc_5529,Suvani,fh_02,Development of Budugatlapalem Fishing Harbour,fishing_harbour,70.99
loc_5538,Bamboo Flat,port_14,Port Blair Port,port,5.16
loc_5549,Tonse East,fh_17,Modernisation and Upgradation of Mangalore Fishing Harbour,fishing_harbour,56.2
loc_5549,Tonse East,fh_18,Modernisation of Malpe Fishing Harbour,fishing_harbour,5.66
loc_5549,Tonse East,fh_19,Modernisation of Gangoli Fishing Harbour,fishing_harbour,28.57
loc_5549,Tonse East,fh_22,Kulai Fishing Harbour,fishing_harbour,49.25
loc_5549,Tonse East,fh_23,Hejmadi Kodi Fishing Harbour,fishing_harbour,33.54
loc_5549,Tonse East,port_03,New Mangalore Port,port,52.94
loc_5558,Dehari,fh_44,Development of Fishing Harbour at Satpati,fishing_harbour,47.5
loc_5564,Sāhāpur,fh_63,Modernisation and upgradation of existing fishing harbour at Petuaghat,fishing_harbour,87.55
loc_5564,Sāhāpur,fh_66,Modernisation and upgradation of existing fishing harbour at Kakdwip,fishing_harbour,71.67
loc_5564,Sāhāpur,port_08,Kolkata Port,port,15.37
loc_5564,Sāhāpur,port_09,Syama Prasad Mookerjee Port Haldia,port,56.07
loc_5565,Āvānūr,fh_24,"Modernization and up-gradation of Cochin Fishing Harbour at Thoppumpady, Cochin",fishing_harbour,75.48
loc_5565,Āvānūr,fh_27,Upgradation and modernization of Harbour in Ponnani,fishing_harbour,32.64
loc_5565,Āvānūr,fh_28,Upgradation and modernization of Harbour in Puthiyappa,fishing_harbour,92.87
loc_5565,Āvānūr,fh_31,Maintenance dredging of existing harbor in Chettuva,fishing_harbour,23.87
loc_5565,Āvānūr,fh_32,Maintenance dredging of existing harbor in Ponnani,fishing_harbour,32.64
loc_5565,Āvānūr,fh_33,Maintenance dredging of existing harbor in Beypore,fishing_harbour,74.66
loc_5565,Āvānūr,fh_34,Maintenance dredging of existing harbor in Puthiyappa,fishing_harbour,92.87
loc_5565,Āvānūr,port_02,Cochin Port,port,71.72
loc_5570,Cherpu,fh_24,"Modernization and up-gradation of Cochin Fishing Harbour at Thoppumpady, Cochin",fishing_harbour,56.28
loc_5570,Cherpu,fh_27,Upgradation and modernization of Harbour in Ponnani,fishing_harbour,47.78
loc_5570,Cherpu,fh_31,Maintenance dredging of existing harbor in Chettuva,fishing_harbour,15.25
loc_5570,Cherpu,fh_32,Maintenance dredging of existing harbor in Ponnani,fishing_harbour,47.78
loc_5570,Cherpu,fh_33,Maintenance dredging of existing harbor in Beypore,fishing_harbour,92.48
loc_5570,Cherpu,fh_35,Development of Arthungal Fishing Harbor (Balance work),fishing_harbour,83.86
loc_5570,Cherpu,port_02,Cochin Port,port,52.52
loc_5574,Pottōr,fh_24,"Modernization and up-gradation of Cochin Fishing Harbour at Thoppumpady, Cochin",fishing_harbour,72.56
loc_5574,Pottōr,fh_27,Upgradation and modernization of Harbour in Ponnani,fishing_harbour,36.57
loc_5574,Pottōr,fh_28,Upgradation and modernization of Harbour in Puthiyappa,fishing_harbour,96.63
loc_5574,Pottōr,fh_31,Maintenance dredging of existing harbor in Chettuva,fishing_harbour,23.58
loc_5574,Pottōr,fh_32,Maintenance dredging of existing harbor in Ponnani,fishing_harbour,36.57
loc_5574,Pottōr,fh_33,Maintenance dredging of existing harbor in Beypore,fishing_harbour,78.45
loc_5574,Pottōr,fh_34,Maintenance dredging of existing harbor in Puthiyappa,fishing_harbour,96.63
loc_5574,Pottōr,port_02,Cochin Port,port,68.81
loc_5586,Malayadi,fh_25,Expansion of Muthalapozhy Fishing Harbour,fishing_harbour,51.35
loc_5586,Malayadi,fh_54,Maintenance Dredging of Colachel Fishing Harbour,fishing_harbour,21.56
loc_5586,Malayadi,fh_61,Expansion and Modernization of Thengapattinam Fishing,fishing_harbour,9.56
loc_5588,Yerrabalem,fh_53,Modernization and up-gradation of Chennai Fishing Harbour,fishing_harbour,74.81
loc_5588,Yerrabalem,fh_56,Construction of Fishing harbour at ThiruvottriyurKuppam,fishing_harbour,68.32
loc_5588,Yerrabalem,port_05,Chennai Port,port,75.08
loc_5588,Yerrabalem,port_11,Kamarajar Port,port,62.26
loc_5591,Narikombu,fh_17,Modernisation and Upgradation of Mangalore Fishing Harbour,fishing_harbour,25.45
loc_5591,Narikombu,fh_18,Modernisation of Malpe Fishing Harbour,fishing_harbour,64.42
loc_5591,Narikombu,fh_19,Modernisation of Gangoli Fishing Harbour,fishing_harbour,94.26
loc_5591,Narikombu,fh_22,Kulai Fishing Harbour,fishing_harbour,28.8
loc_5591,Narikombu,fh_23,Hejmadi Kodi Fishing Harbour,fishing_harbour,38.17
loc_5591,Narikombu,fh_26,Expansion of Kasaragod Fishing Harbour,fishing_harbour,43.33
loc_5591,Narikombu,port_03,New Mangalore Port,port,26.48
loc_5595,Chicalim,fh_20,Maintenance Dredging at Amadalli Fishing Harbour,fishing_harbour,93.65
loc_5595,Chicalim,fh_39,Anandwadi (Fishing Harbour),fishing_harbour,83.66
loc_5595,Chicalim,port_04,Mormugao Port,port,4.24
loc_5601,Mallār,fh_17,Modernisation and Upgradation of Mangalore Fishing Harbour,fishing_harbour,35.52
loc_5601,Mallār,fh_18,Modernisation of Malpe Fishing Harbour,fishing_harbour,16.48
loc_5601,Mallār,fh_19,Modernisation of Gangoli Fishing Harbour,fishing_harbour,49.24
loc_5601,Mallār,fh_22,Kulai Fishing Harbour,fishing_harbour,28.58
loc_5601,Mallār,fh_23,Hejmadi Kodi Fishing Harbour,fishing_harbour,12.87
loc_5601,Mallār,fh_26,Expansion of Kasaragod Fishing Harbour,fishing_harbour,83.21
loc_5601,Mallār,port_03,New Mangalore Port,port,32.26
loc_5603,Chandrapada,fh_37,Modernisation of Sassoon Dock Fishing Harbour,fishing_harbour,49.4
loc_5603,Chandrapada,fh_38,Karanja Fishing Harbour (Revised),fishing_harbour,50.72
loc_5603,Chandrapada,fh_40,Construction of Fisheries Fishing Harbour at Jeevana,fishing_harbour,95.94
loc_5603,Chandrapada,fh_44,Development of Fishing Harbour at Satpati,fishing_harbour,46.1
loc_5603,Chandrapada,port_00,Mumbai Port,port,47.89
loc_5603,Chandrapada,port_01,Jawaharlal Nehru Port (JNPT),port,46.32
loc_5604,Kannanūr,fh_25,Expansion of Muthalapozhy Fishing Harbour,fishing_harbour,66.68
loc_5604,Kannanūr,fh_54,Maintenance Dredging of Colachel Fishing Harbour,fishing_harbour,11.98
loc_5604,Kannanūr,fh_61,Expansion and Modernization of Thengapattinam Fishing,fishing_harbour,15.65
loc_5610,Thaikattussery,fh_24,"Modernization and up-gradation of Cochin Fishing Harbour at Thoppumpady, Cochin",fishing_harbour,59.02
loc_5610,Thaikattussery,fh_27,Upgradation and modernization of Harbour in Ponnani,fishing_harbour,48.6
loc_5610,Thaikattussery,fh_31,Maintenance dredging of existing harbor in Chettuva,fishing_harbour,20.56
loc_5610,Thaikattussery,fh_32,Maintenance dredging of existing harbor in Ponnani,fishing_harbour,48.6
loc_5610,Thaikattussery,fh_33,Maintenance dredging of existing harbor in Beypore,fishing_harbour,92.05
loc_5610,Thaikattussery,fh_35,Development of Arthungal Fishing Harbor (Balance work),fishing_harbour,86.28
loc_5610,Thaikattussery,port_02,Cochin Port,port,55.3
loc_5627,Kulappuram,fh_25,Expansion of Muthalapozhy Fishing Harbour,fishing_harbour,51.01
loc_5627,Kulappuram,fh_54,Maintenance Dredging of Colachel Fishing Harbour,fishing_harbour,19.31
loc_5627,Kulappuram,fh_61,Expansion and Modernization of Thengapattinam Fishing,fishing_harbour,4.67
loc_5628,Vaithīsvarankoil,fh_45,Development of Smart and Integrated Fishing Harbour at Karaikal,fishing_harbour,33.92
loc_5628,Vaithīsvarankoil,fh_49,Construction of Fishing Harbour at Thengaithittu,fishing_harbour,79.26
loc_5628,Vaithīsvarankoil,fh_50,Upgradation of Puducherry Fishing Harbour,fishing_harbour,82.72
loc_5628,Vaithīsvarankoil,fh_52,Up-gradation of Pazhayar Fishing Harbour,fishing_harbour,22.43
loc_5628,Vaithīsvarankoil,fh_55,Construction of Fishing harbour at Tharangampadi,fishing_harbour,24.13
loc_5628,Vaithīsvarankoil,fh_57,Development of existing Fishing Harbour at Mudhunagar,fishing_harbour,58.57
loc_5628,Vaithīsvarankoil,fh_58,Development of Fishing Harbour at Arcottuthurai,fishing_harbour,70.85
loc_5628,Vaithīsvarankoil,fh_59,Construction of Fishing harbour at Azhagankuppam,fishing_harbour,96.82
loc_5628,Vaithīsvarankoil,fh_60,Development of Fishing Harbour at Vellapallam,fishing_harbour,68.72
loc_5631,Nattalam,fh_25,Expansion of Muthalapozhy Fishing Harbour,fishing_harbour,61.39
loc_5631,Nattalam,fh_54,Maintenance Dredging of Colachel Fishing Harbour,fishing_harbour,11.21
loc_5631,Nattalam,fh_61,Expansion and Modernization of Thengapattinam Fishing,fishing_harbour,9.3
loc_5633,Mundathikōd,fh_24,"Modernization and up-gradation of Cochin Fishing Harbour at Thoppumpady, Cochin",fishing_harbour,79.88
loc_5633,Mundathikōd,fh_27,Upgradation and modernization of Harbour in Ponnani,fishing_harbour,32.17
loc_5633,Mundathikōd,fh_28,Upgradation and modernization of Harbour in Puthiyappa,fishing_harbour,90.06
loc_5633,Mundathikōd,fh_31,Maintenance dredging of existing harbor in Chettuva,fishing_harbour,29.02
loc_5633,Mundathikōd,fh_32,Maintenance dredging of existing harbor in Ponnani,fishing_harbour,32.17
loc_5633,Mundathikōd,fh_33,Maintenance dredging of existing harbor in Beypore,fishing_harbour,71.99
loc_5633,Mundathikōd,fh_34,Maintenance dredging of existing harbor in Puthiyappa,fishing_harbour,90.06
loc_5633,Mundathikōd,port_02,Cochin Port,port,76.13
loc_5638,Kodannur,fh_24,"Modernization and up-gradation of Cochin Fishing Harbour at Thoppumpady, Cochin",fishing_harbour,60.39
loc_5638,Kodannur,fh_27,Upgradation and modernization of Harbour in Ponnani,fishing_harbour,43.71
loc_5638,Kodannur,fh_31,Maintenance dredging of existing harbor in Chettuva,fishing_harbour,14.53
loc_5638,Kodannur,fh_32,Maintenance dredging of existing harbor in Ponnani,fishing_harbour,43.71
loc_5638,Kodannur,fh_33,Maintenance dredging of existing harbor in Beypore,fishing_harbour,88.26
loc_5638,Kodannur,fh_35,Development of Arthungal Fishing Harbor (Balance work),fishing_harbour,88.01
loc_5638,Kodannur,port_02,Cochin Port,port,56.62
loc_5642,Shiravāgilu,fh_17,Modernisation and Upgradation of Mangalore Fishing Harbour,fishing_harbour,43.03
loc_5642,Shiravāgilu,fh_18,Modernisation of Malpe Fishing Harbour,fishing_harbour,94.34
loc_5642,Shiravāgilu,fh_22,Kulai Fishing Harbour,fishing_harbour,50.0
loc_5642,Shiravāgilu,fh_23,Hejmadi Kodi Fishing Harbour,fishing_harbour,65.25
loc_5642,Shiravāgilu,fh_26,Expansion of Kasaragod Fishing Harbour,fishing_harbour,5.48
loc_5642,Shiravāgilu,port_03,New Mangalore Port,port,46.21
loc_5654,Terūr,fh_25,Expansion of Muthalapozhy Fishing Harbour,fishing_harbour,89.05
loc_5654,Terūr,fh_54,Maintenance Dredging of Colachel Fishing Harbour,fishing_harbour,23.68
loc_5654,Terūr,fh_61,Expansion and Modernization of Thengapattinam Fishing,fishing_harbour,36.64
loc_5657,Nāvalūr,fh_53,Modernization and up-gradation of Chennai Fishing Harbour,fishing_harbour,28.4
loc_5657,Nāvalūr,fh_56,Construction of Fishing harbour at ThiruvottriyurKuppam,fishing_harbour,37.86
loc_5657,Nāvalūr,fh_59,Construction of Fishing harbour at Azhagankuppam,fishing_harbour,96.05
loc_5657,Nāvalūr,port_05,Chennai Port,port,27.63
loc_5657,Nāvalūr,port_11,Kamarajar Port,port,45.63
loc_5659,Mānda,fh_37,Modernisation of Sassoon Dock Fishing Harbour,fishing_harbour,72.18
loc_5659,Mānda,fh_38,Karanja Fishing Harbour (Revised),fishing_harbour,74.95
loc_5659,Mānda,fh_44,Development of Fishing Harbour at Satpati,fishing_harbour,21.76
loc_5659,Mānda,port_00,Mumbai Port,port,70.94
loc_5659,Mānda,port_01,Jawaharlal Nehru Port (JNPT),port,70.61
loc_5660,Nakkāpalle,fh_01,Development of Pudimadaka Fishing Harbour,fishing_harbour,27.49
loc_5660,Nakkāpalle,fh_04,Modernization and up-gradation of Vishakapatnam Fishing Harbour,fishing_harbour,68.4
loc_5660,Nakkāpalle,fh_06,"Construction of Fishing Harbour, Uppada",fishing_harbour,54.12
loc_5660,Nakkāpalle,port_06,Visakhapatnam Port,port,68.28
loc_5663,Periyākkurichchi,fh_45,Development of Smart and Integrated Fishing Harbour at Karaikal,fishing_harbour,78.84
loc_5663,Periyākkurichchi,fh_49,Construction of Fishing Harbour at Thengaithittu,fishing_harbour,53.83
loc_5663,Periyākkurichchi,fh_50,Upgradation of Puducherry Fishing Harbour,fishing_harbour,57.05
loc_5663,Periyākkurichchi,fh_52,Up-gradation of Pazhayar Fishing Harbour,fishing_harbour,43.66
loc_5663,Periyākkurichchi,fh_55,Construction of Fishing harbour at Tharangampadi,fishing_harbour,69.01
loc_5663,Periyākkurichchi,fh_57,Development of existing Fishing Harbour at Mudhunagar,fishing_harbour,35.62
loc_5663,Periyākkurichchi,fh_59,Construction of Fishing harbour at Azhagankuppam,fishing_harbour,70.87
loc_5671,Kattrivedu,fh_53,Modernization and up-gradation of Chennai Fishing Harbour,fishing_harbour,11.63
loc_5671,Kattrivedu,fh_56,Construction of Fishing harbour at ThiruvottriyurKuppam,fishing_harbour,14.06
loc_5671,Kattrivedu,port_05,Chennai Port,port,11.3
loc_5671,Kattrivedu,port_11,Kamarajar Port,port,18.56
loc_5678,Kumaranellūr,fh_24,"Modernization and up-gradation of Cochin Fishing Harbour at Thoppumpady, Cochin",fishing_harbour,82.28
loc_5678,Kumaranellūr,fh_27,Upgradation and modernization of Harbour in Ponnani,fishing_harbour,36.44
loc_5678,Kumaranellūr,fh_28,Upgradation and modernization of Harbour in Puthiyappa,fishing_harbour,91.1
loc_5678,Kumaranellūr,fh_31,Maintenance dredging of existing harbor in Chettuva,fishing_harbour,34.51
loc_5678,Kumaranellūr,fh_32,Maintenance dredging of existing harbor in Ponnani,fishing_harbour,36.44
loc_5678,Kumaranellūr,fh_33,Maintenance dredging of existing harbor in Beypore,fishing_harbour,73.33
loc_5678,Kumaranellūr,fh_34,Maintenance dredging of existing harbor in Puthiyappa,fishing_harbour,91.1
loc_5678,Kumaranellūr,port_02,Cochin Port,port,78.58
loc_5683,Koonimedu,fh_49,Construction of Fishing Harbour at Thengaithittu,fishing_harbour,21.93
loc_5683,Koonimedu,fh_50,Upgradation of Puducherry Fishing Harbour,fishing_harbour,18.42
loc_5683,Koonimedu,fh_52,Up-gradation of Pazhayar Fishing Harbour,fishing_harbour,81.93
loc_5683,Koonimedu,fh_57,Development of existing Fishing Harbour at Mudhunagar,fishing_harbour,42.97
loc_5683,Koonimedu,fh_59,Construction of Fishing harbour at Azhagankuppam,fishing_harbour,4.04
loc_5686,Murda,fh_39,Anandwadi (Fishing Harbour),fishing_harbour,76.47
loc_5686,Murda,port_04,Mormugao Port,port,9.54
loc_5694,Tārāpur,fh_44,Development of Fishing Harbour at Satpati,fishing_harbour,15.02
loc_5698,Kegaon,fh_37,Modernisation of Sassoon Dock Fishing Harbour,fishing_harbour,9.15
loc_5698,Kegaon,fh_38,Karanja Fishing Harbour (Revised),fishing_harbour,4.19
loc_5698,Kegaon,fh_40,Construction of Fisheries Fishing Harbour at Jeevana,fishing_harbour,44.03
loc_5698,Kegaon,fh_41,Construction of Fisheries Fishing Harbour at Bharadkhol,fishing_harbour,88.48
loc_5698,Kegaon,fh_44,Development of Fishing Harbour at Satpati,fishing_harbour,95.94
loc_5698,Kegaon,port_00,Mumbai Port,port,8.09
loc_5698,Kegaon,port_01,Jawaharlal Nehru Port (JNPT),port,7.18
loc_5708,Tholur,fh_24,"Modernization and up-gradation of Cochin Fishing Harbour at Thoppumpady, Cochin",fishing_harbour,73.01
loc_5708,Tholur,fh_27,Upgradation and modernization of Harbour in Ponnani,fishing_harbour,30.97
loc_5708,Tholur,fh_28,Upgradation and modernization of Harbour in Puthiyappa,fishing_harbour,93.42
loc_5708,Tholur,fh_31,Maintenance dredging of existing harbor in Chettuva,fishing_harbour,18.49
loc_5708,Tholur,fh_32,Maintenance dredging of existing harbor in Ponnani,fishing_harbour,30.97
loc_5708,Tholur,fh_33,Maintenance dredging of existing harbor in Beypore,fishing_harbour,75.09
loc_5708,Tholur,fh_34,Maintenance dredging of existing harbor in Puthiyappa,fishing_harbour,93.42
loc_5708,Tholur,port_02,Cochin Port,port,69.24
loc_5714,Marwad,fh_44,Development of Fishing Harbour at Satpati,fishing_harbour,80.28
loc_5717,Xeldem,fh_20,Maintenance Dredging at Amadalli Fishing Harbour,fishing_harbour,67.87
loc_5717,Xeldem,fh_21,Dredging work at Tadari Fishing Harbour,fishing_harbour,93.81
loc_5717,Xeldem,port_04,Mormugao Port,port,34.77
loc_5718,Tokūru,fh_17,Modernisation and Upgradation of Mangalore Fishing Harbour,fishing_harbour,7.36
loc_5718,Tokūru,fh_18,Modernisation of Malpe Fishing Harbour,fishing_harbour,45.47
loc_5718,Tokūru,fh_19,Modernisation of Gangoli Fishing Harbour,fishing_harbour,78.19
loc_5718,Tokūru,fh_22,Kulai Fishing Harbour,fishing_harbour,4.14
loc_5718,Tokūru,fh_23,Hejmadi Kodi Fishing Harbour,fishing_harbour,16.39
loc_5718,Tokūru,fh_26,Expansion of Kasaragod Fishing Harbour,fishing_harbour,54.15
loc_5718,Tokūru,port_03,New Mangalore Port,port,4.67
loc_5723,Alamādi,fh_53,Modernization and up-gradation of Chennai Fishing Harbour,fishing_harbour,24.5
loc_5723,Alamādi,fh_56,Construction of Fishing harbour at ThiruvottriyurKuppam,fishing_harbour,24.25
loc_5723,Alamādi,port_05,Chennai Port,port,24.24
loc_5723,Alamādi,port_11,Kamarajar Port,port,25.16
loc_5730,Kandanvilai,fh_25,Expansion of Muthalapozhy Fishing Harbour,fishing_harbour,74.48
loc_5730,Kandanvilai,fh_54,Maintenance Dredging of Colachel Fishing Harbour,fishing_harbour,9.1
loc_5730,Kandanvilai,fh_61,Expansion and Modernization of Thengapattinam Fishing,fishing_harbour,21.23
loc_5746,Manavalassery,fh_24,"Modernization and up-gradation of Cochin Fishing Harbour at Thoppumpady, Cochin",fishing_harbour,49.13
loc_5746,Manavalassery,fh_27,Upgradation and modernization of Harbour in Ponnani,fishing_harbour,52.61
loc_5746,Manavalassery,fh_31,Maintenance dredging of existing harbor in Chettuva,fishing_harbour,13.92
loc_5746,Manavalassery,fh_32,Maintenance dredging of existing harbor in Ponnani,fishing_harbour,52.61
loc_5746,Manavalassery,fh_33,Maintenance dredging of existing harbor in Beypore,fishing_harbour,98.25
loc_5746,Manavalassery,fh_35,Development of Arthungal Fishing Harbor (Balance work),fishing_harbour,76.87
loc_5746,Manavalassery,port_02,Cochin Port,port,45.36
loc_5747,Kukkudākhandi,fh_02,Development of Budugatlapalem Fishing Harbour,fishing_harbour,97.46
loc_5751,Chinchinim,fh_20,Maintenance Dredging at Amadalli Fishing Harbour,fishing_harbour,68.81
loc_5751,Chinchinim,fh_21,Dredging work at Tadari Fishing Harbour,fishing_harbour,95.72
loc_5751,Chinchinim,port_04,Mormugao Port,port,28.4
loc_5754,Kainoor,fh_24,"Modernization and up-gradation of Cochin Fishing Harbour at Thoppumpady, Cochin",fishing_harbour,63.29
loc_5754,Kainoor,fh_27,Upgradation and modernization of Harbour in Ponnani,fishing_harbour,48.64
loc_5754,Kainoor,fh_31,Maintenance dredging of existing harbor in Chettuva,fishing_harbour,25.56
loc_5754,Kainoor,fh_32,Maintenance dredging of existing harbor in Ponnani,fishing_harbour,48.64
loc_5754,Kainoor,fh_33,Maintenance dredging of existing harbor in Beypore,fishing_harbour,90.52
loc_5754,Kainoor,fh_35,Development of Arthungal Fishing Harbor (Balance work),fishing_harbour,90.21
loc_5754,Kainoor,port_02,Cochin Port,port,59.63
loc_5756,Vadghar,fh_37,Modernisation of Sassoon Dock Fishing Harbour,fishing_harbour,29.66
loc_5756,Vadghar,fh_38,Karanja Fishing Harbour (Revised),fishing_harbour,18.13
loc_5756,Vadghar,fh_40,Construction of Fisheries Fishing Harbour at Jeevana,fishing_harbour,56.79
loc_5756,Vadghar,fh_44,Development of Fishing Harbour at Satpati,fishing_harbour,94.18
loc_5756,Vadghar,port_00,Mumbai Port,port,27.66
loc_5756,Vadghar,port_01,Jawaharlal Nehru Port (JNPT),port,16.61
loc_5774,Uppalavādi,fh_45,Development of Smart and Integrated Fishing Harbour at Karaikal,fishing_harbour,94.23
loc_5774,Uppalavādi,fh_49,Construction of Fishing Harbour at Thengaithittu,fishing_harbour,15.73
loc_5774,Uppalavādi,fh_50,Upgradation of Puducherry Fishing Harbour,fishing_harbour,19.23
loc_5774,Uppalavādi,fh_52,Up-gradation of Pazhayar Fishing Harbour,fishing_harbour,46.68
loc_5774,Uppalavādi,fh_55,Construction of Fishing harbour at Tharangampadi,fishing_harbour,82.14
loc_5774,Uppalavādi,fh_57,Development of existing Fishing Harbour at Mudhunagar,fishing_harbour,5.33
loc_5774,Uppalavādi,fh_59,Construction of Fishing harbour at Azhagankuppam,fishing_harbour,33.62
loc_5785,Tālipādi,fh_17,Modernisation and Upgradation of Mangalore Fishing Harbour,fishing_harbour,18.88
loc_5785,Tālipādi,fh_18,Modernisation of Malpe Fishing Harbour,fishing_harbour,35.68
loc_5785,Tālipādi,fh_19,Modernisation of Gangoli Fishing Harbour,fishing_harbour,67.57
loc_5785,Tālipādi,fh_22,Kulai Fishing Harbour,fishing_harbour,13.22
loc_5785,Tālipādi,fh_23,Hejmadi Kodi Fishing Harbour,fishing_harbour,8.87
loc_5785,Tālipādi,fh_26,Expansion of Kasaragod Fishing Harbour,fishing_harbour,64.69
loc_5785,Tālipādi,port_03,New Mangalore Port,port,15.91
loc_5791,Gopālpur,fh_02,Development of Budugatlapalem Fishing Harbour,fishing_harbour,94.53
loc_5797,Kudus,fh_37,Modernisation of Sassoon Dock Fishing Harbour,fishing_harbour,73.93
loc_5797,Kudus,fh_38,Karanja Fishing Harbour (Revised),fishing_harbour,71.13
loc_5797,Kudus,fh_44,Development of Fishing Harbour at Satpati,fishing_harbour,49.21
loc_5797,Kudus,port_00,Mumbai Port,port,72.01
loc_5797,Kudus,port_01,Jawaharlal Nehru Port (JNPT),port,66.8
loc_5799,Perungulam,fh_54,Maintenance Dredging of Colachel Fishing Harbour,fishing_harbour,97.0
loc_5799,Perungulam,fh_62,Extension of T-Jetty at Tharuvaikulam,fishing_harbour,25.23
loc_5799,Perungulam,port_10,V.O. Chidambaranar Port,port,24.85
loc_5805,Kaiparamba,fh_24,"Modernization and up-gradation of Cochin Fishing Harbour at Thoppumpady, Cochin",fishing_harbour,76.77
loc_5805,Kaiparamba,fh_27,Upgradation and modernization of Harbour in Ponnani,fishing_harbour,29.07
loc_5805,Kaiparamba,fh_28,Upgradation and modernization of Harbour in Puthiyappa,fishing_harbour,90.33
loc_5805,Kaiparamba,fh_31,Maintenance dredging of existing harbor in Chettuva,fishing_harbour,22.65
loc_5805,Kaiparamba,fh_32,Maintenance dredging of existing harbor in Ponnani,fishing_harbour,29.07
loc_5805,Kaiparamba,fh_33,Maintenance dredging of existing harbor in Beypore,fishing_harbour,72.05
loc_5805,Kaiparamba,fh_34,Maintenance dredging of existing harbor in Puthiyappa,fishing_harbour,90.33
loc_5805,Kaiparamba,port_02,Cochin Port,port,73.0
loc_5814,Goregaon,fh_37,Modernisation of Sassoon Dock Fishing Harbour,fishing_harbour,98.01
loc_5814,Goregaon,fh_38,Karanja Fishing Harbour (Revised),fishing_harbour,91.36
loc_5814,Goregaon,fh_40,Construction of Fisheries Fishing Harbour at Jeevana,fishing_harbour,54.12
loc_5814,Goregaon,fh_41,Construction of Fisheries Fishing Harbour at Bharadkhol,fishing_harbour,39.73
loc_5814,Goregaon,fh_42,Construction of Fisheries Fishing Harbour at Harnai,fishing_harbour,42.9
loc_5814,Goregaon,fh_43,Construction of Fisheries Fishing Harbour at Sakhari Nate,fishing_harbour,45.69
loc_5814,Goregaon,port_00,Mumbai Port,port,98.34
loc_5814,Goregaon,port_01,Jawaharlal Nehru Port (JNPT),port,95.47
loc_5818,Manakkody,fh_24,"Modernization and up-gradation of Cochin Fishing Harbour at Thoppumpady, Cochin",fishing_harbour,62.76
loc_5818,Manakkody,fh_27,Upgradation and modernization of Harbour in Ponnani,fishing_harbour,41.05
loc_5818,Manakkody,fh_31,Maintenance dredging of existing harbor in Chettuva,fishing_harbour,14.04
loc_5818,Manakkody,fh_32,Maintenance dredging of existing harbor in Ponnani,fishing_harbour,41.05
loc_5818,Manakkody,fh_33,Maintenance dredging of existing harbor in Beypore,fishing_harbour,85.63
loc_5818,Manakkody,fh_35,Development of Arthungal Fishing Harbor (Balance work),fishing_harbour,90.42
loc_5818,Manakkody,port_02,Cochin Port,port,58.99
loc_5819,Mūlaguntapādu,fh_03,Development of Kothapatnam Fishing Harbour,fishing_harbour,26.77
loc_5819,Mūlaguntapādu,fh_05,Juvvaladinne Fishing Harbour,fishing_harbour,51.7
loc_5819,Mūlaguntapādu,fh_07,"Construction of Fishing Harbour, Vodarevu",fishing_harbour,35.65
loc_5819,Mūlaguntapādu,fh_09,"Construction of Fishing Harbour, Nizampattinam",fishing_harbour,97.78
loc_5820,Harnai,fh_36,Development of Mallet Bunder Fishing Harbour,fishing_harbour,94.07
loc_5820,Harnai,fh_40,Construction of Fisheries Fishing Harbour at Jeevana,fishing_harbour,78.35
loc_5820,Harnai,fh_41,Construction of Fisheries Fishing Harbour at Bharadkhol,fishing_harbour,36.94
loc_5820,Harnai,fh_42,Construction of Fisheries Fishing Harbour at Harnai,fishing_harbour,1.02
loc_5820,Harnai,fh_43,Construction of Fisheries Fishing Harbour at Sakhari Nate,fishing_harbour,6.66
loc_5830,Bhakarsahi,fh_47,Modernisation of Paradip Fishing Harbour,fishing_harbour,70.37
loc_5830,Bhakarsahi,fh_48,Development of Stage-II Fishing Harbour at Nuagarh (Astranga),fishing_harbour,40.46
loc_5830,Bhakarsahi,port_07,Paradip Port,port,73.0
loc_5833,Kallettumkara,fh_24,"Modernization and up-gradation of Cochin Fishing Harbour at Thoppumpady, Cochin",fishing_harbour,46.03
loc_5833,Kallettumkara,fh_27,Upgradation and modernization of Harbour in Ponnani,fishing_harbour,60.09
loc_5833,Kallettumkara,fh_31,Maintenance dredging of existing harbor in Chettuva,fishing_harbour,24.29
loc_5833,Kallettumkara,fh_32,Maintenance dredging of existing harbor in Ponnani,fishing_harbour,60.09
loc_5833,Kallettumkara,fh_35,Development of Arthungal Fishing Harbor (Balance work),fishing_harbour,73.14
loc_5833,Kallettumkara,port_02,Cochin Port,port,42.35
loc_5843,Badagal Ulipādi,fh_17,Modernisation and Upgradation of Mangalore Fishing Harbour,fishing_harbour,16.05
loc_5843,Badagal Ulipādi,fh_18,Modernisation of Malpe Fishing Harbour,fishing_harbour,52.34
loc_5843,Badagal Ulipādi,fh_19,Modernisation of Gangoli Fishing Harbour,fishing_harbour,83.24
loc_5843,Badagal Ulipādi,fh_22,Kulai Fishing Harbour,fishing_harbour,17.16
loc_5843,Badagal Ulipādi,fh_23,Hejmadi Kodi Fishing Harbour,fishing_harbour,25.36
loc_5843,Badagal Ulipādi,fh_26,Expansion of Kasaragod Fishing Harbour,fishing_harbour,50.39
loc_5843,Badagal Ulipādi,port_03,New Mangalore Port,port,15.81
loc_5846,Guirim,fh_39,Anandwadi (Fishing Harbour),fishing_harbour,64.84
loc_5846,Guirim,port_04,Mormugao Port,port,18.49
loc_5854,Adyār,fh_17,Modernisation and Upgradation of Mangalore Fishing Harbour,fishing_harbour,11.6
loc_5854,Adyār,fh_18,Modernisation of Malpe Fishing Harbour,fishing_harbour,58.53
loc_5854,Adyār,fh_19,Modernisation of Gangoli Fishing Harbour,fishing_harbour,90.58
loc_5854,Adyār,fh_22,Kulai Fishing Harbour,fishing_harbour,16.61
loc_5854,Adyār,fh_23,Hejmadi Kodi Fishing Harbour,fishing_harbour,29.85
loc_5854,Adyār,fh_26,Expansion of Kasaragod Fishing Harbour,fishing_harbour,41.82
loc_5854,Adyār,port_03,New Mangalore Port,port,13.43
loc_5866,Chittilapilli,fh_24,"Modernization and up-gradation of Cochin Fishing Harbour at Thoppumpady, Cochin",fishing_harbour,71.84
loc_5866,Chittilapilli,fh_27,Upgradation and modernization of Harbour in Ponnani,fishing_harbour,33.29
loc_5866,Chittilapilli,fh_28,Upgradation and modernization of Harbour in Puthiyappa,fishing_harbour,95.21
loc_5866,Chittilapilli,fh_31,Maintenance dredging of existing harbor in Chettuva,fishing_harbour,19.11
loc_5866,Chittilapilli,fh_32,Maintenance dredging of existing harbor in Ponnani,fishing_harbour,33.29
loc_5866,Chittilapilli,fh_33,Maintenance dredging of existing harbor in Beypore,fishing_harbour,76.91
loc_5866,Chittilapilli,fh_34,Maintenance dredging of existing harbor in Puthiyappa,fishing_harbour,95.21
loc_5866,Chittilapilli,fh_35,Development of Arthungal Fishing Harbor (Balance work),fishing_harbour,99.51
loc_5866,Chittilapilli,port_02,Cochin Port,port,68.07
loc_5873,Umbergaon INA,fh_44,Development of Fishing Harbour at Satpati,fishing_harbour,49.83
loc_5879,Borlai Panchaitan,fh_37,Modernisation of Sassoon Dock Fishing Harbour,fishing_harbour,85.39
loc_5879,Borlai Panchaitan,fh_38,Karanja Fishing Harbour (Revised),fishing_harbour,82.48
loc_5879,Borlai Panchaitan,fh_40,Construction of Fisheries Fishing Harbour at Jeevana,fishing_harbour,37.52
loc_5879,Borlai Panchaitan,fh_41,Construction of Fisheries Fishing Harbour at Bharadkhol,fishing_harbour,11.84
loc_5879,Borlai Panchaitan,fh_42,Construction of Fisheries Fishing Harbour at Harnai,fishing_harbour,39.96
loc_5879,Borlai Panchaitan,fh_43,Construction of Fisheries Fishing Harbour at Sakhari Nate,fishing_harbour,46.74
loc_5879,Borlai Panchaitan,port_00,Mumbai Port,port,86.36
loc_5879,Borlai Panchaitan,port_01,Jawaharlal Nehru Port (JNPT),port,86.92
loc_5880,Ādri,fh_11,3rd Stage of Mangarol Fishing Harbour,fishing_harbour,64.04
loc_5880,Ādri,fh_12,Development of Fishery Harbour at Navabandar,fishing_harbour,92.85
loc_5880,Ādri,fh_13,Development of Fishery harbour at Madhwad,fishing_harbour,19.03
loc_5880,Ādri,fh_14,Development of Fishery Harbour at Veraval – Phase 2,fishing_harbour,11.19
loc_5880,Ādri,fh_16,Development of Fishery Harbour at Sutrapada,fishing_harbour,24.98
loc_5880,Ādri,fh_46,Development of Smart and Integrated Fishing Harbour at Vanakbara,fishing_harbour,78.25
loc_5888,Venkatapura,fh_18,Modernisation of Malpe Fishing Harbour,fishing_harbour,77.96
loc_5888,Venkatapura,fh_19,Modernisation of Gangoli Fishing Harbour,fishing_harbour,45.35
loc_5888,Venkatapura,fh_20,Maintenance Dredging at Amadalli Fishing Harbour,fishing_harbour,76.0
loc_5888,Venkatapura,fh_21,Dredging work at Tadari Fishing Harbour,fishing_harbour,50.81
loc_5899,Balipatapur,fh_48,Development of Stage-II Fishing Harbour at Nuagarh (Astranga),fishing_harbour,87.23
loc_5904,Mel Pattāmbākkam,fh_45,Development of Smart and Integrated Fishing Harbour at Karaikal,fishing_harbour,99.25
loc_5904,Mel Pattāmbākkam,fh_49,Construction of Fishing Harbour at Thengaithittu,fishing_harbour,24.28
loc_5904,Mel Pattāmbākkam,fh_50,Upgradation of Puducherry Fishing Harbour,fishing_harbour,27.02
loc_5904,Mel Pattāmbākkam,fh_52,Up-gradation of Pazhayar Fishing Harbour,fishing_harbour,53.9
loc_5904,Mel Pattāmbākkam,fh_55,Construction of Fishing harbour at Tharangampadi,fishing_harbour,87.7
loc_5904,Mel Pattāmbākkam,fh_57,Development of existing Fishing Harbour at Mudhunagar,fishing_harbour,16.21
loc_5904,Mel Pattāmbākkam,fh_59,Construction of Fishing harbour at Azhagankuppam,fishing_harbour,39.96
loc_5905,Bambolim,fh_20,Maintenance Dredging at Amadalli Fishing Harbour,fishing_harbour,99.44
loc_5905,Bambolim,fh_39,Anandwadi (Fishing Harbour),fishing_harbour,77.96
loc_5905,Bambolim,port_04,Mormugao Port,port,7.99
loc_5907,Sānūru,fh_17,Modernisation and Upgradation of Mangalore Fishing Harbour,fishing_harbour,35.77
loc_5907,Sānūru,fh_18,Modernisation of Malpe Fishing Harbour,fishing_harbour,37.1
loc_5907,Sānūru,fh_19,Modernisation of Gangoli Fishing Harbour,fishing_harbour,62.69
loc_5907,Sānūru,fh_22,Kulai Fishing Harbour,fishing_harbour,31.65
loc_5907,Sānūru,fh_23,Hejmadi Kodi Fishing Harbour,fishing_harbour,24.39
loc_5907,Sānūru,fh_26,Expansion of Kasaragod Fishing Harbour,fishing_harbour,75.03
loc_5907,Sānūru,port_03,New Mangalore Port,port,33.43
loc_5915,Queula,fh_20,Maintenance Dredging at Amadalli Fishing Harbour,fishing_harbour,86.09
loc_5915,Queula,fh_39,Anandwadi (Fishing Harbour),fishing_harbour,92.7
loc_5915,Queula,port_04,Mormugao Port,port,19.55
loc_5919,Manjalumoodu,fh_25,Expansion of Muthalapozhy Fishing Harbour,fishing_harbour,54.72
loc_5919,Manjalumoodu,fh_54,Maintenance Dredging of Colachel Fishing Harbour,fishing_harbour,21.84
loc_5919,Manjalumoodu,fh_61,Expansion and Modernization of Thengapattinam Fishing,fishing_harbour,13.17
loc_5927,Paloor,fh_25,Expansion of Muthalapozhy Fishing Harbour,fishing_harbour,64.03
loc_5927,Paloor,fh_54,Maintenance Dredging of Colachel Fishing Harbour,fishing_harbour,7.13
loc_5927,Paloor,fh_61,Expansion and Modernization of Thengapattinam Fishing,fishing_harbour,10.38
loc_5930,Harēkala,fh_17,Modernisation and Upgradation of Mangalore Fishing Harbour,fishing_harbour,12.14
loc_5930,Harēkala,fh_18,Modernisation of Malpe Fishing Harbour,fishing_harbour,61.05
loc_5930,Harēkala,fh_19,Modernisation of Gangoli Fishing Harbour,fishing_harbour,93.33
loc_5930,Harēkala,fh_22,Kulai Fishing Harbour,fishing_harbour,18.07
loc_5930,Harēkala,fh_23,Hejmadi Kodi Fishing Harbour,fishing_harbour,32.16
loc_5930,Harēkala,fh_26,Expansion of Kasaragod Fishing Harbour,fishing_harbour,38.94
loc_5930,Harēkala,port_03,New Mangalore Port,port,14.56
loc_5933,Varamballi,fh_17,Modernisation and Upgradation of Mangalore Fishing Harbour,fishing_harbour,51.97
loc_5933,Varamballi,fh_18,Modernisation of Malpe Fishing Harbour,fishing_harbour,6.95
loc_5933,Varamballi,fh_19,Modernisation of Gangoli Fishing Harbour,fishing_harbour,33.03
loc_5933,Varamballi,fh_22,Kulai Fishing Harbour,fishing_harbour,45.11
loc_5933,Varamballi,fh_23,Hejmadi Kodi Fishing Harbour,fishing_harbour,29.42
loc_5933,Varamballi,fh_26,Expansion of Kasaragod Fishing Harbour,fishing_harbour,99.18
loc_5933,Varamballi,port_03,New Mangalore Port,port,48.71
loc_5935,Choozhal,fh_25,Expansion of Muthalapozhy Fishing Harbour,fishing_harbour,50.05
loc_5935,Choozhal,fh_54,Maintenance Dredging of Colachel Fishing Harbour,fishing_harbour,19.73
loc_5935,Choozhal,fh_61,Expansion and Modernization of Thengapattinam Fishing,fishing_harbour,4.13
loc_5952,Morjim,fh_39,Anandwadi (Fishing Harbour),fishing_harbour,55.71
loc_5952,Morjim,port_04,Mormugao Port,port,25.62
loc_5957,Eyyāl,fh_24,"Modernization and up-gradation of Cochin Fishing Harbour at Thoppumpady, Cochin",fishing_harbour,82.38
loc_5957,Eyyāl,fh_27,Upgradation and modernization of Harbour in Ponnani,fishing_harbour,24.11
loc_5957,Eyyāl,fh_28,Upgradation and modernization of Harbour in Puthiyappa,fishing_harbour,84.6
loc_5957,Eyyāl,fh_29,Upgradation and modernization of Harbour in Koyilandy,fishing_harbour,98.41
loc_5957,Eyyāl,fh_31,Maintenance dredging of existing harbor in Chettuva,fishing_harbour,26.92
loc_5957,Eyyāl,fh_32,Maintenance dredging of existing harbor in Ponnani,fishing_harbour,24.11
loc_5957,Eyyāl,fh_33,Maintenance dredging of existing harbor in Beypore,fishing_harbour,66.33
loc_5957,Eyyāl,fh_34,Maintenance dredging of existing harbor in Puthiyappa,fishing_harbour,84.6
loc_5957,Eyyāl,port_02,Cochin Port,port,78.61
loc_5958,Kottapuram,fh_24,"Modernization and up-gradation of Cochin Fishing Harbour at Thoppumpady, Cochin",fishing_harbour,83.83
loc_5958,Kottapuram,fh_27,Upgradation and modernization of Harbour in Ponnani,fishing_harbour,30.51
loc_5958,Kottapuram,fh_28,Upgradation and modernization of Harbour in Puthiyappa,fishing_harbour,86.7
loc_5958,Kottapuram,fh_31,Maintenance dredging of existing harbor in Chettuva,fishing_harbour,32.42
loc_5958,Kottapuram,fh_32,Maintenance dredging of existing harbor in Ponnani,fishing_harbour,30.51
loc_5958,Kottapuram,fh_33,Maintenance dredging of existing harbor in Beypore,fishing_harbour,68.73
loc_5958,Kottapuram,fh_34,Maintenance dredging of existing harbor in Puthiyappa,fishing_harbour,86.7
loc_5958,Kottapuram,port_02,Cochin Port,port,80.08
loc_5968,Dabolim,fh_20,Maintenance Dredging at Amadalli Fishing Harbour,fishing_harbour,92.99
loc_5968,Dabolim,fh_39,Anandwadi (Fishing Harbour),fishing_harbour,84.3
loc_5968,Dabolim,port_04,Mormugao Port,port,5.65
loc_5979,Ammāpattinam,fh_58,Development of Fishing Harbour at Arcottuthurai,fishing_harbour,82.99
loc_5979,Ammāpattinam,fh_60,Development of Fishing Harbour at Vellapallam,fishing_harbour,85.36
loc_5982,Kambe,fh_37,Modernisation of Sassoon Dock Fishing Harbour,fishing_harbour,48.72
loc_5982,Kambe,fh_38,Karanja Fishing Harbour (Revised),fishing_harbour,45.66
loc_5982,Kambe,fh_40,Construction of Fisheries Fishing Harbour at Jeevana,fishing_harbour,91.03
loc_5982,Kambe,fh_44,Development of Fishing Harbour at Satpati,fishing_harbour,59.59
loc_5982,Kambe,port_00,Mumbai Port,port,46.74
loc_5982,Kambe,port_01,Jawaharlal Nehru Port (JNPT),port,41.31
loc_5984,Padghe,fh_37,Modernisation of Sassoon Dock Fishing Harbour,fishing_harbour,61.56
loc_5984,Padghe,fh_38,Karanja Fishing Harbour (Revised),fishing_harbour,56.07
loc_5984,Padghe,fh_40,Construction of Fisheries Fishing Harbour at Jeevana,fishing_harbour,99.81
loc_5984,Padghe,fh_44,Development of Fishing Harbour at Satpati,fishing_harbour,65.79
loc_5984,Padghe,port_00,Mumbai Port,port,59.44
loc_5984,Padghe,port_01,Jawaharlal Nehru Port (JNPT),port,52.08
loc_5985,Verna,fh_20,Maintenance Dredging at Amadalli Fishing Harbour,fishing_harbour,85.18
loc_5985,Verna,fh_39,Anandwadi (Fishing Harbour),fishing_harbour,92.28
loc_5985,Verna,port_04,Mormugao Port,port,14.25
loc_5989,Banda,fh_39,Anandwadi (Fishing Harbour),fishing_harbour,50.11
loc_5989,Banda,port_04,Mormugao Port,port,45.17
loc_5993,Aldona,fh_39,Anandwadi (Fishing Harbour),fishing_harbour,67.59
loc_5993,Aldona,port_04,Mormugao Port,port,21.82
loc_5996,Naoghar,fh_37,Modernisation of Sassoon Dock Fishing Harbour,fishing_harbour,16.68
loc_5996,Naoghar,fh_38,Karanja Fishing Harbour (Revised),fishing_harbour,4.27
loc_5996,Naoghar,fh_40,Construction of Fisheries Fishing Harbour at Jeevana,fishing_harbour,43.94
loc_5996,Naoghar,fh_41,Construction of Fisheries Fishing Harbour at Bharadkhol,fishing_harbour,88.3
loc_5996,Naoghar,fh_44,Development of Fishing Harbour at Satpati,fishing_harbour,98.58
loc_5996,Naoghar,port_00,Mumbai Port,port,15.31
loc_5996,Naoghar,port_01,Jawaharlal Nehru Port (JNPT),port,7.49
loc_6003,Tayikkād,fh_24,"Modernization and up-gradation of Cochin Fishing Harbour at Thoppumpady, Cochin",fishing_harbour,77.04
loc_6003,Tayikkād,fh_27,Upgradation and modernization of Harbour in Ponnani,fishing_harbour,24.47
loc_6003,Tayikkād,fh_28,Upgradation and modernization of Harbour in Puthiyappa,fishing_harbour,88.25
loc_6003,Tayikkād,fh_31,Maintenance dredging of existing harbor in Chettuva,fishing_harbour,19.08
loc_6003,Tayikkād,fh_32,Maintenance dredging of existing harbor in Ponnani,fishing_harbour,24.47
loc_6003,Tayikkād,fh_33,Maintenance dredging of existing harbor in Beypore,fishing_harbour,69.91
loc_6003,Tayikkād,fh_34,Maintenance dredging of existing harbor in Puthiyappa,fishing_harbour,88.25
loc_6003,Tayikkād,port_02,Cochin Port,port,73.28
loc_6005,Purne,fh_37,Modernisation of Sassoon Dock Fishing Harbour,fishing_harbour,42.97
loc_6005,Purne,fh_38,Karanja Fishing Harbour (Revised),fishing_harbour,39.6
loc_6005,Purne,fh_40,Construction of Fisheries Fishing Harbour at Jeevana,fishing_harbour,84.97
loc_6005,Purne,fh_44,Development of Fishing Harbour at Satpati,fishing_harbour,63.79
loc_6005,Purne,port_00,Mumbai Port,port,40.95
loc_6005,Purne,port_01,Jawaharlal Nehru Port (JNPT),port,35.26
loc_6011,S. Rayavaram,fh_01,Development of Pudimadaka Fishing Harbour,fishing_harbour,16.86
loc_6011,S. Rayavaram,fh_04,Modernization and up-gradation of Vishakapatnam Fishing Harbour,fishing_harbour,57.58
loc_6011,S. Rayavaram,fh_06,"Construction of Fishing Harbour, Uppada",fishing_harbour,64.7
loc_6011,S. Rayavaram,port_06,Visakhapatnam Port,port,57.45
loc_6012,Corlim,fh_20,Maintenance Dredging at Amadalli Fishing Harbour,fishing_harbour,99.09
loc_6012,Corlim,fh_39,Anandwadi (Fishing Harbour),fishing_harbour,79.97
loc_6012,Corlim,port_04,Mormugao Port,port,16.91
loc_6029,Aquem,fh_20,Maintenance Dredging at Amadalli Fishing Harbour,fishing_harbour,72.66
loc_6029,Aquem,fh_21,Dredging work at Tadari Fishing Harbour,fishing_harbour,99.37
loc_6029,Aquem,port_04,Mormugao Port,port,25.69
loc_6030,Porkolam,fh_24,"Modernization and up-gradation of Cochin Fishing Harbour at Thoppumpady, Cochin",fishing_harbour,85.89
loc_6030,Porkolam,fh_27,Upgradation and modernization of Harbour in Ponnani,fishing_harbour,18.42
loc_6030,Porkolam,fh_28,Upgradation and modernization of Harbour in Puthiyappa,fishing_harbour,80.05
loc_6030,Porkolam,fh_29,Upgradation and modernization of Harbour in Koyilandy,fishing_harbour,93.95
loc_6030,Porkolam,fh_31,Maintenance dredging of existing harbor in Chettuva,fishing_harbour,28.57
loc_6030,Porkolam,fh_32,Maintenance dredging of existing harbor in Ponnani,fishing_harbour,18.42
loc_6030,Porkolam,fh_33,Maintenance dredging of existing harbor in Beypore,fishing_harbour,61.72
loc_6030,Porkolam,fh_34,Maintenance dredging of existing harbor in Puthiyappa,fishing_harbour,80.05
loc_6030,Porkolam,port_02,Cochin Port,port,82.12
loc_6033,Ambivali T. Tungartan,fh_37,Modernisation of Sassoon Dock Fishing Harbour,fishing_harbour,36.16
loc_6033,Ambivali T. Tungartan,fh_38,Karanja Fishing Harbour (Revised),fishing_harbour,23.49
loc_6033,Ambivali T. Tungartan,fh_40,Construction of Fisheries Fishing Harbour at Jeevana,fishing_harbour,51.09
loc_6033,Ambivali T. Tungartan,fh_41,Construction of Fisheries Fishing Harbour at Bharadkhol,fishing_harbour,92.63
loc_6033,Ambivali T. Tungartan,port_00,Mumbai Port,port,34.54
loc_6033,Ambivali T. Tungartan,port_01,Jawaharlal Nehru Port (JNPT),port,24.16
loc_6034,Kuwarbav,fh_36,Development of Mallet Bunder Fishing Harbour,fishing_harbour,5.97
loc_6034,Kuwarbav,fh_42,Construction of Fisheries Fishing Harbour at Harnai,fishing_harbour,96.03
loc_6034,Kuwarbav,fh_43,Construction of Fisheries Fishing Harbour at Sakhari Nate,fishing_harbour,89.23
loc_6044,Belma,fh_17,Modernisation and Upgradation of Mangalore Fishing Harbour,fishing_harbour,13.33
loc_6044,Belma,fh_18,Modernisation of Malpe Fishing Harbour,fishing_harbour,63.64
loc_6044,Belma,fh_19,Modernisation of Gangoli Fishing Harbour,fishing_harbour,96.13
loc_6044,Belma,fh_22,Kulai Fishing Harbour,fishing_harbour,19.87
loc_6044,Belma,fh_23,Hejmadi Kodi Fishing Harbour,fishing_harbour,34.6
loc_6044,Belma,fh_26,Expansion of Kasaragod Fishing Harbour,fishing_harbour,36.08
loc_6044,Belma,port_03,New Mangalore Port,port,16.16
loc_6049,Sanguem,fh_20,Maintenance Dredging at Amadalli Fishing Harbour,fishing_harbour,63.67
loc_6049,Sanguem,fh_21,Dredging work at Tadari Fishing Harbour,fishing_harbour,88.87
loc_6049,Sanguem,port_04,Mormugao Port,port,42.29
loc_6053,Bhapur,fh_47,Modernisation of Paradip Fishing Harbour,fishing_harbour,70.96
loc_6053,Bhapur,fh_48,Development of Stage-II Fishing Harbour at Nuagarh (Astranga),fishing_harbour,40.13
loc_6053,Bhapur,port_07,Paradip Port,port,73.59
loc_6070,Salvador do Mundo,fh_39,Anandwadi (Fishing Harbour),fishing_harbour,70.74
loc_6070,Salvador do Mundo,port_04,Mormugao Port,port,13.89
loc_6071,Pallippadai,fh_45,Development of Smart and Integrated Fishing Harbour at Karaikal,fishing_harbour,56.33
loc_6071,Pallippadai,fh_49,Construction of Fishing Harbour at Thengaithittu,fishing_harbour,55.89
loc_6071,Pallippadai,fh_50,Upgradation of Puducherry Fishing Harbour,fishing_harbour,59.39
loc_6071,Pallippadai,fh_52,Up-gradation of Pazhayar Fishing Harbour,fishing_harbour,15.9
loc_6071,Pallippadai,fh_55,Construction of Fishing harbour at Tharangampadi,fishing_harbour,44.98
loc_6071,Pallippadai,fh_57,Development of existing Fishing Harbour at Mudhunagar,fishing_harbour,34.99
loc_6071,Pallippadai,fh_58,Development of Fishing Harbour at Arcottuthurai,fishing_harbour,94.59
loc_6071,Pallippadai,fh_59,Construction of Fishing harbour at Azhagankuppam,fishing_harbour,73.65
loc_6071,Pallippadai,fh_60,Development of Fishing Harbour at Vellapallam,fishing_harbour,92.43
loc_6072,Chidiga,fh_01,Development of Pudimadaka Fishing Harbour,fishing_harbour,98.88
loc_6072,Chidiga,fh_06,"Construction of Fishing Harbour, Uppada",fishing_harbour,18.8
loc_6074,Kariyannūr,fh_24,"Modernization and up-gradation of Cochin Fishing Harbour at Thoppumpady, Cochin",fishing_harbour,84.31
loc_6074,Kariyannūr,fh_27,Upgradation and modernization of Harbour in Ponnani,fishing_harbour,27.29
loc_6074,Kariyannūr,fh_28,Upgradation and modernization of Harbour in Puthiyappa,fishing_harbour,84.74
loc_6074,Kariyannūr,fh_29,Upgradation and modernization of Harbour in Koyilandy,fishing_harbour,98.37
loc_6074,Kariyannūr,fh_31,Maintenance dredging of existing harbor in Chettuva,fishing_harbour,31.1
loc_6074,Kariyannūr,fh_32,Maintenance dredging of existing harbor in Ponnani,fishing_harbour,27.29
loc_6074,Kariyannūr,fh_33,Maintenance dredging of existing harbor in Beypore,fishing_harbour,66.65
loc_6074,Kariyannūr,fh_34,Maintenance dredging of existing harbor in Puthiyappa,fishing_harbour,84.74
loc_6074,Kariyannūr,port_02,Cochin Port,port,80.55
loc_6076,Puliyoorsalai,fh_25,Expansion of Muthalapozhy Fishing Harbour,fishing_harbour,50.07
loc_6076,Puliyoorsalai,fh_54,Maintenance Dredging of Colachel Fishing Harbour,fishing_harbour,27.28
loc_6076,Puliyoorsalai,fh_61,Expansion and Modernization of Thengapattinam Fishing,fishing_harbour,16.37
loc_6100,Alevūr,fh_17,Modernisation and Upgradation of Mangalore Fishing Harbour,fishing_harbour,45.72
loc_6100,Alevūr,fh_18,Modernisation of Malpe Fishing Harbour,fishing_harbour,10.56
loc_6100,Alevūr,fh_19,Modernisation of Gangoli Fishing Harbour,fishing_harbour,39.58
loc_6100,Alevūr,fh_22,Kulai Fishing Harbour,fishing_harbour,38.95
loc_6100,Alevūr,fh_23,Hejmadi Kodi Fishing Harbour,fishing_harbour,23.38
loc_6100,Alevūr,fh_26,Expansion of Kasaragod Fishing Harbour,fishing_harbour,92.68
loc_6100,Alevūr,port_03,New Mangalore Port,port,42.49
loc_6107,Saligao,fh_39,Anandwadi (Fishing Harbour),fishing_harbour,65.92
loc_6107,Saligao,port_04,Mormugao Port,port,16.11
loc_6111,Jagadāpatnam,fh_58,Development of Fishing Harbour at Arcottuthurai,fishing_harbour,89.92
loc_6111,Jagadāpatnam,fh_60,Development of Fishing Harbour at Vellapallam,fishing_harbour,92.3
loc_6119,Tadikārakonam,fh_25,Expansion of Muthalapozhy Fishing Harbour,fishing_harbour,76.0
loc_6119,Tadikārakonam,fh_54,Maintenance Dredging of Colachel Fishing Harbour,fishing_harbour,24.66
loc_6119,Tadikārakonam,fh_61,Expansion and Modernization of Thengapattinam Fishing,fishing_harbour,29.68
loc_6119,Tadikārakonam,fh_62,Extension of T-Jetty at Tharuvaikulam,fishing_harbour,96.55
loc_6119,Tadikārakonam,port_10,V.O. Chidambaranar Port,port,97.72
loc_6123,Tumbe,fh_17,Modernisation and Upgradation of Mangalore Fishing Harbour,fishing_harbour,18.6
loc_6123,Tumbe,fh_18,Modernisation of Malpe Fishing Harbour,fishing_harbour,62.03
loc_6123,Tumbe,fh_19,Modernisation of Gangoli Fishing Harbour,fishing_harbour,93.14
loc_6123,Tumbe,fh_22,Kulai Fishing Harbour,fishing_harbour,22.84
loc_6123,Tumbe,fh_23,Hejmadi Kodi Fishing Harbour,fishing_harbour,34.29
loc_6123,Tumbe,fh_26,Expansion of Kasaragod Fishing Harbour,fishing_harbour,40.92
loc_6123,Tumbe,port_03,New Mangalore Port,port,20.06
loc_6128,Madkai,fh_20,Maintenance Dredging at Amadalli Fishing Harbour,fishing_harbour,90.45
loc_6128,Madkai,fh_39,Anandwadi (Fishing Harbour),fishing_harbour,87.67
loc_6128,Madkai,port_04,Mormugao Port,port,14.54
loc_6132,Tenkanidiyūr,fh_17,Modernisation and Upgradation of Mangalore Fishing Harbour,fishing_harbour,53.51
loc_6132,Tenkanidiyūr,fh_18,Modernisation of Malpe Fishing Harbour,fishing_harbour,2.37
loc_6132,Tenkanidiyūr,fh_19,Modernisation of Gangoli Fishing Harbour,fishing_harbour,31.4
loc_6132,Tenkanidiyūr,fh_22,Kulai Fishing Harbour,fishing_harbour,46.52
loc_6132,Tenkanidiyūr,fh_23,Hejmadi Kodi Fishing Harbour,fishing_harbour,30.87
loc_6132,Tenkanidiyūr,port_03,New Mangalore Port,port,50.25
loc_6138,Vellanikkara,fh_24,"Modernization and up-gradation of Cochin Fishing Harbour at Thoppumpady, Cochin",fishing_harbour,68.67
loc_6138,Vellanikkara,fh_27,Upgradation and modernization of Harbour in Ponnani,fishing_harbour,43.58
loc_6138,Vellanikkara,fh_31,Maintenance dredging of existing harbor in Chettuva,fishing_harbour,25.9
loc_6138,Vellanikkara,fh_32,Maintenance dredging of existing harbor in Ponnani,fishing_harbour,43.58
loc_6138,Vellanikkara,fh_33,Maintenance dredging of existing harbor in Beypore,fishing_harbour,84.78
loc_6138,Vellanikkara,fh_35,Development of Arthungal Fishing Harbor (Balance work),fishing_harbour,95.76
loc_6138,Vellanikkara,port_02,Cochin Port,port,64.98
loc_6141,Digvijaygram,fh_15,Development of Fishery Harbour Porbandar – Phase 2,fishing_harbour,90.99
loc_6141,Digvijaygram,port_12,Deendayal Port,port,71.83
loc_6141,Digvijaygram,port_13,Mundra Port,port,36.17
loc_6145,Peralam,fh_45,Development of Smart and Integrated Fishing Harbour at Karaikal,fishing_harbour,20.13
loc_6145,Peralam,fh_52,Up-gradation of Pazhayar Fishing Harbour,fishing_harbour,47.28
loc_6145,Peralam,fh_55,Construction of Fishing harbour at Tharangampadi,fishing_harbour,21.96
loc_6145,Peralam,fh_57,Development of existing Fishing Harbour at Mudhunagar,fishing_harbour,84.88
loc_6145,Peralam,fh_58,Development of Fishing Harbour at Arcottuthurai,fishing_harbour,45.84
loc_6145,Peralam,fh_60,Development of Fishing Harbour at Vellapallam,fishing_harbour,43.93
loc_6160,Tada Khandrika,fh_53,Modernization and up-gradation of Chennai Fishing Harbour,fishing_harbour,62.48
loc_6160,Tada Khandrika,fh_56,Construction of Fishing harbour at ThiruvottriyurKuppam,fishing_harbour,56.51
loc_6160,Tada Khandrika,port_05,Chennai Port,port,62.69
loc_6160,Tada Khandrika,port_11,Kamarajar Port,port,50.99
loc_6161,Minalur,fh_24,"Modernization and up-gradation of Cochin Fishing Harbour at Thoppumpady, Cochin",fishing_harbour,77.46
loc_6161,Minalur,fh_27,Upgradation and modernization of Harbour in Ponnani,fishing_harbour,35.7
loc_6161,Minalur,fh_28,Upgradation and modernization of Harbour in Puthiyappa,fishing_harbour,93.46
loc_6161,Minalur,fh_31,Maintenance dredging of existing harbor in Chettuva,fishing_harbour,28.83
loc_6161,Minalur,fh_32,Maintenance dredging of existing harbor in Ponnani,fishing_harbour,35.7
loc_6161,Minalur,fh_33,Maintenance dredging of existing harbor in Beypore,fishing_harbour,75.44
loc_6161,Minalur,fh_34,Maintenance dredging of existing harbor in Puthiyappa,fishing_harbour,93.46
loc_6161,Minalur,port_02,Cochin Port,port,73.73
loc_6163,Sirukalathur,fh_53,Modernization and up-gradation of Chennai Fishing Harbour,fishing_harbour,29.13
loc_6163,Sirukalathur,fh_56,Construction of Fishing harbour at ThiruvottriyurKuppam,fishing_harbour,36.38
loc_6163,Sirukalathur,port_05,Chennai Port,port,28.23
loc_6163,Sirukalathur,port_11,Kamarajar Port,port,42.12
loc_6165,Gandipuram,fh_25,Expansion of Muthalapozhy Fishing Harbour,fishing_harbour,86.8
loc_6165,Gandipuram,fh_54,Maintenance Dredging of Colachel Fishing Harbour,fishing_harbour,21.45
loc_6165,Gandipuram,fh_61,Expansion and Modernization of Thengapattinam Fishing,fishing_harbour,34.32
loc_6172,Peruvila,fh_25,Expansion of Muthalapozhy Fishing Harbour,fishing_harbour,81.96
loc_6172,Peruvila,fh_54,Maintenance Dredging of Colachel Fishing Harbour,fishing_harbour,16.09
loc_6172,Peruvila,fh_61,Expansion and Modernization of Thengapattinam Fishing,fishing_harbour,29.05
loc_6175,Vellānūr,fh_53,Modernization and up-gradation of Chennai Fishing Harbour,fishing_harbour,22.29
loc_6175,Vellānūr,fh_56,Construction of Fishing harbour at ThiruvottriyurKuppam,fishing_harbour,24.25
loc_6175,Vellānūr,port_05,Chennai Port,port,21.84
loc_6175,Vellānūr,port_11,Kamarajar Port,port,26.89
loc_6180,Pātrapur,fh_02,Development of Budugatlapalem Fishing Harbour,fishing_harbour,62.65
loc_6185,Palle,fh_20,Maintenance Dredging at Amadalli Fishing Harbour,fishing_harbour,91.07
loc_6185,Palle,fh_39,Anandwadi (Fishing Harbour),fishing_harbour,93.06
loc_6185,Palle,port_04,Mormugao Port,port,30.58
loc_6188,Vīrapāndiyanpattanam,fh_62,Extension of T-Jetty at Tharuvaikulam,fishing_harbour,33.56
loc_6188,Vīrapāndiyanpattanam,port_10,V.O. Chidambaranar Port,port,27.93
loc_6194,Kovalam,fh_25,Expansion of Muthalapozhy Fishing Harbour,fishing_harbour,35.23
loc_6194,Kovalam,fh_54,Maintenance Dredging of Colachel Fishing Harbour,fishing_harbour,34.75
loc_6194,Kovalam,fh_61,Expansion and Modernization of Thengapattinam Fishing,fishing_harbour,19.43
loc_6195,Artist Village,fh_37,Modernisation of Sassoon Dock Fishing Harbour,fishing_harbour,25.62
loc_6195,Artist Village,fh_38,Karanja Fishing Harbour (Revised),fishing_harbour,16.73
loc_6195,Artist Village,fh_40,Construction of Fisheries Fishing Harbour at Jeevana,fishing_harbour,60.36
loc_6195,Artist Village,fh_44,Development of Fishing Harbour at Satpati,fishing_harbour,86.41
loc_6195,Artist Village,port_00,Mumbai Port,port,23.44
loc_6195,Artist Village,port_01,Jawaharlal Nehru Port (JNPT),port,13.37
loc_6198,Nelluvāyi,fh_24,"Modernization and up-gradation of Cochin Fishing Harbour at Thoppumpady, Cochin",fishing_harbour,84.03
loc_6198,Nelluvāyi,fh_27,Upgradation and modernization of Harbour in Ponnani,fishing_harbour,29.27
loc_6198,Nelluvāyi,fh_28,Upgradation and modernization of Harbour in Puthiyappa,fishing_harbour,85.91
loc_6198,Nelluvāyi,fh_29,Upgradation and modernization of Harbour in Koyilandy,fishing_harbour,99.48
loc_6198,Nelluvāyi,fh_31,Maintenance dredging of existing harbor in Chettuva,fishing_harbour,31.91
loc_6198,Nelluvāyi,fh_32,Maintenance dredging of existing harbor in Ponnani,fishing_harbour,29.27
loc_6198,Nelluvāyi,fh_33,Maintenance dredging of existing harbor in Beypore,fishing_harbour,67.9
loc_6198,Nelluvāyi,fh_34,Maintenance dredging of existing harbor in Puthiyappa,fishing_harbour,85.91
loc_6198,Nelluvāyi,port_02,Cochin Port,port,80.28
loc_6202,Terku Kallikulam,fh_54,Maintenance Dredging of Colachel Fishing Harbour,fishing_harbour,49.41
loc_6202,Terku Kallikulam,fh_61,Expansion and Modernization of Thengapattinam Fishing,fishing_harbour,57.1
loc_6202,Terku Kallikulam,fh_62,Extension of T-Jetty at Tharuvaikulam,fishing_harbour,73.76
loc_6202,Terku Kallikulam,port_10,V.O. Chidambaranar Port,port,73.48
loc_6203,Shirgaon,fh_37,Modernisation of Sassoon Dock Fishing Harbour,fishing_harbour,87.11
loc_6203,Shirgaon,fh_38,Karanja Fishing Harbour (Revised),fishing_harbour,90.79
loc_6203,Shirgaon,fh_44,Development of Fishing Harbour at Satpati,fishing_harbour,5.29
loc_6203,Shirgaon,port_00,Mumbai Port,port,86.03
loc_6203,Shirgaon,port_01,Jawaharlal Nehru Port (JNPT),port,86.52
loc_6209,Kanapaka,fh_01,Development of Pudimadaka Fishing Harbour,fishing_harbour,81.86
loc_6209,Kanapaka,fh_04,Modernization and up-gradation of Vishakapatnam Fishing Harbour,fishing_harbour,48.05
loc_6209,Kanapaka,port_06,Visakhapatnam Port,port,47.39
loc_6217,Chittanda,fh_24,"Modernization and up-gradation of Cochin Fishing Harbour at Thoppumpady, Cochin",fishing_harbour,83.33
loc_6217,Chittanda,fh_27,Upgradation and modernization of Harbour in Ponnani,fishing_harbour,32.34
loc_6217,Chittanda,fh_28,Upgradation and modernization of Harbour in Puthiyappa,fishing_harbour,88.02
loc_6217,Chittanda,fh_31,Maintenance dredging of existing harbor in Chettuva,fishing_harbour,32.98
loc_6217,Chittanda,fh_32,Maintenance dredging of existing harbor in Ponnani,fishing_harbour,32.34
loc_6217,Chittanda,fh_33,Maintenance dredging of existing harbor in Beypore,fishing_harbour,70.12
loc_6217,Chittanda,fh_34,Maintenance dredging of existing harbor in Puthiyappa,fishing_harbour,88.02
loc_6217,Chittanda,port_02,Cochin Port,port,79.6
loc_6222,Chintalavalasa,fh_01,Development of Pudimadaka Fishing Harbour,fishing_harbour,79.59
loc_6222,Chintalavalasa,fh_04,Modernization and up-gradation of Vishakapatnam Fishing Harbour,fishing_harbour,43.77
loc_6222,Chintalavalasa,port_06,Visakhapatnam Port,port,43.19
loc_6236,Amardad,fh_11,3rd Stage of Mangarol Fishing Harbour,fishing_harbour,45.75
loc_6236,Amardad,fh_12,Development of Fishery Harbour at Navabandar,fishing_harbour,25.22
loc_6236,Amardad,fh_15,Development of Fishery Harbour Porbandar – Phase 2,fishing_harbour,13.07
loc_6239,Onda,fh_39,Anandwadi (Fishing Harbour),fishing_harbour,84.26
loc_6239,Onda,port_04,Mormugao Port,port,31.77
loc_6241,Bondantila,fh_17,Modernisation and Upgradation of Mangalore Fishing Harbour,fishing_harbour,11.42
loc_6241,Bondantila,fh_18,Modernisation of Malpe Fishing Harbour,fishing_harbour,55.31
loc_6241,Bondantila,fh_19,Modernisation of Gangoli Fishing Harbour,fishing_harbour,87.14
loc_6241,Bondantila,fh_22,Kulai Fishing Harbour,fishing_harbour,14.96
loc_6241,Bondantila,fh_23,Hejmadi Kodi Fishing Harbour,fishing_harbour,26.93
loc_6241,Bondantila,fh_26,Expansion of Kasaragod Fishing Harbour,fishing_harbour,45.42
loc_6241,Bondantila,port_03,New Mangalore Port,port,12.37
loc_6245,Akathiyūr,fh_24,"Modernization and up-gradation of Cochin Fishing Harbour at Thoppumpady, Cochin",fishing_harbour,85.68
loc_6245,Akathiyūr,fh_27,Upgradation and modernization of Harbour in Ponnani,fishing_harbour,20.49
loc_6245,Akathiyūr,fh_28,Upgradation and modernization of Harbour in Puthiyappa,fishing_harbour,80.9
loc_6245,Akathiyūr,fh_29,Upgradation and modernization of Harbour in Koyilandy,fishing_harbour,94.74
loc_6245,Akathiyūr,fh_31,Maintenance dredging of existing harbor in Chettuva,fishing_harbour,29.25
loc_6245,Akathiyūr,fh_32,Maintenance dredging of existing harbor in Ponnani,fishing_harbour,20.49
loc_6245,Akathiyūr,fh_33,Maintenance dredging of existing harbor in Beypore,fishing_harbour,62.62
loc_6245,Akathiyūr,fh_34,Maintenance dredging of existing harbor in Puthiyappa,fishing_harbour,80.9
loc_6245,Akathiyūr,port_02,Cochin Port,port,81.91
loc_6246,Sajipanadu,fh_17,Modernisation and Upgradation of Mangalore Fishing Harbour,fishing_harbour,19.72
loc_6246,Sajipanadu,fh_18,Modernisation of Malpe Fishing Harbour,fishing_harbour,63.78
loc_6246,Sajipanadu,fh_19,Modernisation of Gangoli Fishing Harbour,fishing_harbour,94.88
loc_6246,Sajipanadu,fh_22,Kulai Fishing Harbour,fishing_harbour,24.27
loc_6246,Sajipanadu,fh_23,Hejmadi Kodi Fishing Harbour,fishing_harbour,35.98
loc_6246,Sajipanadu,fh_26,Expansion of Kasaragod Fishing Harbour,fishing_harbour,39.37
loc_6246,Sajipanadu,port_03,New Mangalore Port,port,21.36
loc_6249,Pilerne,fh_39,Anandwadi (Fishing Harbour),fishing_harbour,68.11
loc_6249,Pilerne,port_04,Mormugao Port,port,13.85
loc_6250,Jalgaon,fh_36,Development of Mallet Bunder Fishing Harbour,fishing_harbour,84.23
loc_6250,Jalgaon,fh_40,Construction of Fisheries Fishing Harbour at Jeevana,fishing_harbour,88.86
loc_6250,Jalgaon,fh_41,Construction of Fisheries Fishing Harbour at Bharadkhol,fishing_harbour,49.21
loc_6250,Jalgaon,fh_42,Construction of Fisheries Fishing Harbour at Harnai,fishing_harbour,13.88
loc_6250,Jalgaon,fh_43,Construction of Fisheries Fishing Harbour at Sakhari Nate,fishing_harbour,6.32
loc_6255,Bangramanjēshvara,fh_17,Modernisation and Upgradation of Mangalore Fishing Harbour,fishing_harbour,22.74
loc_6255,Bangramanjēshvara,fh_18,Modernisation of Malpe Fishing Harbour,fishing_harbour,74.34
loc_6255,Bangramanjēshvara,fh_22,Kulai Fishing Harbour,fishing_harbour,29.74
loc_6255,Bangramanjēshvara,fh_23,Hejmadi Kodi Fishing Harbour,fishing_harbour,45.23
loc_6255,Bangramanjēshvara,fh_26,Expansion of Kasaragod Fishing Harbour,fishing_harbour,25.43
loc_6255,Bangramanjēshvara,port_03,New Mangalore Port,port,25.96
loc_6256,Kairangala,fh_17,Modernisation and Upgradation of Mangalore Fishing Harbour,fishing_harbour,17.93
loc_6256,Kairangala,fh_18,Modernisation of Malpe Fishing Harbour,fishing_harbour,67.09
loc_6256,Kairangala,fh_19,Modernisation of Gangoli Fishing Harbour,fishing_harbour,99.19
loc_6256,Kairangala,fh_22,Kulai Fishing Harbour,fishing_harbour,24.16
loc_6256,Kairangala,fh_23,Hejmadi Kodi Fishing Harbour,fishing_harbour,38.27
loc_6256,Kairangala,fh_26,Expansion of Kasaragod Fishing Harbour,fishing_harbour,33.32
loc_6256,Kairangala,port_03,New Mangalore Port,port,20.57
loc_6261,Borivali Tarf Rahur,fh_37,Modernisation of Sassoon Dock Fishing Harbour,fishing_harbour,62.54
loc_6261,Borivali Tarf Rahur,fh_38,Karanja Fishing Harbour (Revised),fishing_harbour,57.09
loc_6261,Borivali Tarf Rahur,fh_44,Development of Fishing Harbour at Satpati,fishing_harbour,65.5
loc_6261,Borivali Tarf Rahur,port_00,Mumbai Port,port,60.42
loc_6261,Borivali Tarf Rahur,port_01,Jawaharlal Nehru Port (JNPT),port,53.08
loc_6266,Jarjapupeta,fh_01,Development of Pudimadaka Fishing Harbour,fishing_harbour,91.82
loc_6266,Jarjapupeta,fh_04,Modernization and up-gradation of Vishakapatnam Fishing Harbour,fishing_harbour,56.83
loc_6266,Jarjapupeta,port_06,Visakhapatnam Port,port,56.24
loc_6272,Karvad,fh_44,Development of Fishing Harbour at Satpati,fishing_harbour,75.33
loc_6277,Melpedu,fh_53,Modernization and up-gradation of Chennai Fishing Harbour,fishing_harbour,28.96
loc_6277,Melpedu,fh_56,Construction of Fishing harbour at ThiruvottriyurKuppam,fishing_harbour,31.29
loc_6277,Melpedu,port_05,Chennai Port,port,28.43
loc_6277,Melpedu,port_11,Kamarajar Port,port,33.64
loc_6286,Colovale,fh_39,Anandwadi (Fishing Harbour),fishing_harbour,60.56
loc_6286,Colovale,port_04,Mormugao Port,port,25.21
loc_6288,Adātt,fh_24,"Modernization and up-gradation of Cochin Fishing Harbour at Thoppumpady, Cochin",fishing_harbour,69.69
loc_6288,Adātt,fh_27,Upgradation and modernization of Harbour in Ponnani,fishing_harbour,34.2
loc_6288,Adātt,fh_28,Upgradation and modernization of Harbour in Puthiyappa,fishing_harbour,96.82
loc_6288,Adātt,fh_31,Maintenance dredging of existing harbor in Chettuva,fishing_harbour,16.47
loc_6288,Adātt,fh_32,Maintenance dredging of existing harbor in Ponnani,fishing_harbour,34.2
loc_6288,Adātt,fh_33,Maintenance dredging of existing harbor in Beypore,fishing_harbour,78.5
loc_6288,Adātt,fh_34,Maintenance dredging of existing harbor in Puthiyappa,fishing_harbour,96.82
loc_6288,Adātt,fh_35,Development of Arthungal Fishing Harbor (Balance work),fishing_harbour,97.4
loc_6288,Adātt,port_02,Cochin Port,port,65.92
loc_6291,Ovari Paravarnattam,fh_54,Maintenance Dredging of Colachel Fishing Harbour,fishing_harbour,71.42
loc_6291,Ovari Paravarnattam,fh_61,Expansion and Modernization of Thengapattinam Fishing,fishing_harbour,81.59
loc_6291,Ovari Paravarnattam,fh_62,Extension of T-Jetty at Tharuvaikulam,fishing_harbour,66.23
loc_6291,Ovari Paravarnattam,port_10,V.O. Chidambaranar Port,port,62.91
loc_6295,Muduperar,fh_17,Modernisation and Upgradation of Mangalore Fishing Harbour,fishing_harbour,15.15
loc_6295,Muduperar,fh_18,Modernisation of Malpe Fishing Harbour,fishing_harbour,49.17
loc_6295,Muduperar,fh_19,Modernisation of Gangoli Fishing Harbour,fishing_harbour,80.25
loc_6295,Muduperar,fh_22,Kulai Fishing Harbour,fishing_harbour,15.0
loc_6295,Muduperar,fh_23,Hejmadi Kodi Fishing Harbour,fishing_harbour,22.15
loc_6295,Muduperar,fh_26,Expansion of Kasaragod Fishing Harbour,fishing_harbour,52.93
loc_6295,Muduperar,port_03,New Mangalore Port,port,14.28
loc_6300,Mahapoli,fh_37,Modernisation of Sassoon Dock Fishing Harbour,fishing_harbour,60.34
loc_6300,Mahapoli,fh_38,Karanja Fishing Harbour (Revised),fishing_harbour,56.94
loc_6300,Mahapoli,fh_44,Development of Fishing Harbour at Satpati,fishing_harbour,55.8
loc_6300,Mahapoli,port_00,Mumbai Port,port,58.35
loc_6300,Mahapoli,port_01,Jawaharlal Nehru Port (JNPT),port,52.65
loc_6303,Goa Velha,fh_20,Maintenance Dredging at Amadalli Fishing Harbour,fishing_harbour,95.9
loc_6303,Goa Velha,fh_39,Anandwadi (Fishing Harbour),fishing_harbour,81.69
loc_6303,Goa Velha,port_04,Mormugao Port,port,9.54
loc_6321,Perumagalur,fh_58,Development of Fishing Harbour at Arcottuthurai,fishing_harbour,73.15
loc_6321,Perumagalur,fh_60,Development of Fishing Harbour at Vellapallam,fishing_harbour,75.29
loc_6324,Majhihara,fh_47,Modernisation of Paradip Fishing Harbour,fishing_harbour,71.57
loc_6324,Majhihara,fh_48,Development of Stage-II Fishing Harbour at Nuagarh (Astranga),fishing_harbour,40.73
loc_6324,Majhihara,port_07,Paradip Port,port,74.2
loc_6327,Kolambe,fh_17,Modernisation and Upgradation of Mangalore Fishing Harbour,fishing_harbour,12.0
loc_6327,Kolambe,fh_18,Modernisation of Malpe Fishing Harbour,fishing_harbour,48.44
loc_6327,Kolambe,fh_19,Modernisation of Gangoli Fishing Harbour,fishing_harbour,80.12
loc_6327,Kolambe,fh_22,Kulai Fishing Harbour,fishing_harbour,11.78
loc_6327,Kolambe,fh_23,Hejmadi Kodi Fishing Harbour,fishing_harbour,20.51
loc_6327,Kolambe,fh_26,Expansion of Kasaragod Fishing Harbour,fishing_harbour,52.42
loc_6327,Kolambe,port_03,New Mangalore Port,port,10.99
loc_6328,Ālappākkam,fh_45,Development of Smart and Integrated Fishing Harbour at Karaikal,fishing_harbour,76.64
loc_6328,Ālappākkam,fh_49,Construction of Fishing Harbour at Thengaithittu,fishing_harbour,35.24
loc_6328,Ālappākkam,fh_50,Upgradation of Puducherry Fishing Harbour,fishing_harbour,38.75
loc_6328,Ālappākkam,fh_52,Up-gradation of Pazhayar Fishing Harbour,fishing_harbour,30.67
loc_6328,Ālappākkam,fh_55,Construction of Fishing harbour at Tharangampadi,fishing_harbour,64.86
loc_6328,Ālappākkam,fh_57,Development of existing Fishing Harbour at Mudhunagar,fishing_harbour,14.18
loc_6328,Ālappākkam,fh_59,Construction of Fishing harbour at Azhagankuppam,fishing_harbour,53.13
loc_6332,Peringandūr,fh_24,"Modernization and up-gradation of Cochin Fishing Harbour at Thoppumpady, Cochin",fishing_harbour,77.62
loc_6332,Peringandūr,fh_27,Upgradation and modernization of Harbour in Ponnani,fishing_harbour,33.53
loc_6332,Peringandūr,fh_28,Upgradation and modernization of Harbour in Puthiyappa,fishing_harbour,92.13
loc_6332,Peringandūr,fh_31,Maintenance dredging of existing harbor in Chettuva,fishing_harbour,27.34
loc_6332,Peringandūr,fh_32,Maintenance dredging of existing harbor in Ponnani,fishing_harbour,33.53
loc_6332,Peringandūr,fh_33,Maintenance dredging of existing harbor in Beypore,fishing_harbour,74.03
loc_6332,Peringandūr,fh_34,Maintenance dredging of existing harbor in Puthiyappa,fishing_harbour,92.13
loc_6332,Peringandūr,port_02,Cochin Port,port,73.88
loc_6333,Puderiyūr,fh_25,Expansion of Muthalapozhy Fishing Harbour,fishing_harbour,83.66
loc_6333,Puderiyūr,fh_54,Maintenance Dredging of Colachel Fishing Harbour,fishing_harbour,20.58
loc_6333,Puderiyūr,fh_61,Expansion and Modernization of Thengapattinam Fishing,fishing_harbour,32.03
loc_6334,Carapur,fh_39,Anandwadi (Fishing Harbour),fishing_harbour,77.97
loc_6334,Carapur,port_04,Mormugao Port,port,26.21
loc_6339,Chāndpur,fh_48,Development of Stage-II Fishing Harbour at Nuagarh (Astranga),fishing_harbour,96.53
loc_6342,Pernem,fh_39,Anandwadi (Fishing Harbour),fishing_harbour,51.12
loc_6342,Pernem,port_04,Mormugao Port,port,34.9
loc_6350,Venginissery,fh_24,"Modernization and up-gradation of Cochin Fishing Harbour at Thoppumpady, Cochin",fishing_harbour,60.31
loc_6350,Venginissery,fh_27,Upgradation and modernization of Harbour in Ponnani,fishing_harbour,44.74
loc_6350,Venginissery,fh_31,Maintenance dredging of existing harbor in Chettuva,fishing_harbour,16.28
loc_6350,Venginissery,fh_32,Maintenance dredging of existing harbor in Ponnani,fishing_harbour,44.74
loc_6350,Venginissery,fh_33,Maintenance dredging of existing harbor in Beypore,fishing_harbour,88.95
loc_6350,Venginissery,fh_35,Development of Arthungal Fishing Harbor (Balance work),fishing_harbour,87.85
loc_6350,Venginissery,port_02,Cochin Port,port,56.56
loc_6356,Nīramārgar,fh_17,Modernisation and Upgradation of Mangalore Fishing Harbour,fishing_harbour,10.43
loc_6356,Nīramārgar,fh_18,Modernisation of Malpe Fishing Harbour,fishing_harbour,56.64
loc_6356,Nīramārgar,fh_19,Modernisation of Gangoli Fishing Harbour,fishing_harbour,88.72
loc_6356,Nīramārgar,fh_22,Kulai Fishing Harbour,fishing_harbour,14.96
loc_6356,Nīramārgar,fh_23,Hejmadi Kodi Fishing Harbour,fishing_harbour,27.97
loc_6356,Nīramārgar,fh_26,Expansion of Kasaragod Fishing Harbour,fishing_harbour,43.65
loc_6356,Nīramārgar,port_03,New Mangalore Port,port,11.94
loc_6359,Salvav,fh_44,Development of Fishing Harbour at Satpati,fishing_harbour,79.57
loc_6366,Jua,fh_39,Anandwadi (Fishing Harbour),fishing_harbour,78.15
loc_6366,Jua,port_04,Mormugao Port,port,20.68
loc_6369,Pardi Parnera,fh_44,Development of Fishing Harbour at Satpati,fishing_harbour,97.68
loc_6372,Mulur,fh_17,Modernisation and Upgradation of Mangalore Fishing Harbour,fishing_harbour,12.48
loc_6372,Mulur,fh_18,Modernisation of Malpe Fishing Harbour,fishing_harbour,51.84
loc_6372,Mulur,fh_19,Modernisation of Gangoli Fishing Harbour,fishing_harbour,83.39
loc_6372,Mulur,fh_22,Kulai Fishing Harbour,fishing_harbour,14.01
loc_6372,Mulur,fh_23,Hejmadi Kodi Fishing Harbour,fishing_harbour,23.94
loc_6372,Mulur,fh_26,Expansion of Kasaragod Fishing Harbour,fishing_harbour,49.37
loc_6372,Mulur,port_03,New Mangalore Port,port,12.35
loc_6376,Chulisshēri,fh_24,"Modernization and up-gradation of Cochin Fishing Harbour at Thoppumpady, Cochin",fishing_harbour,74.0
loc_6376,Chulisshēri,fh_27,Upgradation and modernization of Harbour in Ponnani,fishing_harbour,34.69
loc_6376,Chulisshēri,fh_28,Upgradation and modernization of Harbour in Puthiyappa,fishing_harbour,94.8
loc_6376,Chulisshēri,fh_31,Maintenance dredging of existing harbor in Chettuva,fishing_harbour,23.72
loc_6376,Chulisshēri,fh_32,Maintenance dredging of existing harbor in Ponnani,fishing_harbour,34.69
loc_6376,Chulisshēri,fh_33,Maintenance dredging of existing harbor in Beypore,fishing_harbour,76.61
loc_6376,Chulisshēri,fh_34,Maintenance dredging of existing harbor in Puthiyappa,fishing_harbour,94.8
loc_6376,Chulisshēri,port_02,Cochin Port,port,70.25
loc_6377,Varca,fh_20,Maintenance Dredging at Amadalli Fishing Harbour,fishing_harbour,72.25
loc_6377,Varca,fh_21,Dredging work at Tadari Fishing Harbour,fishing_harbour,99.25
loc_6377,Varca,port_04,Mormugao Port,port,24.67
loc_6384,Addūru,fh_17,Modernisation and Upgradation of Mangalore Fishing Harbour,fishing_harbour,14.98
loc_6384,Addūru,fh_18,Modernisation of Malpe Fishing Harbour,fishing_harbour,55.25
loc_6384,Addūru,fh_19,Modernisation of Gangoli Fishing Harbour,fishing_harbour,86.46
loc_6384,Addūru,fh_22,Kulai Fishing Harbour,fishing_harbour,17.53
loc_6384,Addūru,fh_23,Hejmadi Kodi Fishing Harbour,fishing_harbour,27.65
loc_6384,Addūru,fh_26,Expansion of Kasaragod Fishing Harbour,fishing_harbour,46.9
loc_6384,Addūru,port_03,New Mangalore Port,port,15.46
loc_6385,Orvad,fh_44,Development of Fishing Harbour at Satpati,fishing_harbour,84.18
loc_6389,Bobruwada,fh_20,Maintenance Dredging at Amadalli Fishing Harbour,fishing_harbour,2.39
loc_6389,Bobruwada,fh_21,Dredging work at Tadari Fishing Harbour,fishing_harbour,24.87
loc_6389,Bobruwada,port_04,Mormugao Port,port,99.16
loc_6397,Dāvrapāda,fh_37,Modernisation of Sassoon Dock Fishing Harbour,fishing_harbour,29.49
loc_6397,Dāvrapāda,fh_38,Karanja Fishing Harbour (Revised),fishing_harbour,18.48
loc_6397,Dāvrapāda,fh_40,Construction of Fisheries Fishing Harbour at Jeevana,fishing_harbour,36.42
loc_6397,Dāvrapāda,fh_41,Construction of Fisheries Fishing Harbour at Bharadkhol,fishing_harbour,79.17
loc_6397,Dāvrapāda,port_00,Mumbai Port,port,28.65
loc_6397,Dāvrapāda,port_01,Jawaharlal Nehru Port (JNPT),port,21.77
loc_6398,Puttantura,fh_25,Expansion of Muthalapozhy Fishing Harbour,fishing_harbour,89.43
loc_6398,Puttantura,fh_54,Maintenance Dredging of Colachel Fishing Harbour,fishing_harbour,20.47
loc_6398,Puttantura,fh_61,Expansion and Modernization of Thengapattinam Fishing,fishing_harbour,35.55
loc_6403,Navoor,fh_17,Modernisation and Upgradation of Mangalore Fishing Harbour,fishing_harbour,28.72
loc_6403,Navoor,fh_18,Modernisation of Malpe Fishing Harbour,fishing_harbour,65.89
loc_6403,Navoor,fh_19,Modernisation of Gangoli Fishing Harbour,fishing_harbour,95.09
loc_6403,Navoor,fh_22,Kulai Fishing Harbour,fishing_harbour,31.81
loc_6403,Navoor,fh_23,Hejmadi Kodi Fishing Harbour,fishing_harbour,40.39
loc_6403,Navoor,fh_26,Expansion of Kasaragod Fishing Harbour,fishing_harbour,44.67
loc_6403,Navoor,port_03,New Mangalore Port,port,29.63
loc_6409,Candola,fh_39,Anandwadi (Fishing Harbour),fishing_harbour,79.97
loc_6409,Candola,port_04,Mormugao Port,port,21.14
loc_6416,Kenjāru,fh_17,Modernisation and Upgradation of Mangalore Fishing Harbour,fishing_harbour,8.18
loc_6416,Kenjāru,fh_18,Modernisation of Malpe Fishing Harbour,fishing_harbour,46.38
loc_6416,Kenjāru,fh_19,Modernisation of Gangoli Fishing Harbour,fishing_harbour,78.84
loc_6416,Kenjāru,fh_22,Kulai Fishing Harbour,fishing_harbour,6.44
loc_6416,Kenjāru,fh_23,Hejmadi Kodi Fishing Harbour,fishing_harbour,17.51
loc_6416,Kenjāru,fh_26,Expansion of Kasaragod Fishing Harbour,fishing_harbour,53.38
loc_6416,Kenjāru,port_03,New Mangalore Port,port,6.18
loc_6432,Mātherān,fh_37,Modernisation of Sassoon Dock Fishing Harbour,fishing_harbour,46.3
loc_6432,Mātherān,fh_38,Karanja Fishing Harbour (Revised),fishing_harbour,34.12
loc_6432,Mātherān,fh_40,Construction of Fisheries Fishing Harbour at Jeevana,fishing_harbour,64.25
loc_6432,Mātherān,port_00,Mumbai Port,port,44.38
loc_6432,Mātherān,port_01,Jawaharlal Nehru Port (JNPT),port,33.35
loc_6435,Shiriya,fh_17,Modernisation and Upgradation of Mangalore Fishing Harbour,fishing_harbour,31.99
loc_6435,Shiriya,fh_18,Modernisation of Malpe Fishing Harbour,fishing_harbour,83.52
loc_6435,Shiriya,fh_22,Kulai Fishing Harbour,fishing_harbour,38.99
loc_6435,Shiriya,fh_23,Hejmadi Kodi Fishing Harbour,fishing_harbour,54.4
loc_6435,Shiriya,fh_26,Expansion of Kasaragod Fishing Harbour,fishing_harbour,16.16
loc_6435,Shiriya,port_03,New Mangalore Port,port,35.2
loc_6438,Kizhuppillikkara,fh_24,"Modernization and up-gradation of Cochin Fishing Harbour at Thoppumpady, Cochin",fishing_harbour,53.79
loc_6438,Kizhuppillikkara,fh_27,Upgradation and modernization of Harbour in Ponnani,fishing_harbour,47.47
loc_6438,Kizhuppillikkara,fh_31,Maintenance dredging of existing harbor in Chettuva,fishing_harbour,9.2
loc_6438,Kizhuppillikkara,fh_32,Maintenance dredging of existing harbor in Ponnani,fishing_harbour,47.47
loc_6438,Kizhuppillikkara,fh_33,Maintenance dredging of existing harbor in Beypore,fishing_harbour,93.27
loc_6438,Kizhuppillikkara,fh_35,Development of Arthungal Fishing Harbor (Balance work),fishing_harbour,81.55
loc_6438,Kizhuppillikkara,port_02,Cochin Port,port,50.02
loc_6445,Kharbav,fh_37,Modernisation of Sassoon Dock Fishing Harbour,fishing_harbour,45.41
loc_6445,Kharbav,fh_38,Karanja Fishing Harbour (Revised),fishing_harbour,43.3
loc_6445,Kharbav,fh_40,Construction of Fisheries Fishing Harbour at Jeevana,fishing_harbour,88.89
loc_6445,Kharbav,fh_44,Development of Fishing Harbour at Satpati,fishing_harbour,58.46
loc_6445,Kharbav,port_00,Mumbai Port,port,43.5
loc_6445,Kharbav,port_01,Jawaharlal Nehru Port (JNPT),port,38.89
loc_6450,Malicherla,fh_01,Development of Pudimadaka Fishing Harbour,fishing_harbour,79.39
loc_6450,Malicherla,fh_04,Modernization and up-gradation of Vishakapatnam Fishing Harbour,fishing_harbour,43.94
loc_6450,Malicherla,port_06,Visakhapatnam Port,port,43.34
loc_6465,Hēsabettu,fh_17,Modernisation and Upgradation of Mangalore Fishing Harbour,fishing_harbour,21.4
loc_6465,Hēsabettu,fh_18,Modernisation of Malpe Fishing Harbour,fishing_harbour,73.03
loc_6465,Hēsabettu,fh_22,Kulai Fishing Harbour,fishing_harbour,28.41
loc_6465,Hēsabettu,fh_23,Hejmadi Kodi Fishing Harbour,fishing_harbour,43.92
loc_6465,Hēsabettu,fh_26,Expansion of Kasaragod Fishing Harbour,fishing_harbour,26.79
loc_6465,Hēsabettu,port_03,New Mangalore Port,port,24.63
loc_6481,Survepalle Bit ? II,fh_05,Juvvaladinne Fishing Harbour,fishing_harbour,59.76
loc_6484,Kūttankuli,fh_54,Maintenance Dredging of Colachel Fishing Harbour,fishing_harbour,58.6
loc_6484,Kūttankuli,fh_61,Expansion and Modernization of Thengapattinam Fishing,fishing_harbour,69.8
loc_6484,Kūttankuli,fh_62,Extension of T-Jetty at Tharuvaikulam,fishing_harbour,77.76
loc_6484,Kūttankuli,port_10,V.O. Chidambaranar Port,port,75.25
loc_6490,Sanvordem,fh_20,Maintenance Dredging at Amadalli Fishing Harbour,fishing_harbour,68.12
loc_6490,Sanvordem,fh_21,Dredging work at Tadari Fishing Harbour,fishing_harbour,93.59
loc_6490,Sanvordem,port_04,Mormugao Port,port,37.54
loc_6502,Arkula,fh_17,Modernisation and Upgradation of Mangalore Fishing Harbour,fishing_harbour,13.68
loc_6502,Arkula,fh_18,Modernisation of Malpe Fishing Harbour,fishing_harbour,59.1
loc_6502,Arkula,fh_19,Modernisation of Gangoli Fishing Harbour,fishing_harbour,90.84
loc_6502,Arkula,fh_22,Kulai Fishing Harbour,fishing_harbour,18.24
loc_6502,Arkula,fh_23,Hejmadi Kodi Fishing Harbour,fishing_harbour,30.72
loc_6502,Arkula,fh_26,Expansion of Kasaragod Fishing Harbour,fishing_harbour,41.93
loc_6502,Arkula,port_03,New Mangalore Port,port,15.26
loc_6503,Arempudi,fh_01,Development of Pudimadaka Fishing Harbour,fishing_harbour,66.85
loc_6503,Arempudi,fh_06,"Construction of Fishing Harbour, Uppada",fishing_harbour,21.41
loc_6508,Dhatau,fh_37,Modernisation of Sassoon Dock Fishing Harbour,fishing_harbour,64.34
loc_6508,Dhatau,fh_38,Karanja Fishing Harbour (Revised),fishing_harbour,57.64
loc_6508,Dhatau,fh_40,Construction of Fisheries Fishing Harbour at Jeevana,fishing_harbour,24.69
loc_6508,Dhatau,fh_41,Construction of Fisheries Fishing Harbour at Bharadkhol,fishing_harbour,43.9
loc_6508,Dhatau,fh_42,Construction of Fisheries Fishing Harbour at Harnai,fishing_harbour,67.92
loc_6508,Dhatau,fh_43,Construction of Fisheries Fishing Harbour at Sakhari Nate,fishing_harbour,73.17
loc_6508,Dhatau,port_00,Mumbai Port,port,64.61
loc_6508,Dhatau,port_01,Jawaharlal Nehru Port (JNPT),port,61.8
loc_6514,Nerul,fh_39,Anandwadi (Fishing Harbour),fishing_harbour,69.59
loc_6514,Nerul,port_04,Mormugao Port,port,11.51
loc_6515,Manjakollai,fh_45,Development of Smart and Integrated Fishing Harbour at Karaikal,fishing_harbour,18.42
loc_6515,Manjakollai,fh_52,Up-gradation of Pazhayar Fishing Harbour,fishing_harbour,66.14
loc_6515,Manjakollai,fh_55,Construction of Fishing harbour at Tharangampadi,fishing_harbour,30.69
loc_6515,Manjakollai,fh_58,Development of Fishing Harbour at Arcottuthurai,fishing_harbour,23.06
loc_6515,Manjakollai,fh_60,Development of Fishing Harbour at Vellapallam,fishing_harbour,20.6
loc_6519,Ambepur,fh_37,Modernisation of Sassoon Dock Fishing Harbour,fishing_harbour,30.53
loc_6519,Ambepur,fh_38,Karanja Fishing Harbour (Revised),fishing_harbour,24.94
loc_6519,Ambepur,fh_40,Construction of Fisheries Fishing Harbour at Jeevana,fishing_harbour,21.74
loc_6519,Ambepur,fh_41,Construction of Fisheries Fishing Harbour at Bharadkhol,fishing_harbour,65.78
loc_6519,Ambepur,fh_42,Construction of Fisheries Fishing Harbour at Harnai,fishing_harbour,97.17
loc_6519,Ambepur,port_00,Mumbai Port,port,30.82
loc_6519,Ambepur,port_01,Jawaharlal Nehru Port (JNPT),port,29.34
loc_6523,Chembagarāmanpudūr,fh_25,Expansion of Muthalapozhy Fishing Harbour,fishing_harbour,87.52
loc_6523,Chembagarāmanpudūr,fh_54,Maintenance Dredging of Colachel Fishing Harbour,fishing_harbour,27.49
loc_6523,Chembagarāmanpudūr,fh_61,Expansion and Modernization of Thengapattinam Fishing,fishing_harbour,37.68
loc_6523,Chembagarāmanpudūr,fh_62,Extension of T-Jetty at Tharuvaikulam,fishing_harbour,95.76
loc_6523,Chembagarāmanpudūr,port_10,V.O. Chidambaranar Port,port,95.81
loc_6528,Mūdabettu,fh_17,Modernisation and Upgradation of Mangalore Fishing Harbour,fishing_harbour,41.63
loc_6528,Mūdabettu,fh_18,Modernisation of Malpe Fishing Harbour,fishing_harbour,10.52
loc_6528,Mūdabettu,fh_19,Modernisation of Gangoli Fishing Harbour,fishing_harbour,43.14
loc_6528,Mūdabettu,fh_22,Kulai Fishing Harbour,fishing_harbour,34.68
loc_6528,Mūdabettu,fh_23,Hejmadi Kodi Fishing Harbour,fishing_harbour,18.97
loc_6528,Mūdabettu,fh_26,Expansion of Kasaragod Fishing Harbour,fishing_harbour,89.31
loc_6528,Mūdabettu,port_03,New Mangalore Port,port,38.37
loc_6531,Manipura,fh_17,Modernisation and Upgradation of Mangalore Fishing Harbour,fishing_harbour,44.16
loc_6531,Manipura,fh_18,Modernisation of Malpe Fishing Harbour,fishing_harbour,11.67
loc_6531,Manipura,fh_19,Modernisation of Gangoli Fishing Harbour,fishing_harbour,41.18
loc_6531,Manipura,fh_22,Kulai Fishing Harbour,fishing_harbour,37.39
loc_6531,Manipura,fh_23,Hejmadi Kodi Fishing Harbour,fishing_harbour,21.86
loc_6531,Manipura,fh_26,Expansion of Kasaragod Fishing Harbour,fishing_harbour,91.08
loc_6531,Manipura,port_03,New Mangalore Port,port,40.92
loc_6532,Bowluvada,fh_01,Development of Pudimadaka Fishing Harbour,fishing_harbour,28.24
loc_6532,Bowluvada,fh_04,Modernization and up-gradation of Vishakapatnam Fishing Harbour,fishing_harbour,32.52
loc_6532,Bowluvada,port_06,Visakhapatnam Port,port,31.83
loc_6534,Avanoor,fh_24,"Modernization and up-gradation of Cochin Fishing Harbour at Thoppumpady, Cochin",fishing_harbour,76.11
loc_6534,Avanoor,fh_27,Upgradation and modernization of Harbour in Ponnani,fishing_harbour,32.36
loc_6534,Avanoor,fh_28,Upgradation and modernization of Harbour in Puthiyappa,fishing_harbour,92.36
loc_6534,Avanoor,fh_31,Maintenance dredging of existing harbor in Chettuva,fishing_harbour,24.49
loc_6534,Avanoor,fh_32,Maintenance dredging of existing harbor in Ponnani,fishing_harbour,32.36
loc_6534,Avanoor,fh_33,Maintenance dredging of existing harbor in Beypore,fishing_harbour,74.17
loc_6534,Avanoor,fh_34,Maintenance dredging of existing harbor in Puthiyappa,fishing_harbour,92.36
loc_6534,Avanoor,port_02,Cochin Port,port,72.36
loc_6539,Muringur Vadakummuri,fh_24,"Modernization and up-gradation of Cochin Fishing Harbour at Thoppumpady, Cochin",fishing_harbour,40.62
loc_6539,Muringur Vadakummuri,fh_27,Upgradation and modernization of Harbour in Ponnani,fishing_harbour,69.68
loc_6539,Muringur Vadakummuri,fh_31,Maintenance dredging of existing harbor in Chettuva,fishing_harbour,33.77
loc_6539,Muringur Vadakummuri,fh_32,Maintenance dredging of existing harbor in Ponnani,fishing_harbour,69.68
loc_6539,Muringur Vadakummuri,fh_35,Development of Arthungal Fishing Harbor (Balance work),fishing_harbour,66.61
loc_6539,Muringur Vadakummuri,port_02,Cochin Port,port,37.18
loc_6543,Mercurim,fh_20,Maintenance Dredging at Amadalli Fishing Harbour,fishing_harbour,93.56
loc_6543,Mercurim,fh_39,Anandwadi (Fishing Harbour),fishing_harbour,84.08
loc_6543,Mercurim,port_04,Mormugao Port,port,10.41
loc_6552,Korangarapādi,fh_17,Modernisation and Upgradation of Mangalore Fishing Harbour,fishing_harbour,46.0
loc_6552,Korangarapādi,fh_18,Modernisation of Malpe Fishing Harbour,fishing_harbour,8.02
loc_6552,Korangarapādi,fh_19,Modernisation of Gangoli Fishing Harbour,fishing_harbour,38.85
loc_6552,Korangarapādi,fh_22,Kulai Fishing Harbour,fishing_harbour,39.11
loc_6552,Korangarapādi,fh_23,Hejmadi Kodi Fishing Harbour,fishing_harbour,23.4
loc_6552,Korangarapādi,fh_26,Expansion of Kasaragod Fishing Harbour,fishing_harbour,93.38
loc_6552,Korangarapādi,port_03,New Mangalore Port,port,42.74
loc_6558,Tentirupperai,fh_54,Maintenance Dredging of Colachel Fishing Harbour,fishing_harbour,93.92
loc_6558,Tentirupperai,fh_61,Expansion and Modernization of Thengapattinam Fishing,fishing_harbour,99.0
loc_6558,Tentirupperai,fh_62,Extension of T-Jetty at Tharuvaikulam,fishing_harbour,29.22
loc_6558,Tentirupperai,port_10,V.O. Chidambaranar Port,port,28.14
loc_6565,Cumbarjua,fh_39,Anandwadi (Fishing Harbour),fishing_harbour,79.13
loc_6565,Cumbarjua,port_04,Mormugao Port,port,19.34
loc_6567,Tummikāpalle,fh_01,Development of Pudimadaka Fishing Harbour,fishing_harbour,52.19
loc_6567,Tummikāpalle,fh_04,Modernization and up-gradation of Vishakapatnam Fishing Harbour,fishing_harbour,27.49
loc_6567,Tummikāpalle,port_06,Visakhapatnam Port,port,26.55
loc_6571,Mancad,fh_25,Expansion of Muthalapozhy Fishing Harbour,fishing_harbour,54.47
loc_6571,Mancad,fh_54,Maintenance Dredging of Colachel Fishing Harbour,fishing_harbour,15.8
loc_6571,Mancad,fh_61,Expansion and Modernization of Thengapattinam Fishing,fishing_harbour,2.94
loc_6577,Kurul,fh_37,Modernisation of Sassoon Dock Fishing Harbour,fishing_harbour,31.63
loc_6577,Kurul,fh_38,Karanja Fishing Harbour (Revised),fishing_harbour,30.34
loc_6577,Kurul,fh_40,Construction of Fisheries Fishing Harbour at Jeevana,fishing_harbour,16.24
loc_6577,Kurul,fh_41,Construction of Fisheries Fishing Harbour at Bharadkhol,fishing_harbour,60.35
loc_6577,Kurul,fh_42,Construction of Fisheries Fishing Harbour at Harnai,fishing_harbour,93.72
loc_6577,Kurul,port_00,Mumbai Port,port,32.64
loc_6577,Kurul,port_01,Jawaharlal Nehru Port (JNPT),port,34.72
loc_6583,Borigam,fh_02,Development of Budugatlapalem Fishing Harbour,fishing_harbour,96.92
loc_6602,Hērūr,fh_17,Modernisation and Upgradation of Mangalore Fishing Harbour,fishing_harbour,58.29
loc_6602,Hērūr,fh_18,Modernisation of Malpe Fishing Harbour,fishing_harbour,9.07
loc_6602,Hērūr,fh_19,Modernisation of Gangoli Fishing Harbour,fishing_harbour,26.61
loc_6602,Hērūr,fh_22,Kulai Fishing Harbour,fishing_harbour,51.4
loc_6602,Hērūr,fh_23,Hejmadi Kodi Fishing Harbour,fishing_harbour,35.69
loc_6602,Hērūr,port_03,New Mangalore Port,port,55.03
loc_6617,Ketakipatana,fh_47,Modernisation of Paradip Fishing Harbour,fishing_harbour,99.06
loc_6617,Ketakipatana,fh_48,Development of Stage-II Fishing Harbour at Nuagarh (Astranga),fishing_harbour,54.62
loc_6621,Kannapalayam,fh_53,Modernization and up-gradation of Chennai Fishing Harbour,fishing_harbour,21.69
loc_6621,Kannapalayam,fh_56,Construction of Fishing harbour at ThiruvottriyurKuppam,fishing_harbour,26.44
loc_6621,Kannapalayam,port_05,Chennai Port,port,20.99
loc_6621,Kannapalayam,port_11,Kamarajar Port,port,30.85
loc_6622,Kariyangala,fh_17,Modernisation and Upgradation of Mangalore Fishing Harbour,fishing_harbour,15.87
loc_6622,Kariyangala,fh_18,Modernisation of Malpe Fishing Harbour,fishing_harbour,54.09
loc_6622,Kariyangala,fh_19,Modernisation of Gangoli Fishing Harbour,fishing_harbour,85.08
loc_6622,Kariyangala,fh_22,Kulai Fishing Harbour,fishing_harbour,17.74
loc_6622,Kariyangala,fh_23,Hejmadi Kodi Fishing Harbour,fishing_harbour,26.87
loc_6622,Kariyangala,fh_26,Expansion of Kasaragod Fishing Harbour,fishing_harbour,48.54
loc_6622,Kariyangala,port_03,New Mangalore Port,port,16.01
loc_6625,Māriyāt,fh_17,Modernisation and Upgradation of Mangalore Fishing Harbour,fishing_harbour,88.89
loc_6625,Māriyāt,fh_22,Kulai Fishing Harbour,fishing_harbour,95.85
loc_6625,Māriyāt,fh_26,Expansion of Kasaragod Fishing Harbour,fishing_harbour,40.85
loc_6625,Māriyāt,port_03,New Mangalore Port,port,92.05
loc_6644,Parxem,fh_39,Anandwadi (Fishing Harbour),fishing_harbour,54.13
loc_6644,Parxem,port_04,Mormugao Port,port,29.67
loc_6651,Orgao,fh_20,Maintenance Dredging at Amadalli Fishing Harbour,fishing_harbour,99.96
loc_6651,Orgao,fh_39,Anandwadi (Fishing Harbour),fishing_harbour,80.18
loc_6651,Orgao,port_04,Mormugao Port,port,20.29
loc_6656,Thanganellūr,fh_24,"Modernization and up-gradation of Cochin Fishing Harbour at Thoppumpady, Cochin",fishing_harbour,77.75
loc_6656,Thanganellūr,fh_27,Upgradation and modernization of Harbour in Ponnani,fishing_harbour,32.32
loc_6656,Thanganellūr,fh_28,Upgradation and modernization of Harbour in Puthiyappa,fishing_harbour,91.4
loc_6656,Thanganellūr,fh_31,Maintenance dredging of existing harbor in Chettuva,fishing_harbour,26.57
loc_6656,Thanganellūr,fh_32,Maintenance dredging of existing harbor in Ponnani,fishing_harbour,32.32
loc_6656,Thanganellūr,fh_33,Maintenance dredging of existing harbor in Beypore,fishing_harbour,73.26
loc_6656,Thanganellūr,fh_34,Maintenance dredging of existing harbor in Puthiyappa,fishing_harbour,91.4
loc_6656,Thanganellūr,port_02,Cochin Port,port,74.0
loc_6668,Mulakuddu,fh_01,Development of Pudimadaka Fishing Harbour,fishing_harbour,69.96
loc_6668,Mulakuddu,fh_04,Modernization and up-gradation of Vishakapatnam Fishing Harbour,fishing_harbour,30.24
loc_6668,Mulakuddu,port_06,Visakhapatnam Port,port,29.92
loc_6669,Kāipadar,fh_48,Development of Stage-II Fishing Harbour at Nuagarh (Astranga),fishing_harbour,82.92
loc_6680,Tāngi,fh_48,Development of Stage-II Fishing Harbour at Nuagarh (Astranga),fishing_harbour,97.34
loc_6687,Eravu,fh_24,"Modernization and up-gradation of Cochin Fishing Harbour at Thoppumpady, Cochin",fishing_harbour,63.96
loc_6687,Eravu,fh_27,Upgradation and modernization of Harbour in Ponnani,fishing_harbour,38.38
loc_6687,Eravu,fh_31,Maintenance dredging of existing harbor in Chettuva,fishing_harbour,11.27
loc_6687,Eravu,fh_32,Maintenance dredging of existing harbor in Ponnani,fishing_harbour,38.38
loc_6687,Eravu,fh_33,Maintenance dredging of existing harbor in Beypore,fishing_harbour,83.56
loc_6687,Eravu,fh_35,Development of Arthungal Fishing Harbor (Balance work),fishing_harbour,91.71
loc_6687,Eravu,port_02,Cochin Port,port,60.19
loc_6695,Puravachcheri,fh_45,Development of Smart and Integrated Fishing Harbour at Karaikal,fishing_harbour,18.23
loc_6695,Puravachcheri,fh_52,Up-gradation of Pazhayar Fishing Harbour,fishing_harbour,65.97
loc_6695,Puravachcheri,fh_55,Construction of Fishing harbour at Tharangampadi,fishing_harbour,30.51
loc_6695,Puravachcheri,fh_58,Development of Fishing Harbour at Arcottuthurai,fishing_harbour,23.28
loc_6695,Puravachcheri,fh_60,Development of Fishing Harbour at Vellapallam,fishing_harbour,20.82
loc_6701,Kadvād,fh_20,Maintenance Dredging at Amadalli Fishing Harbour,fishing_harbour,21.38
loc_6701,Kadvād,fh_21,Dredging work at Tadari Fishing Harbour,fishing_harbour,48.52
loc_6701,Kadvād,port_04,Mormugao Port,port,75.41
loc_6702,Venkatraipur,fh_02,Development of Budugatlapalem Fishing Harbour,fishing_harbour,93.38
loc_6707,Karle,fh_36,Development of Mallet Bunder Fishing Harbour,fishing_harbour,1.62
loc_6707,Karle,fh_42,Construction of Fisheries Fishing Harbour at Harnai,fishing_harbour,96.49
loc_6707,Karle,fh_43,Construction of Fisheries Fishing Harbour at Sakhari Nate,fishing_harbour,89.91
loc_6728,Moira,fh_39,Anandwadi (Fishing Harbour),fishing_harbour,64.39
loc_6728,Moira,port_04,Mormugao Port,port,21.81
loc_6730,Madattumpadi,fh_24,"Modernization and up-gradation of Cochin Fishing Harbour at Thoppumpady, Cochin",fishing_harbour,29.89
loc_6730,Madattumpadi,fh_27,Upgradation and modernization of Harbour in Ponnani,fishing_harbour,73.6
loc_6730,Madattumpadi,fh_31,Maintenance dredging of existing harbor in Chettuva,fishing_harbour,33.67
loc_6730,Madattumpadi,fh_32,Maintenance dredging of existing harbor in Ponnani,fishing_harbour,73.6
loc_6730,Madattumpadi,fh_35,Development of Arthungal Fishing Harbor (Balance work),fishing_harbour,57.09
loc_6730,Madattumpadi,port_02,Cochin Port,port,26.22
loc_6732,Aversa,fh_20,Maintenance Dredging at Amadalli Fishing Harbour,fishing_harbour,7.36
loc_6732,Aversa,fh_21,Dredging work at Tadari Fishing Harbour,fishing_harbour,31.94
loc_6732,Aversa,port_04,Mormugao Port,port,92.1
loc_6734,Vovale,fh_37,Modernisation of Sassoon Dock Fishing Harbour,fishing_harbour,25.31
loc_6734,Vovale,fh_38,Karanja Fishing Harbour (Revised),fishing_harbour,13.98
loc_6734,Vovale,fh_40,Construction of Fisheries Fishing Harbour at Jeevana,fishing_harbour,54.73
loc_6734,Vovale,fh_41,Construction of Fisheries Fishing Harbour at Bharadkhol,fishing_harbour,98.54
loc_6734,Vovale,fh_44,Development of Fishing Harbour at Satpati,fishing_harbour,93.02
loc_6734,Vovale,port_00,Mumbai Port,port,23.31
loc_6734,Vovale,port_01,Jawaharlal Nehru Port (JNPT),port,12.26
loc_6740,Mādarpākkam,fh_53,Modernization and up-gradation of Chennai Fishing Harbour,fishing_harbour,50.89
loc_6740,Mādarpākkam,fh_56,Construction of Fishing harbour at ThiruvottriyurKuppam,fishing_harbour,46.7
loc_6740,Mādarpākkam,port_05,Chennai Port,port,50.92
loc_6740,Mādarpākkam,port_11,Kamarajar Port,port,42.88
loc_6748,Joka,fh_63,Modernisation and upgradation of existing fishing harbour at Petuaghat,fishing_harbour,78.98
loc_6748,Joka,fh_64,Modernisation and upgradation of existing fishing harbour at Shankarpur,fishing_harbour,98.52
loc_6748,Joka,fh_66,Modernisation and upgradation of existing fishing harbour at Kakdwip,fishing_harbour,70.86
loc_6748,Joka,port_08,Kolkata Port,port,36.14
loc_6748,Joka,port_09,Syama Prasad Mookerjee Port Haldia,port,51.63
loc_6752,Manakkudi Mukkuvartura,fh_25,Expansion of Muthalapozhy Fishing Harbour,fishing_harbour,95.76
loc_6752,Manakkudi Mukkuvartura,fh_54,Maintenance Dredging of Colachel Fishing Harbour,fishing_harbour,27.37
loc_6752,Manakkudi Mukkuvartura,fh_61,Expansion and Modernization of Thengapattinam Fishing,fishing_harbour,42.15
loc_6753,Kurichikara,fh_24,"Modernization and up-gradation of Cochin Fishing Harbour at Thoppumpady, Cochin",fishing_harbour,71.37
loc_6753,Kurichikara,fh_27,Upgradation and modernization of Harbour in Ponnani,fishing_harbour,41.89
loc_6753,Kurichikara,fh_31,Maintenance dredging of existing harbor in Chettuva,fishing_harbour,27.27
loc_6753,Kurichikara,fh_32,Maintenance dredging of existing harbor in Ponnani,fishing_harbour,41.89
loc_6753,Kurichikara,fh_33,Maintenance dredging of existing harbor in Beypore,fishing_harbour,82.45
loc_6753,Kurichikara,fh_35,Development of Arthungal Fishing Harbor (Balance work),fishing_harbour,98.47
loc_6753,Kurichikara,port_02,Cochin Port,port,67.67
loc_6767,Āpta,fh_37,Modernisation of Sassoon Dock Fishing Harbour,fishing_harbour,32.36
loc_6767,Āpta,fh_38,Karanja Fishing Harbour (Revised),fishing_harbour,19.89
loc_6767,Āpta,fh_40,Construction of Fisheries Fishing Harbour at Jeevana,fishing_harbour,44.64
loc_6767,Āpta,fh_41,Construction of Fisheries Fishing Harbour at Bharadkhol,fishing_harbour,86.72
loc_6767,Āpta,port_00,Mumbai Port,port,31.02
loc_6767,Āpta,port_01,Jawaharlal Nehru Port (JNPT),port,21.7
loc_6811,Digha,fh_51,Chandipur Fishing Harbour,fishing_harbour,54.57
loc_6811,Digha,fh_63,Modernisation and upgradation of existing fishing harbour at Petuaghat,fishing_harbour,41.84
loc_6811,Digha,fh_64,Modernisation and upgradation of existing fishing harbour at Shankarpur,fishing_harbour,7.6
loc_6811,Digha,fh_65,Modernisation and upgradation of existing fishing harbour at Frasergunj,fishing_harbour,76.92
loc_6811,Digha,fh_66,Modernisation and upgradation of existing fishing harbour at Kakdwip,fishing_harbour,73.74
loc_6811,Digha,port_09,Syama Prasad Mookerjee Port Haldia,port,71.49
loc_6825,Atul,fh_44,Development of Fishing Harbour at Satpati,fishing_harbour,94.49
loc_6830,Guhāgar,fh_36,Development of Mallet Bunder Fishing Harbour,fishing_harbour,56.11
loc_6830,Guhāgar,fh_41,Construction of Fisheries Fishing Harbour at Bharadkhol,fishing_harbour,74.32
loc_6830,Guhāgar,fh_42,Construction of Fisheries Fishing Harbour at Harnai,fishing_harbour,38.9
loc_6830,Guhāgar,fh_43,Construction of Fisheries Fishing Harbour at Sakhari Nate,fishing_harbour,32.28
loc_6832,Yārāda,fh_01,Development of Pudimadaka Fishing Harbour,fishing_harbour,38.06
loc_6832,Yārāda,fh_04,Modernization and up-gradation of Vishakapatnam Fishing Harbour,fishing_harbour,3.86
loc_6832,Yārāda,port_06,Visakhapatnam Port,port,4.4
loc_6833,Zotirpada,fh_37,Modernisation of Sassoon Dock Fishing Harbour,fishing_harbour,46.6
loc_6833,Zotirpada,fh_38,Karanja Fishing Harbour (Revised),fishing_harbour,39.25
loc_6833,Zotirpada,fh_40,Construction of Fisheries Fishing Harbour at Jeevana,fishing_harbour,19.97
loc_6833,Zotirpada,fh_41,Construction of Fisheries Fishing Harbour at Bharadkhol,fishing_harbour,57.11
loc_6833,Zotirpada,fh_42,Construction of Fisheries Fishing Harbour at Harnai,fishing_harbour,85.12
loc_6833,Zotirpada,fh_43,Construction of Fisheries Fishing Harbour at Sakhari Nate,fishing_harbour,90.79
loc_6833,Zotirpada,port_00,Mumbai Port,port,46.68
loc_6833,Zotirpada,port_01,Jawaharlal Nehru Port (JNPT),port,43.37
loc_6847,Korampallam,fh_62,Extension of T-Jetty at Tharuvaikulam,fishing_harbour,7.3
loc_6847,Korampallam,port_10,V.O. Chidambaranar Port,port,10.94
loc_6852,Lebur Bit ? I,fh_05,Juvvaladinne Fishing Harbour,fishing_harbour,33.09
loc_6853,Kānam,fh_54,Maintenance Dredging of Colachel Fishing Harbour,fishing_harbour,97.54
loc_6853,Kānam,fh_62,Extension of T-Jetty at Tharuvaikulam,fishing_harbour,32.16
loc_6853,Kānam,port_10,V.O. Chidambaranar Port,port,28.24
loc_6871,Pallevāda,fh_08,"Construction of Fishing Harbour, Machilipattinam",fishing_harbour,47.6
loc_6879,Bakultala,port_14,Port Blair Port,port,93.86
loc_6884,Chavutapālem,fh_05,Juvvaladinne Fishing Harbour,fishing_harbour,57.29
loc_6890,Hosangadi,fh_17,Modernisation and Upgradation of Mangalore Fishing Harbour,fishing_harbour,89.87
loc_6890,Hosangadi,fh_18,Modernisation of Malpe Fishing Harbour,fishing_harbour,47.43
loc_6890,Hosangadi,fh_19,Modernisation of Gangoli Fishing Harbour,fishing_harbour,30.1
loc_6890,Hosangadi,fh_22,Kulai Fishing Harbour,fishing_harbour,83.69
loc_6890,Hosangadi,fh_23,Hejmadi Kodi Fishing Harbour,fishing_harbour,69.07
loc_6890,Hosangadi,port_03,New Mangalore Port,port,86.82
loc_6895,Epuru Bit - I - B,fh_05,Juvvaladinne Fishing Harbour,fishing_harbour,59.01
loc_6903,pedda nakkalapalem,fh_03,Development of Kothapatnam Fishing Harbour,fishing_harbour,47.55
loc_6903,pedda nakkalapalem,fh_07,"Construction of Fishing Harbour, Vodarevu",fishing_harbour,35.24
loc_6903,pedda nakkalapalem,fh_09,"Construction of Fishing Harbour, Nizampattinam",fishing_harbour,52.32
loc_6939,Ganguvāda,fh_02,Development of Budugatlapalem Fishing Harbour,fishing_harbour,19.74
loc_6946,Auroville,fh_49,Construction of Fishing Harbour at Thengaithittu,fishing_harbour,11.79
loc_6946,Auroville,fh_50,Upgradation of Puducherry Fishing Harbour,fishing_harbour,8.7
loc_6946,Auroville,fh_52,Up-gradation of Pazhayar Fishing Harbour,fishing_harbour,72.97
loc_6946,Auroville,fh_57,Development of existing Fishing Harbour at Mudhunagar,fishing_harbour,32.19
loc_6946,Auroville,fh_59,Construction of Fishing harbour at Azhagankuppam,fishing_harbour,9.19
loc_6947,Edakkulam,fh_24,"Modernization and up-gradation of Cochin Fishing Harbour at Thoppumpady, Cochin",fishing_harbour,76.22
loc_6947,Edakkulam,fh_27,Upgradation and modernization of Harbour in Ponnani,fishing_harbour,32.91
loc_6947,Edakkulam,fh_28,Upgradation and modernization of Harbour in Puthiyappa,fishing_harbour,92.59
loc_6947,Edakkulam,fh_31,Maintenance dredging of existing harbor in Chettuva,fishing_harbour,25.09
loc_6947,Edakkulam,fh_32,Maintenance dredging of existing harbor in Ponnani,fishing_harbour,32.91
loc_6947,Edakkulam,fh_33,Maintenance dredging of existing harbor in Beypore,fishing_harbour,74.42
loc_6947,Edakkulam,fh_34,Maintenance dredging of existing harbor in Puthiyappa,fishing_harbour,92.59
loc_6947,Edakkulam,port_02,Cochin Port,port,72.47
loc_6948,Baga,fh_39,Anandwadi (Fishing Harbour),fishing_harbour,62.92
loc_6948,Baga,port_04,Mormugao Port,port,18.11
loc_6958,Pāngāla,fh_17,Modernisation and Upgradation of Mangalore Fishing Harbour,fishing_harbour,39.65
loc_6958,Pāngāla,fh_18,Modernisation of Malpe Fishing Harbour,fishing_harbour,12.37
loc_6958,Pāngāla,fh_19,Modernisation of Gangoli Fishing Harbour,fishing_harbour,45.12
loc_6958,Pāngāla,fh_22,Kulai Fishing Harbour,fishing_harbour,32.7
loc_6958,Pāngāla,fh_23,Hejmadi Kodi Fishing Harbour,fishing_harbour,16.99
loc_6958,Pāngāla,fh_26,Expansion of Kasaragod Fishing Harbour,fishing_harbour,87.36
loc_6958,Pāngāla,port_03,New Mangalore Port,port,36.39
loc_6964,Pipāvāv Bandar,fh_46,Development of Smart and Integrated Fishing Harbour at Vanakbara,fishing_harbour,65.88
loc_6974,Kharpāda,fh_37,Modernisation of Sassoon Dock Fishing Harbour,fishing_harbour,29.32
loc_6974,Kharpāda,fh_38,Karanja Fishing Harbour (Revised),fishing_harbour,17.25
loc_6974,Kharpāda,fh_40,Construction of Fisheries Fishing Harbour at Jeevana,fishing_harbour,41.18
loc_6974,Kharpāda,fh_41,Construction of Fisheries Fishing Harbour at Bharadkhol,fishing_harbour,83.88
loc_6974,Kharpāda,port_00,Mumbai Port,port,28.15
loc_6974,Kharpāda,port_01,Jawaharlal Nehru Port (JNPT),port,19.76
loc_6980,Anjanvel,fh_36,Development of Mallet Bunder Fishing Harbour,fishing_harbour,64.5
loc_6980,Anjanvel,fh_41,Construction of Fisheries Fishing Harbour at Bharadkhol,fishing_harbour,65.55
loc_6980,Anjanvel,fh_42,Construction of Fisheries Fishing Harbour at Harnai,fishing_harbour,30.48
loc_6980,Anjanvel,fh_43,Construction of Fisheries Fishing Harbour at Sakhari Nate,fishing_harbour,24.35
loc_6987,Karnāla,fh_37,Modernisation of Sassoon Dock Fishing Harbour,fishing_harbour,28.31
loc_6987,Karnāla,fh_38,Karanja Fishing Harbour (Revised),fishing_harbour,15.96
loc_6987,Karnāla,fh_40,Construction of Fisheries Fishing Harbour at Jeevana,fishing_harbour,42.96
loc_6987,Karnāla,fh_41,Construction of Fisheries Fishing Harbour at Bharadkhol,fishing_harbour,85.89
loc_6987,Karnāla,port_00,Mumbai Port,port,27.02
loc_6987,Karnāla,port_01,Jawaharlal Nehru Port (JNPT),port,18.12
loc_6988,Akasahebpet,fh_01,Development of Pudimadaka Fishing Harbour,fishing_harbour,41.81
loc_6988,Akasahebpet,fh_04,Modernization and up-gradation of Vishakapatnam Fishing Harbour,fishing_harbour,79.46
loc_6988,Akasahebpet,fh_06,"Construction of Fishing Harbour, Uppada",fishing_harbour,52.95
loc_6988,Akasahebpet,port_06,Visakhapatnam Port,port,79.14
loc_6989,Harina Pashdal Bar,fh_51,Chandipur Fishing Harbour,fishing_harbour,85.65
loc_6989,Harina Pashdal Bar,fh_63,Modernisation and upgradation of existing fishing harbour at Petuaghat,fishing_harbour,23.33
loc_6989,Harina Pashdal Bar,fh_64,Modernisation and upgradation of existing fishing harbour at Shankarpur,fishing_harbour,28.57
loc_6989,Harina Pashdal Bar,fh_65,Modernisation and upgradation of existing fishing harbour at Frasergunj,fishing_harbour,68.7
loc_6989,Harina Pashdal Bar,fh_66,Modernisation and upgradation of existing fishing harbour at Kakdwip,fishing_harbour,48.95
loc_6989,Harina Pashdal Bar,port_08,Kolkata Port,port,96.07
loc_6989,Harina Pashdal Bar,port_09,Syama Prasad Mookerjee Port Haldia,port,39.16
loc_7016,Palackattumala,fh_24,"Modernization and up-gradation of Cochin Fishing Harbour at Thoppumpady, Cochin",fishing_harbour,44.5
loc_7016,Palackattumala,fh_30,Maintenance dredging of existing harbor in Kayamkulam,fishing_harbour,64.25
loc_7016,Palackattumala,fh_31,Maintenance dredging of existing harbor in Chettuva,fishing_harbour,97.69
loc_7016,Palackattumala,fh_35,Development of Arthungal Fishing Harbor (Balance work),fishing_harbour,32.27
loc_7016,Palackattumala,port_02,Cochin Port,port,47.03
loc_7042,Chapora,fh_39,Anandwadi (Fishing Harbour),fishing_harbour,58.41
loc_7042,Chapora,port_04,Mormugao Port,port,22.66
loc_7043,Sinquerim,fh_39,Anandwadi (Fishing Harbour),fishing_harbour,69.68
loc_7043,Sinquerim,port_04,Mormugao Port,port,11.12
loc_7069,Dr.Iqubalnagar,fh_40,Construction of Fisheries Fishing Harbour at Jeevana,fishing_harbour,78.57
loc_7069,Dr.Iqubalnagar,fh_41,Construction of Fisheries Fishing Harbour at Bharadkhol,fishing_harbour,47.09
loc_7069,Dr.Iqubalnagar,fh_42,Construction of Fisheries Fishing Harbour at Harnai,fishing_harbour,24.32
loc_7069,Dr.Iqubalnagar,fh_43,Construction of Fisheries Fishing Harbour at Sakhari Nate,fishing_harbour,22.24
loc_7085,kotta palem,fh_03,Development of Kothapatnam Fishing Harbour,fishing_harbour,46.5
loc_7085,kotta palem,fh_07,"Construction of Fishing Harbour, Vodarevu",fishing_harbour,34.19
loc_7085,kotta palem,fh_09,"Construction of Fishing Harbour, Nizampattinam",fishing_harbour,52.1
loc_7087,Madhupur,fh_11,3rd Stage of Mangarol Fishing Harbour,fishing_harbour,73.79
loc_7087,Madhupur,fh_13,Development of Fishery harbour at Madhwad,fishing_harbour,14.3
loc_7087,Madhupur,fh_14,Development of Fishery Harbour at Veraval – Phase 2,fishing_harbour,28.01
loc_7087,Madhupur,fh_16,Development of Fishery Harbour at Sutrapada,fishing_harbour,25.58
loc_7087,Madhupur,fh_46,Development of Smart and Integrated Fishing Harbour at Vanakbara,fishing_harbour,53.9
loc_7131,North Sentinel Island,port_14,Port Blair Port,port,56.27
loc_7135,Pololem,fh_20,Maintenance Dredging at Amadalli Fishing Harbour,fishing_harbour,47.82
loc_7135,Pololem,fh_21,Dredging work at Tadari Fishing Harbour,fishing_harbour,75.06
loc_7135,Pololem,port_04,Mormugao Port,port,49.25
loc_7136,Agonda,fh_20,Maintenance Dredging at Amadalli Fishing Harbour,fishing_harbour,52.99
loc_7136,Agonda,fh_21,Dredging work at Tadari Fishing Harbour,fishing_harbour,80.23
loc_7136,Agonda,port_04,Mormugao Port,port,44.24
loc_7144,Ganga Sāgar,fh_63,Modernisation and upgradation of existing fishing harbour at Petuaghat,fishing_harbour,24.89
loc_7144,Ganga Sāgar,fh_64,Modernisation and upgradation of existing fishing harbour at Shankarpur,fishing_harbour,54.79
loc_7144,Ganga Sāgar,fh_65,Modernisation and upgradation of existing fishing harbour at Frasergunj,fishing_harbour,20.84
loc_7144,Ganga Sāgar,fh_66,Modernisation and upgradation of existing fishing harbour at Kakdwip,fishing_harbour,28.78
loc_7144,Ganga Sāgar,port_09,Syama Prasad Mookerjee Port Haldia,port,43.48
loc_7146,Zuvvaladinne,fh_03,Development of Kothapatnam Fishing Harbour,fishing_harbour,71.44
loc_7146,Zuvvaladinne,fh_05,Juvvaladinne Fishing Harbour,fishing_harbour,2.37
loc_7146,Zuvvaladinne,fh_07,"Construction of Fishing Harbour, Vodarevu",fishing_harbour,83.2
loc_7158,Zirad,fh_37,Modernisation of Sassoon Dock Fishing Harbour,fishing_harbour,19.24
loc_7158,Zirad,fh_38,Karanja Fishing Harbour (Revised),fishing_harbour,18.3
loc_7158,Zirad,fh_40,Construction of Fisheries Fishing Harbour at Jeevana,fishing_harbour,28.81
loc_7158,Zirad,fh_41,Construction of Fisheries Fishing Harbour at Bharadkhol,fishing_harbour,73.03
loc_7158,Zirad,port_00,Mumbai Port,port,20.07
loc_7158,Zirad,port_01,Jawaharlal Nehru Port (JNPT),port,22.51
loc_7170,Zaladanki,fh_03,Development of Kothapatnam Fishing Harbour,fishing_harbour,68.59
loc_7170,Zaladanki,fh_05,Juvvaladinne Fishing Harbour,fishing_harbour,17.5
loc_7170,Zaladanki,fh_07,"Construction of Fishing Harbour, Vodarevu",fishing_harbour,79.01
loc_7191,Yerūr,fh_05,Juvvaladinne Fishing Harbour,fishing_harbour,69.31
loc_7200,Yenūr,fh_17,Modernisation and Upgradation of Mangalore Fishing Harbour,fishing_harbour,37.25
loc_7200,Yenūr,fh_18,Modernisation of Malpe Fishing Harbour,fishing_harbour,61.01
loc_7200,Yenūr,fh_19,Modernisation of Gangoli Fishing Harbour,fishing_harbour,86.9
loc_7200,Yenūr,fh_22,Kulai Fishing Harbour,fishing_harbour,37.71
loc_7200,Yenūr,fh_23,Hejmadi Kodi Fishing Harbour,fishing_harbour,40.62
loc_7200,Yenūr,fh_26,Expansion of Kasaragod Fishing Harbour,fishing_harbour,59.34
loc_7200,Yenūr,port_03,New Mangalore Port,port,36.91
loc_7211,Yelatturdibba,fh_03,Development of Kothapatnam Fishing Harbour,fishing_harbour,82.43
loc_7211,Yelatturdibba,fh_07,"Construction of Fishing Harbour, Vodarevu",fishing_harbour,79.58
loc_7211,Yelatturdibba,fh_08,"Construction of Fishing Harbour, Machilipattinam",fishing_harbour,52.17
loc_7211,Yelatturdibba,fh_09,"Construction of Fishing Harbour, Nizampattinam",fishing_harbour,27.33
loc_7246,Yadita,port_14,Port Blair Port,port,89.08
loc_7250,Xelvona,fh_20,Maintenance Dredging at Amadalli Fishing Harbour,fishing_harbour,69.63
loc_7250,Xelvona,fh_21,Dredging work at Tadari Fishing Harbour,fishing_harbour,95.5
loc_7250,Xelvona,port_04,Mormugao Port,port,33.86
loc_7253,Wrightmyo,port_14,Port Blair Port,port,13.43
loc_7254,Worli,fh_37,Modernisation of Sassoon Dock Fishing Harbour,fishing_harbour,10.84
loc_7254,Worli,fh_38,Karanja Fishing Harbour (Revised),fishing_harbour,18.37
loc_7254,Worli,fh_40,Construction of Fisheries Fishing Harbour at Jeevana,fishing_harbour,58.68
loc_7254,Worli,fh_44,Development of Fishing Harbour at Satpati,fishing_harbour,80.6
loc_7254,Worli,port_00,Mumbai Port,port,9.91
loc_7254,Worli,port_01,Jawaharlal Nehru Port (JNPT),port,15.86
loc_7256,Wondh,port_12,Deendayal Port,port,40.83
loc_7256,Wondh,port_13,Mundra Port,port,93.15
loc_7261,Wimberleyganj,port_14,Port Blair Port,port,9.38
loc_7289,Varwāla,fh_15,Development of Fishery Harbour Porbandar – Phase 2,fishing_harbour,98.24
loc_7289,Varwāla,port_13,Mundra Port,port,92.47
loc_7294,Vadodra,fh_11,3rd Stage of Mangarol Fishing Harbour,fishing_harbour,88.29
loc_7294,Vadodra,fh_13,Development of Fishery harbour at Madhwad,fishing_harbour,19.64
loc_7294,Vadodra,fh_14,Development of Fishery Harbour at Veraval – Phase 2,fishing_harbour,18.16
loc_7294,Vadodra,fh_16,Development of Fishery Harbour at Sutrapada,fishing_harbour,4.56
loc_7294,Vadodra,fh_46,Development of Smart and Integrated Fishing Harbour at Vanakbara,fishing_harbour,50.12
loc_7307,Wanthali,port_12,Deendayal Port,port,60.16
loc_7307,Wanthali,port_13,Mundra Port,port,70.8
loc_7315,Wāndhia,port_12,Deendayal Port,port,50.8
loc_7326,Waltair,fh_01,Development of Pudimadaka Fishing Harbour,fishing_harbour,45.49
loc_7326,Waltair,fh_04,Modernization and up-gradation of Vishakapatnam Fishing Harbour,fishing_harbour,4.3
loc_7326,Waltair,port_06,Visakhapatnam Port,port,4.26
loc_7352,Wāghnagar,fh_46,Development of Smart and Integrated Fishing Harbour at Vanakbara,fishing_harbour,95.73
loc_7358,Wadsar,fh_10,Development of Smart and Integrated Fishing Harbour at Jakhau,fishing_harbour,13.79
loc_7379,Wādāpadhar,fh_10,Development of Smart and Integrated Fishing Harbour at Jakhau,fishing_harbour,16.79
loc_7379,Wādāpadhar,port_13,Mundra Port,port,99.21
loc_7381,Wadala,fh_37,Modernisation of Sassoon Dock Fishing Harbour,fishing_harbour,10.95
loc_7381,Wadala,fh_38,Karanja Fishing Harbour (Revised),fishing_harbour,15.85
loc_7381,Wadala,fh_40,Construction of Fisheries Fishing Harbour at Jeevana,fishing_harbour,58.07
loc_7381,Wadala,fh_44,Development of Fishing Harbour at Satpati,fishing_harbour,81.3
loc_7381,Wadala,port_00,Mumbai Port,port,9.4
loc_7381,Wadala,port_01,Jawaharlal Nehru Port (JNPT),port,12.87
loc_7382,Wadāla,port_12,Deendayal Port,port,37.77
loc_7382,Wadāla,port_13,Mundra Port,port,24.09
loc_7385,Wadal,fh_46,Development of Smart and Integrated Fishing Harbour at Vanakbara,fishing_harbour,79.3
loc_7410,Virnora,fh_39,Anandwadi (Fishing Harbour),fishing_harbour,54.11
loc_7410,Virnora,port_04,Mormugao Port,port,33.16
loc_7417,Virathān Budrukh,fh_37,Modernisation of Sassoon Dock Fishing Harbour,fishing_harbour,70.23
loc_7417,Virathān Budrukh,fh_38,Karanja Fishing Harbour (Revised),fishing_harbour,73.22
loc_7417,Virathān Budrukh,fh_44,Development of Fishing Harbour at Satpati,fishing_harbour,22.91
loc_7417,Virathān Budrukh,port_00,Mumbai Port,port,69.01
loc_7417,Virathān Budrukh,port_01,Jawaharlal Nehru Port (JNPT),port,68.9
loc_7424,Vīrāmpatnam,fh_49,Construction of Fishing Harbour at Thengaithittu,fishing_harbour,0.96
loc_7424,Vīrāmpatnam,fh_50,Upgradation of Puducherry Fishing Harbour,fishing_harbour,4.12
loc_7424,Vīrāmpatnam,fh_52,Up-gradation of Pazhayar Fishing Harbour,fishing_harbour,60.43
loc_7424,Vīrāmpatnam,fh_55,Construction of Fishing harbour at Tharangampadi,fishing_harbour,96.02
loc_7424,Vīrāmpatnam,fh_57,Development of existing Fishing Harbour at Mudhunagar,fishing_harbour,20.54
loc_7424,Vīrāmpatnam,fh_59,Construction of Fishing harbour at Azhagankuppam,fishing_harbour,18.42
loc_7425,Vīrampalli,fh_05,Juvvaladinne Fishing Harbour,fishing_harbour,62.66
loc_7431,Vinjhān,fh_10,Development of Smart and Integrated Fishing Harbour at Jakhau,fishing_harbour,34.27
loc_7431,Vinjhān,port_13,Mundra Port,port,81.79
loc_7434,Vindūr,fh_05,Juvvaladinne Fishing Harbour,fishing_harbour,72.1
loc_7438,Villiyānallūr,fh_45,Development of Smart and Integrated Fishing Harbour at Karaikal,fishing_harbour,36.13
loc_7438,Villiyānallūr,fh_49,Construction of Fishing Harbour at Thengaithittu,fishing_harbour,83.6
loc_7438,Villiyānallūr,fh_50,Upgradation of Puducherry Fishing Harbour,fishing_harbour,87.1
loc_7438,Villiyānallūr,fh_52,Up-gradation of Pazhayar Fishing Harbour,fishing_harbour,30.28
loc_7438,Villiyānallūr,fh_55,Construction of Fishing harbour at Tharangampadi,fishing_harbour,28.67
loc_7438,Villiyānallūr,fh_57,Development of existing Fishing Harbour at Mudhunagar,fishing_harbour,62.61
loc_7438,Villiyānallūr,fh_58,Development of Fishing Harbour at Arcottuthurai,fishing_harbour,69.24
loc_7438,Villiyānallūr,fh_60,Development of Fishing Harbour at Vellapallam,fishing_harbour,67.27
loc_7439,Villivākkam,fh_53,Modernization and up-gradation of Chennai Fishing Harbour,fishing_harbour,9.86
loc_7439,Villivākkam,fh_56,Construction of Fishing harbour at ThiruvottriyurKuppam,fishing_harbour,14.82
loc_7439,Villivākkam,port_05,Chennai Port,port,9.29
loc_7439,Villivākkam,port_11,Kamarajar Port,port,20.52
loc_7441,Vilinjam,fh_25,Expansion of Muthalapozhy Fishing Harbour,fishing_harbour,33.9
loc_7441,Vilinjam,fh_54,Maintenance Dredging of Colachel Fishing Harbour,fishing_harbour,36.05
loc_7441,Vilinjam,fh_61,Expansion and Modernization of Thengapattinam Fishing,fishing_harbour,20.68
loc_7442,Viliena,fh_20,Maintenance Dredging at Amadalli Fishing Harbour,fishing_harbour,55.45
loc_7442,Viliena,fh_21,Dredging work at Tadari Fishing Harbour,fishing_harbour,79.52
loc_7442,Viliena,port_04,Mormugao Port,port,53.34
loc_7443,Vile Parle,fh_37,Modernisation of Sassoon Dock Fishing Harbour,fishing_harbour,20.02
loc_7443,Vile Parle,fh_38,Karanja Fishing Harbour (Revised),fishing_harbour,24.43
loc_7443,Vile Parle,fh_40,Construction of Fisheries Fishing Harbour at Jeevana,fishing_harbour,67.49
loc_7443,Vile Parle,fh_44,Development of Fishing Harbour at Satpati,fishing_harbour,71.87
loc_7443,Vile Parle,port_00,Mumbai Port,port,18.71
loc_7443,Vile Parle,port_01,Jawaharlal Nehru Port (JNPT),port,20.7
loc_7446,Vikhroli,fh_37,Modernisation of Sassoon Dock Fishing Harbour,fishing_harbour,23.94
loc_7446,Vikhroli,fh_38,Karanja Fishing Harbour (Revised),fishing_harbour,22.92
loc_7446,Vikhroli,fh_40,Construction of Fisheries Fishing Harbour at Jeevana,fishing_harbour,68.38
loc_7446,Vikhroli,fh_44,Development of Fishing Harbour at Satpati,fishing_harbour,73.12
loc_7446,Vikhroli,port_00,Mumbai Port,port,21.99
loc_7446,Vikhroli,port_01,Jawaharlal Nehru Port (JNPT),port,18.5
loc_7448,Vijayāpati,fh_54,Maintenance Dredging of Colachel Fishing Harbour,fishing_harbour,54.78
loc_7448,Vijayāpati,fh_61,Expansion and Modernization of Thengapattinam Fishing,fishing_harbour,66.5
loc_7448,Vijayāpati,fh_62,Extension of T-Jetty at Tharuvaikulam,fishing_harbour,82.15
loc_7448,Vijayāpati,port_10,V.O. Chidambaranar Port,port,79.78
loc_7449,Vijaya Nārāyanam,fh_54,Maintenance Dredging of Colachel Fishing Harbour,fishing_harbour,65.13
loc_7449,Vijaya Nārāyanam,fh_61,Expansion and Modernization of Thengapattinam Fishing,fishing_harbour,72.1
loc_7449,Vijaya Nārāyanam,fh_62,Extension of T-Jetty at Tharuvaikulam,fishing_harbour,58.79
loc_7449,Vijaya Nārāyanam,port_10,V.O. Chidambaranar Port,port,57.98
loc_7450,Vijayadurg,fh_36,Development of Mallet Bunder Fishing Harbour,fishing_harbour,48.57
loc_7450,Vijayadurg,fh_39,Anandwadi (Fishing Harbour),fishing_harbour,56.84
loc_7452,Vihur,fh_37,Modernisation of Sassoon Dock Fishing Harbour,fishing_harbour,64.72
loc_7452,Vihur,fh_38,Karanja Fishing Harbour (Revised),fishing_harbour,62.52
loc_7452,Vihur,fh_40,Construction of Fisheries Fishing Harbour at Jeevana,fishing_harbour,16.97
loc_7452,Vihur,fh_41,Construction of Fisheries Fishing Harbour at Bharadkhol,fishing_harbour,27.66
loc_7452,Vihur,fh_42,Construction of Fisheries Fishing Harbour at Harnai,fishing_harbour,60.73
loc_7452,Vihur,fh_43,Construction of Fisheries Fishing Harbour at Sakhari Nate,fishing_harbour,67.56
loc_7452,Vihur,port_00,Mumbai Port,port,65.76
loc_7452,Vihur,port_01,Jawaharlal Nehru Port (JNPT),port,66.97
loc_7457,Victor,fh_46,Development of Smart and Integrated Fishing Harbour at Vanakbara,fishing_harbour,69.58
loc_7459,Vichumbe,fh_37,Modernisation of Sassoon Dock Fishing Harbour,fishing_harbour,32.68
loc_7459,Vichumbe,fh_38,Karanja Fishing Harbour (Revised),fishing_harbour,21.03
loc_7459,Vichumbe,fh_40,Construction of Fisheries Fishing Harbour at Jeevana,fishing_harbour,58.21
loc_7459,Vichumbe,fh_44,Development of Fishing Harbour at Satpati,fishing_harbour,95.28
loc_7459,Vichumbe,port_00,Mumbai Port,port,30.68
loc_7459,Vichumbe,port_01,Jawaharlal Nehru Port (JNPT),port,19.63
loc_7460,Vichondrem,fh_20,Maintenance Dredging at Amadalli Fishing Harbour,fishing_harbour,48.15
loc_7460,Vichondrem,fh_21,Dredging work at Tadari Fishing Harbour,fishing_harbour,73.16
loc_7460,Vichondrem,port_04,Mormugao Port,port,55.05
loc_7462,Vevji,fh_44,Development of Fishing Harbour at Satpati,fishing_harbour,48.23
loc_7463,Vettutura,fh_25,Expansion of Muthalapozhy Fishing Harbour,fishing_harbour,6.02
loc_7463,Vettutura,fh_30,Maintenance dredging of existing harbor in Kayamkulam,fishing_harbour,75.97
loc_7463,Vettutura,fh_54,Maintenance Dredging of Colachel Fishing Harbour,fishing_harbour,64.07
loc_7463,Vettutura,fh_61,Expansion and Modernization of Thengapattinam Fishing,fishing_harbour,48.43
loc_7465,Vesāva,fh_37,Modernisation of Sassoon Dock Fishing Harbour,fishing_harbour,24.46
loc_7465,Vesāva,fh_38,Karanja Fishing Harbour (Revised),fishing_harbour,29.42
loc_7465,Vesāva,fh_40,Construction of Fisheries Fishing Harbour at Jeevana,fishing_harbour,72.18
loc_7465,Vesāva,fh_44,Development of Fishing Harbour at Satpati,fishing_harbour,67.1
loc_7465,Vesāva,port_00,Mumbai Port,port,23.33
loc_7465,Vesāva,port_01,Jawaharlal Nehru Port (JNPT),port,25.66
loc_7470,Verlem,fh_20,Maintenance Dredging at Amadalli Fishing Harbour,fishing_harbour,41.63
loc_7470,Verlem,fh_21,Dredging work at Tadari Fishing Harbour,fishing_harbour,65.82
loc_7470,Verlem,port_04,Mormugao Port,port,62.97
loc_7471,Verla,fh_39,Anandwadi (Fishing Harbour),fishing_harbour,60.99
loc_7471,Verla,port_04,Mormugao Port,port,20.54
loc_7473,Verem,fh_39,Anandwadi (Fishing Harbour),fishing_harbour,71.22
loc_7473,Verem,port_04,Mormugao Port,port,11.23
loc_7474,Verem,fh_20,Maintenance Dredging at Amadalli Fishing Harbour,fishing_harbour,92.99
loc_7474,Verem,fh_39,Anandwadi (Fishing Harbour),fishing_harbour,88.18
loc_7474,Verem,port_04,Mormugao Port,port,23.64
loc_7475,Verdi,fh_39,Anandwadi (Fishing Harbour),fishing_harbour,78.55
loc_7475,Verdi,port_04,Mormugao Port,port,24.48
loc_7478,Vepery,fh_53,Modernization and up-gradation of Chennai Fishing Harbour,fishing_harbour,3.57
loc_7478,Vepery,fh_56,Construction of Fishing harbour at ThiruvottriyurKuppam,fishing_harbour,11.65
loc_7478,Vepery,port_05,Chennai Port,port,2.81
loc_7478,Vepery,port_11,Kamarajar Port,port,18.97
loc_7480,Vennikulam,fh_24,"Modernization and up-gradation of Cochin Fishing Harbour at Thoppumpady, Cochin",fishing_harbour,73.24
loc_7480,Vennikulam,fh_25,Expansion of Muthalapozhy Fishing Harbour,fishing_harbour,89.82
loc_7480,Vennikulam,fh_30,Maintenance dredging of existing harbor in Kayamkulam,fishing_harbour,30.54
loc_7480,Vennikulam,fh_35,Development of Arthungal Fishing Harbor (Balance work),fishing_harbour,48.2
loc_7480,Vennikulam,port_02,Cochin Port,port,76.7
loc_7483,Venkatāpuram,fh_01,Development of Pudimadaka Fishing Harbour,fishing_harbour,35.2
loc_7483,Venkatāpuram,fh_04,Modernization and up-gradation of Vishakapatnam Fishing Harbour,fishing_harbour,72.89
loc_7483,Venkatāpuram,fh_06,"Construction of Fishing Harbour, Uppada",fishing_harbour,56.85
loc_7483,Venkatāpuram,port_06,Visakhapatnam Port,port,72.57
loc_7488,Venkatachelam Chattram,fh_05,Juvvaladinne Fishing Harbour,fishing_harbour,54.32
loc_7489,Venjāramūdu,fh_25,Expansion of Muthalapozhy Fishing Harbour,fishing_harbour,16.71
loc_7489,Venjāramūdu,fh_30,Maintenance dredging of existing harbor in Kayamkulam,fishing_harbour,71.69
loc_7489,Venjāramūdu,fh_54,Maintenance Dredging of Colachel Fishing Harbour,fishing_harbour,66.85
loc_7489,Venjāramūdu,fh_61,Expansion and Modernization of Thengapattinam Fishing,fishing_harbour,51.56
loc_7492,Vengal,fh_53,Modernization and up-gradation of Chennai Fishing Harbour,fishing_harbour,35.94
loc_7492,Vengal,fh_56,Construction of Fishing harbour at ThiruvottriyurKuppam,fishing_harbour,35.52
loc_7492,Vengal,port_05,Chennai Port,port,35.63
loc_7492,Vengal,port_11,Kamarajar Port,port,35.43
loc_7493,Venādu,fh_53,Modernization and up-gradation of Chennai Fishing Harbour,fishing_harbour,63.97
loc_7493,Venādu,fh_56,Construction of Fishing harbour at ThiruvottriyurKuppam,fishing_harbour,56.66
loc_7493,Venādu,port_05,Chennai Port,port,64.34
loc_7493,Venādu,port_11,Kamarajar Port,port,50.03
loc_7495,Vempayam,fh_25,Expansion of Muthalapozhy Fishing Harbour,fishing_harbour,16.96
loc_7495,Vempayam,fh_30,Maintenance dredging of existing harbor in Kayamkulam,fishing_harbour,78.68
loc_7495,Vempayam,fh_54,Maintenance Dredging of Colachel Fishing Harbour,fishing_harbour,59.76
loc_7495,Vempayam,fh_61,Expansion and Modernization of Thengapattinam Fishing,fishing_harbour,44.38
loc_7497,Vembār,fh_62,Extension of T-Jetty at Tharuvaikulam,fishing_harbour,38.04
loc_7497,Vembār,port_10,V.O. Chidambaranar Port,port,40.5
loc_7500,Veluz,fh_20,Maintenance Dredging at Amadalli Fishing Harbour,fishing_harbour,97.79
loc_7500,Veluz,fh_39,Anandwadi (Fishing Harbour),fishing_harbour,92.24
loc_7500,Veluz,port_04,Mormugao Port,port,38.86
loc_7502,Velugam,fh_44,Development of Fishing Harbour at Satpati,fishing_harbour,55.86
loc_7505,Velneshvar,fh_36,Development of Mallet Bunder Fishing Harbour,fishing_harbour,44.12
loc_7505,Velneshvar,fh_41,Construction of Fisheries Fishing Harbour at Bharadkhol,fishing_harbour,86.1
loc_7505,Velneshvar,fh_42,Construction of Fisheries Fishing Harbour at Harnai,fishing_harbour,50.86
loc_7505,Velneshvar,fh_43,Construction of Fisheries Fishing Harbour at Sakhari Nate,fishing_harbour,44.27
loc_7508,Vellanād,fh_25,Expansion of Muthalapozhy Fishing Harbour,fishing_harbour,30.06
loc_7508,Vellanād,fh_30,Maintenance dredging of existing harbor in Kayamkulam,fishing_harbour,91.72
loc_7508,Vellanād,fh_54,Maintenance Dredging of Colachel Fishing Harbour,fishing_harbour,47.6
loc_7508,Vellanād,fh_61,Expansion and Modernization of Thengapattinam Fishing,fishing_harbour,32.99
loc_7510,Velinga,fh_20,Maintenance Dredging at Amadalli Fishing Harbour,fishing_harbour,90.49
loc_7510,Velinga,fh_39,Anandwadi (Fishing Harbour),fishing_harbour,88.56
loc_7510,Velinga,port_04,Mormugao Port,port,18.28
loc_7511,Velim,fh_20,Maintenance Dredging at Amadalli Fishing Harbour,fishing_harbour,63.95
loc_7511,Velim,fh_21,Dredging work at Tadari Fishing Harbour,fishing_harbour,91.0
loc_7511,Velim,port_04,Mormugao Port,port,32.87
loc_7512,Veli,fh_25,Expansion of Muthalapozhy Fishing Harbour,fishing_harbour,16.47
loc_7512,Veli,fh_30,Maintenance dredging of existing harbor in Kayamkulam,fishing_harbour,86.62
loc_7512,Veli,fh_54,Maintenance Dredging of Colachel Fishing Harbour,fishing_harbour,53.23
loc_7512,Veli,fh_61,Expansion and Modernization of Thengapattinam Fishing,fishing_harbour,37.6
loc_7513,Velguem,fh_20,Maintenance Dredging at Amadalli Fishing Harbour,fishing_harbour,95.55
loc_7513,Velguem,fh_39,Anandwadi (Fishing Harbour),fishing_harbour,88.07
loc_7513,Velguem,port_04,Mormugao Port,port,28.52
loc_7517,Velcao,fh_20,Maintenance Dredging at Amadalli Fishing Harbour,fishing_harbour,86.79
loc_7517,Velcao,fh_39,Anandwadi (Fishing Harbour),fishing_harbour,90.5
loc_7517,Velcao,port_04,Mormugao Port,port,10.74
loc_7520,Velan,fh_13,Development of Fishery harbour at Madhwad,fishing_harbour,47.93
loc_7520,Velan,fh_14,Development of Fishery Harbour at Veraval – Phase 2,fishing_harbour,51.62
loc_7520,Velan,fh_16,Development of Fishery Harbour at Sutrapada,fishing_harbour,38.13
loc_7520,Velan,fh_46,Development of Smart and Integrated Fishing Harbour at Vanakbara,fishing_harbour,17.09
loc_7521,Velampalle,fh_03,Development of Kothapatnam Fishing Harbour,fishing_harbour,29.14
loc_7521,Velampalle,fh_05,Juvvaladinne Fishing Harbour,fishing_harbour,93.42
loc_7521,Velampalle,fh_07,"Construction of Fishing Harbour, Vodarevu",fishing_harbour,19.49
loc_7521,Velampalle,fh_09,"Construction of Fishing Harbour, Nizampattinam",fishing_harbour,74.03
loc_7529,Vedhi Dhāmangaon,fh_37,Modernisation of Sassoon Dock Fishing Harbour,fishing_harbour,70.22
loc_7529,Vedhi Dhāmangaon,fh_38,Karanja Fishing Harbour (Revised),fishing_harbour,73.28
loc_7529,Vedhi Dhāmangaon,fh_44,Development of Fishing Harbour at Satpati,fishing_harbour,22.75
loc_7529,Vedhi Dhāmangaon,port_00,Mumbai Port,port,69.02
loc_7529,Vedhi Dhāmangaon,port_01,Jawaharlal Nehru Port (JNPT),port,68.97
loc_7541,Vavānīya,port_12,Deendayal Port,port,40.15
loc_7541,Vavānīya,port_13,Mundra Port,port,95.88
loc_7542,Vavāniā Bandar,port_12,Deendayal Port,port,34.16
loc_7542,Vavāniā Bandar,port_13,Mundra Port,port,90.43
loc_7543,Vatul,fh_36,Development of Mallet Bunder Fishing Harbour,fishing_harbour,41.91
loc_7543,Vatul,fh_39,Anandwadi (Fishing Harbour),fishing_harbour,78.03
loc_7544,Vattūrupallepālem,fh_03,Development of Kothapatnam Fishing Harbour,fishing_harbour,66.47
loc_7544,Vattūrupallepālem,fh_05,Juvvaladinne Fishing Harbour,fishing_harbour,6.77
loc_7544,Vattūrupallepālem,fh_07,"Construction of Fishing Harbour, Vodarevu",fishing_harbour,78.27
loc_7550,Vāsona,fh_44,Development of Fishing Harbour at Satpati,fishing_harbour,64.76
loc_7551,Vāshi,fh_37,Modernisation of Sassoon Dock Fishing Harbour,fishing_harbour,29.22
loc_7551,Vāshi,fh_38,Karanja Fishing Harbour (Revised),fishing_harbour,20.24
loc_7551,Vāshi,fh_40,Construction of Fisheries Fishing Harbour at Jeevana,fishing_harbour,30.21
loc_7551,Vāshi,fh_41,Construction of Fisheries Fishing Harbour at Bharadkhol,fishing_harbour,73.43
loc_7551,Vāshi,port_00,Mumbai Port,port,28.85
loc_7551,Vāshi,port_01,Jawaharlal Nehru Port (JNPT),port,24.24
loc_7552,Vasavasamudram,fh_49,Construction of Fishing Harbour at Thengaithittu,fishing_harbour,75.4
loc_7552,Vasavasamudram,fh_50,Upgradation of Puducherry Fishing Harbour,fishing_harbour,71.93
loc_7552,Vasavasamudram,fh_53,Modernization and up-gradation of Chennai Fishing Harbour,fishing_harbour,67.4
loc_7552,Vasavasamudram,fh_56,Construction of Fishing harbour at ThiruvottriyurKuppam,fishing_harbour,76.85
loc_7552,Vasavasamudram,fh_57,Development of existing Fishing Harbour at Mudhunagar,fishing_harbour,96.28
loc_7552,Vasavasamudram,fh_59,Construction of Fishing harbour at Azhagankuppam,fishing_harbour,57.58
loc_7552,Vasavasamudram,port_05,Chennai Port,port,66.63
loc_7552,Vasavasamudram,port_11,Kamarajar Port,port,84.63
loc_7555,Vasai,fh_37,Modernisation of Sassoon Dock Fishing Harbour,fishing_harbour,49.14
loc_7555,Vasai,fh_38,Karanja Fishing Harbour (Revised),fishing_harbour,52.68
loc_7555,Vasai,fh_40,Construction of Fisheries Fishing Harbour at Jeevana,fishing_harbour,96.75
loc_7555,Vasai,fh_44,Development of Fishing Harbour at Satpati,fishing_harbour,42.81
loc_7555,Vasai,port_00,Mumbai Port,port,47.95
loc_7555,Vasai,port_01,Jawaharlal Nehru Port (JNPT),port,48.46
loc_7569,Varconda,fh_39,Anandwadi (Fishing Harbour),fishing_harbour,55.79
loc_7569,Varconda,port_04,Mormugao Port,port,32.47
loc_7575,Varadayyapālaiyam,fh_53,Modernization and up-gradation of Chennai Fishing Harbour,fishing_harbour,69.11
loc_7575,Varadayyapālaiyam,fh_56,Construction of Fishing harbour at ThiruvottriyurKuppam,fishing_harbour,64.17
loc_7575,Varadayyapālaiyam,port_05,Chennai Port,port,69.2
loc_7575,Varadayyapālaiyam,port_11,Kamarajar Port,port,59.41
loc_7578,Vanyagana,fh_36,Development of Mallet Bunder Fishing Harbour,fishing_harbour,20.58
loc_7578,Vanyagana,fh_42,Construction of Fisheries Fishing Harbour at Harnai,fishing_harbour,97.02
loc_7578,Vanyagana,fh_43,Construction of Fisheries Fishing Harbour at Sakhari Nate,fishing_harbour,89.74
loc_7579,Vanur,fh_49,Construction of Fishing Harbour at Thengaithittu,fishing_harbour,17.1
loc_7579,Vanur,fh_50,Upgradation of Puducherry Fishing Harbour,fishing_harbour,15.18
loc_7579,Vanur,fh_52,Up-gradation of Pazhayar Fishing Harbour,fishing_harbour,76.28
loc_7579,Vanur,fh_57,Development of existing Fishing Harbour at Mudhunagar,fishing_harbour,34.36
loc_7579,Vanur,fh_59,Construction of Fishing harbour at Azhagankuppam,fishing_harbour,16.2
loc_7580,Vantem,fh_20,Maintenance Dredging at Amadalli Fishing Harbour,fishing_harbour,90.67
loc_7580,Vantem,fh_39,Anandwadi (Fishing Harbour),fishing_harbour,94.33
loc_7580,Vantem,port_04,Mormugao Port,port,32.33
loc_7586,Vanked,fh_36,Development of Mallet Bunder Fishing Harbour,fishing_harbour,37.37
loc_7586,Vanked,fh_39,Anandwadi (Fishing Harbour),fishing_harbour,81.48
loc_7587,Vankas,fh_44,Development of Fishing Harbour at Satpati,fishing_harbour,44.02
loc_7598,Vāngaon,fh_44,Development of Fishing Harbour at Satpati,fishing_harbour,18.42
loc_7599,Vandsē,fh_17,Modernisation and Upgradation of Mangalore Fishing Harbour,fishing_harbour,89.29
loc_7599,Vandsē,fh_18,Modernisation of Malpe Fishing Harbour,fishing_harbour,39.48
loc_7599,Vandsē,fh_19,Modernisation of Gangoli Fishing Harbour,fishing_harbour,10.07
loc_7599,Vandsē,fh_21,Dredging work at Tadari Fishing Harbour,fishing_harbour,93.17
loc_7599,Vandsē,fh_22,Kulai Fishing Harbour,fishing_harbour,82.49
loc_7599,Vandsē,fh_23,Hejmadi Kodi Fishing Harbour,fishing_harbour,66.84
loc_7599,Vandsē,port_03,New Mangalore Port,port,86.05
loc_7610,Valudāvūr,fh_49,Construction of Fishing Harbour at Thengaithittu,fishing_harbour,15.94
loc_7610,Valudāvūr,fh_50,Upgradation of Puducherry Fishing Harbour,fishing_harbour,15.37
loc_7610,Valudāvūr,fh_52,Up-gradation of Pazhayar Fishing Harbour,fishing_harbour,71.7
loc_7610,Valudāvūr,fh_57,Development of existing Fishing Harbour at Mudhunagar,fishing_harbour,29.65
loc_7610,Valudāvūr,fh_59,Construction of Fishing harbour at Azhagankuppam,fishing_harbour,21.27
loc_7616,Vallikunnu,fh_27,Upgradation and modernization of Harbour in Ponnani,fishing_harbour,41.76
loc_7616,Vallikunnu,fh_28,Upgradation and modernization of Harbour in Puthiyappa,fishing_harbour,23.12
loc_7616,Vallikunnu,fh_29,Upgradation and modernization of Harbour in Koyilandy,fishing_harbour,37.07
loc_7616,Vallikunnu,fh_31,Maintenance dredging of existing harbor in Chettuva,fishing_harbour,83.09
loc_7616,Vallikunnu,fh_32,Maintenance dredging of existing harbor in Ponnani,fishing_harbour,41.76
loc_7616,Vallikunnu,fh_33,Maintenance dredging of existing harbor in Beypore,fishing_harbour,4.81
loc_7616,Vallikunnu,fh_34,Maintenance dredging of existing harbor in Puthiyappa,fishing_harbour,23.12
loc_7618,Vallanādu Kasbā,fh_54,Maintenance Dredging of Colachel Fishing Harbour,fishing_harbour,89.2
loc_7618,Vallanādu Kasbā,fh_61,Expansion and Modernization of Thengapattinam Fishing,fishing_harbour,91.2
loc_7618,Vallanādu Kasbā,fh_62,Extension of T-Jetty at Tharuvaikulam,fishing_harbour,33.75
loc_7618,Vallanādu Kasbā,port_10,V.O. Chidambaranar Port,port,37.61
loc_7621,Valiyora,fh_27,Upgradation and modernization of Harbour in Ponnani,fishing_harbour,29.32
loc_7621,Valiyora,fh_28,Upgradation and modernization of Harbour in Puthiyappa,fishing_harbour,37.25
loc_7621,Valiyora,fh_29,Upgradation and modernization of Harbour in Koyilandy,fishing_harbour,51.02
loc_7621,Valiyora,fh_31,Maintenance dredging of existing harbor in Chettuva,fishing_harbour,69.97
loc_7621,Valiyora,fh_32,Maintenance dredging of existing harbor in Ponnani,fishing_harbour,29.32
loc_7621,Valiyora,fh_33,Maintenance dredging of existing harbor in Beypore,fishing_harbour,19.14
loc_7621,Valiyora,fh_34,Maintenance dredging of existing harbor in Puthiyappa,fishing_harbour,37.25
loc_7622,Valinokkam,fh_62,Extension of T-Jetty at Tharuvaikulam,fishing_harbour,67.42
loc_7622,Valinokkam,port_10,V.O. Chidambaranar Port,port,67.24
loc_7626,Vālāval,fh_39,Anandwadi (Fishing Harbour),fishing_harbour,16.51
loc_7626,Vālāval,port_04,Mormugao Port,port,69.23
loc_7634,Valap,fh_37,Modernisation of Sassoon Dock Fishing Harbour,fishing_harbour,35.29
loc_7634,Valap,fh_38,Karanja Fishing Harbour (Revised),fishing_harbour,25.25
loc_7634,Valap,fh_40,Construction of Fisheries Fishing Harbour at Jeevana,fishing_harbour,65.57
loc_7634,Valap,fh_44,Development of Fishing Harbour at Satpati,fishing_harbour,88.54
loc_7634,Valap,port_00,Mumbai Port,port,33.13
loc_7634,Valap,port_01,Jawaharlal Nehru Port (JNPT),port,22.6
loc_7635,Valāncheri,fh_27,Upgradation and modernization of Harbour in Ponnani,fishing_harbour,20.56
loc_7635,Valāncheri,fh_28,Upgradation and modernization of Harbour in Puthiyappa,fishing_harbour,61.19
loc_7635,Valāncheri,fh_29,Upgradation and modernization of Harbour in Koyilandy,fishing_harbour,74.59
loc_7635,Valāncheri,fh_31,Maintenance dredging of existing harbor in Chettuva,fishing_harbour,51.43
loc_7635,Valāncheri,fh_32,Maintenance dredging of existing harbor in Ponnani,fishing_harbour,20.56
loc_7635,Valāncheri,fh_33,Maintenance dredging of existing harbor in Beypore,fishing_harbour,43.49
loc_7635,Valāncheri,fh_34,Maintenance dredging of existing harbor in Puthiyappa,fishing_harbour,61.19
loc_7638,Vālakkād,fh_27,Upgradation and modernization of Harbour in Ponnani,fishing_harbour,53.0
loc_7638,Vālakkād,fh_28,Upgradation and modernization of Harbour in Puthiyappa,fishing_harbour,24.87
loc_7638,Vālakkād,fh_29,Upgradation and modernization of Harbour in Koyilandy,fishing_harbour,35.2
loc_7638,Vālakkād,fh_31,Maintenance dredging of existing harbor in Chettuva,fishing_harbour,92.56
loc_7638,Vālakkād,fh_32,Maintenance dredging of existing harbor in Ponnani,fishing_harbour,53.0
loc_7638,Vālakkād,fh_33,Maintenance dredging of existing harbor in Beypore,fishing_harbour,17.95
loc_7638,Vālakkād,fh_34,Maintenance dredging of existing harbor in Puthiyappa,fishing_harbour,24.87
loc_7646,Vākalapūdi,fh_01,Development of Pudimadaka Fishing Harbour,fishing_harbour,89.27
loc_7646,Vākalapūdi,fh_06,"Construction of Fishing Harbour, Uppada",fishing_harbour,9.27
loc_7654,Vajapūr,fh_37,Modernisation of Sassoon Dock Fishing Harbour,fishing_harbour,41.62
loc_7654,Vajapūr,fh_38,Karanja Fishing Harbour (Revised),fishing_harbour,29.78
loc_7654,Vajapūr,fh_40,Construction of Fisheries Fishing Harbour at Jeevana,fishing_harbour,63.26
loc_7654,Vajapūr,fh_44,Development of Fishing Harbour at Satpati,fishing_harbour,98.78
loc_7654,Vajapūr,port_00,Mumbai Port,port,39.64
loc_7654,Vajapūr,port_01,Jawaharlal Nehru Port (JNPT),port,28.59
loc_7655,Vaishet,fh_37,Modernisation of Sassoon Dock Fishing Harbour,fishing_harbour,25.61
loc_7655,Vaishet,fh_38,Karanja Fishing Harbour (Revised),fishing_harbour,24.89
loc_7655,Vaishet,fh_40,Construction of Fisheries Fishing Harbour at Jeevana,fishing_harbour,22.26
loc_7655,Vaishet,fh_41,Construction of Fisheries Fishing Harbour at Bharadkhol,fishing_harbour,66.3
loc_7655,Vaishet,fh_42,Construction of Fisheries Fishing Harbour at Harnai,fishing_harbour,99.74
loc_7655,Vaishet,port_00,Mumbai Port,port,26.63
loc_7655,Vaishet,port_01,Jawaharlal Nehru Port (JNPT),port,29.18
loc_7660,Vainguinim,fh_39,Anandwadi (Fishing Harbour),fishing_harbour,72.24
loc_7660,Vainguinim,port_04,Mormugao Port,port,21.17
loc_7672,Vagda,fh_36,Development of Mallet Bunder Fishing Harbour,fishing_harbour,94.02
loc_7672,Vagda,fh_39,Anandwadi (Fishing Harbour),fishing_harbour,32.53
loc_7672,Vagda,port_04,Mormugao Port,port,93.03
loc_7687,Vaddem,fh_20,Maintenance Dredging at Amadalli Fishing Harbour,fishing_harbour,94.61
loc_7687,Vaddem,fh_39,Anandwadi (Fishing Harbour),fishing_harbour,82.77
loc_7687,Vaddem,port_04,Mormugao Port,port,2.56
loc_7690,Vadarevu,fh_03,Development of Kothapatnam Fishing Harbour,fishing_harbour,46.28
loc_7690,Vadarevu,fh_07,"Construction of Fishing Harbour, Vodarevu",fishing_harbour,37.76
loc_7690,Vadarevu,fh_08,"Construction of Fishing Harbour, Machilipattinam",fishing_harbour,87.78
loc_7690,Vadarevu,fh_09,"Construction of Fishing Harbour, Nizampattinam",fishing_harbour,27.93
loc_7700,Vadāchāpat,fh_36,Development of Mallet Bunder Fishing Harbour,fishing_harbour,96.77
loc_7700,Vadāchāpat,fh_39,Anandwadi (Fishing Harbour),fishing_harbour,15.06
loc_7700,Vadāchāpat,port_04,Mormugao Port,port,87.06
loc_7701,Vād,fh_46,Development of Smart and Integrated Fishing Harbour at Vanakbara,fishing_harbour,55.81
loc_7705,Vūtukūru,fh_03,Development of Kothapatnam Fishing Harbour,fishing_harbour,96.01
loc_7705,Vūtukūru,fh_05,Juvvaladinne Fishing Harbour,fishing_harbour,26.63
loc_7710,Ūttukūru,fh_03,Development of Kothapatnam Fishing Harbour,fishing_harbour,97.2
loc_7710,Ūttukūru,fh_05,Juvvaladinne Fishing Harbour,fishing_harbour,28.09
loc_7715,Uttarakosamangai,fh_62,Extension of T-Jetty at Tharuvaikulam,fishing_harbour,85.84
loc_7715,Uttarakosamangai,port_10,V.O. Chidambaranar Port,port,86.36
loc_7719,Utorda,fh_20,Maintenance Dredging at Amadalli Fishing Harbour,fishing_harbour,83.02
loc_7719,Utorda,fh_39,Anandwadi (Fishing Harbour),fishing_harbour,94.29
loc_7719,Utorda,port_04,Mormugao Port,port,14.72
loc_7723,Utan,fh_37,Modernisation of Sassoon Dock Fishing Harbour,fishing_harbour,38.87
loc_7723,Utan,fh_38,Karanja Fishing Harbour (Revised),fishing_harbour,42.57
loc_7723,Utan,fh_40,Construction of Fisheries Fishing Harbour at Jeevana,fishing_harbour,86.45
loc_7723,Utan,fh_44,Development of Fishing Harbour at Satpati,fishing_harbour,53.02
loc_7723,Utan,port_00,Mumbai Port,port,37.66
loc_7723,Utan,port_01,Jawaharlal Nehru Port (JNPT),port,38.42
loc_7734,Usarni,fh_37,Modernisation of Sassoon Dock Fishing Harbour,fishing_harbour,74.21
loc_7734,Usarni,fh_38,Karanja Fishing Harbour (Revised),fishing_harbour,78.26
loc_7734,Usarni,fh_44,Development of Fishing Harbour at Satpati,fishing_harbour,17.26
loc_7734,Usarni,port_00,Mumbai Port,port,73.17
loc_7734,Usarni,port_01,Jawaharlal Nehru Port (JNPT),port,74.05
loc_7758,Uppugunduru,fh_03,Development of Kothapatnam Fishing Harbour,fishing_harbour,25.69
loc_7758,Uppugunduru,fh_05,Juvvaladinne Fishing Harbour,fishing_harbour,97.59
loc_7758,Uppugunduru,fh_07,"Construction of Fishing Harbour, Vodarevu",fishing_harbour,13.35
loc_7758,Uppugunduru,fh_09,"Construction of Fishing Harbour, Nizampattinam",fishing_harbour,57.49
loc_7762,Uppalaguptam,fh_06,"Construction of Fishing Harbour, Uppada",fishing_harbour,64.01
loc_7766,Uppāda,fh_01,Development of Pudimadaka Fishing Harbour,fishing_harbour,80.63
loc_7766,Uppāda,fh_06,"Construction of Fishing Harbour, Uppada",fishing_harbour,0.8
loc_7783,Undi,fh_08,"Construction of Fishing Harbour, Machilipattinam",fishing_harbour,57.34
loc_7804,Umri,fh_11,3rd Stage of Mangarol Fishing Harbour,fishing_harbour,81.61
loc_7804,Umri,fh_13,Development of Fishery harbour at Madhwad,fishing_harbour,12.41
loc_7804,Umri,fh_14,Development of Fishery Harbour at Veraval – Phase 2,fishing_harbour,16.68
loc_7804,Umri,fh_16,Development of Fishery Harbour at Sutrapada,fishing_harbour,8.81
loc_7804,Umri,fh_46,Development of Smart and Integrated Fishing Harbour at Vanakbara,fishing_harbour,51.96
loc_7821,Umia,fh_10,Development of Smart and Integrated Fishing Harbour at Jakhau,fishing_harbour,50.62
loc_7823,Umele,fh_37,Modernisation of Sassoon Dock Fishing Harbour,fishing_harbour,48.83
loc_7823,Umele,fh_38,Karanja Fishing Harbour (Revised),fishing_harbour,51.3
loc_7823,Umele,fh_40,Construction of Fisheries Fishing Harbour at Jeevana,fishing_harbour,96.02
loc_7823,Umele,fh_44,Development of Fishing Harbour at Satpati,fishing_harbour,44.44
loc_7823,Umele,port_00,Mumbai Port,port,47.48
loc_7823,Umele,port_01,Jawaharlal Nehru Port (JNPT),port,46.99
loc_7836,Umberpāda,fh_37,Modernisation of Sassoon Dock Fishing Harbour,fishing_harbour,66.97
loc_7836,Umberpāda,fh_38,Karanja Fishing Harbour (Revised),fishing_harbour,64.27
loc_7836,Umberpāda,fh_44,Development of Fishing Harbour at Satpati,fishing_harbour,50.21
loc_7836,Umberpāda,port_00,Mumbai Port,port,65.05
loc_7836,Umberpāda,port_01,Jawaharlal Nehru Port (JNPT),port,59.92
loc_7837,Umbarkoi,fh_44,Development of Fishing Harbour at Satpati,fishing_harbour,69.68
loc_7839,Umarsādi,fh_44,Development of Fishing Harbour at Satpati,fishing_harbour,89.9
loc_7861,Ullapālem,fh_03,Development of Kothapatnam Fishing Harbour,fishing_harbour,25.92
loc_7861,Ullapālem,fh_05,Juvvaladinne Fishing Harbour,fishing_harbour,48.64
loc_7861,Ullapālem,fh_07,"Construction of Fishing Harbour, Vodarevu",fishing_harbour,36.38
loc_7861,Ullapālem,fh_09,"Construction of Fishing Harbour, Nizampattinam",fishing_harbour,96.33
loc_7866,Ulavapād,fh_03,Development of Kothapatnam Fishing Harbour,fishing_harbour,36.85
loc_7866,Ulavapād,fh_05,Juvvaladinne Fishing Harbour,fishing_harbour,41.16
loc_7866,Ulavapād,fh_07,"Construction of Fishing Harbour, Vodarevu",fishing_harbour,46.55
loc_7868,Ukshi,fh_36,Development of Mallet Bunder Fishing Harbour,fishing_harbour,20.8
loc_7868,Ukshi,fh_42,Construction of Fisheries Fishing Harbour at Harnai,fishing_harbour,87.21
loc_7868,Ukshi,fh_43,Construction of Fisheries Fishing Harbour at Sakhari Nate,fishing_harbour,79.93
loc_7871,Uker,fh_10,Development of Smart and Integrated Fishing Harbour at Jakhau,fishing_harbour,18.96
loc_7882,Uguem,fh_39,Anandwadi (Fishing Harbour),fishing_harbour,51.94
loc_7882,Uguem,port_04,Mormugao Port,port,38.01
loc_7883,Uguem,fh_20,Maintenance Dredging at Amadalli Fishing Harbour,fishing_harbour,61.99
loc_7883,Uguem,fh_21,Dredging work at Tadari Fishing Harbour,fishing_harbour,87.02
loc_7883,Uguem,port_04,Mormugao Port,port,44.37
loc_7890,Udvāda,fh_44,Development of Fishing Harbour at Satpati,fishing_harbour,86.28
loc_7891,Udva,fh_44,Development of Fishing Harbour at Satpati,fishing_harbour,51.6
loc_7925,Ucassaim,fh_39,Anandwadi (Fishing Harbour),fishing_harbour,65.34
loc_7925,Ucassaim,port_04,Mormugao Port,port,19.77
loc_7930,Thyagaraya Nagar,fh_53,Modernization and up-gradation of Chennai Fishing Harbour,fishing_harbour,8.59
loc_7930,Thyagaraya Nagar,fh_56,Construction of Fishing harbour at ThiruvottriyurKuppam,fishing_harbour,17.49
loc_7930,Thyagaraya Nagar,port_05,Chennai Port,port,7.66
loc_7930,Thyagaraya Nagar,port_11,Kamarajar Port,port,24.79
